ISO-10303-21;
HEADER;
/* Generated by software containing ST-Developer
 * from STEP Tools, Inc. (www.steptools.com) 
 */
/* OPTION: using custom renumber hook */

FILE_DESCRIPTION(
/* description */ ('STEP AP214'),
/* implementation_level */ '2;1');

FILE_NAME(
/* name */ 'CS-4-13NTA',
/* time_stamp */ '2024-12-30T00:15:33+01:00',
/* author */ ('License CC BY-ND 4.0'),
/* organization */ ('CADENAS'),
/* preprocessor_version */ 'ST-DEVELOPER v19.3',
/* originating_system */ 'PARTsolutions',
/* authorisation */ '  ');

FILE_SCHEMA (('AUTOMOTIVE_DESIGN {1 0 10303 214 3 1 1}'));
ENDSEC;

DATA;
#10=PROPERTY_DEFINITION_REPRESENTATION(#14,#12);
#11=PROPERTY_DEFINITION_REPRESENTATION(#15,#13);
#12=REPRESENTATION('',(#16),#9908);
#13=REPRESENTATION('',(#17),#9908);
#14=PROPERTY_DEFINITION('pmi validation property','',#9917);
#15=PROPERTY_DEFINITION('pmi validation property','',#9917);
#16=VALUE_REPRESENTATION_ITEM('number of annotations',COUNT_MEASURE(0.));
#17=VALUE_REPRESENTATION_ITEM('number of views',COUNT_MEASURE(0.));
#18=CONTEXT_DEPENDENT_SHAPE_REPRESENTATION(#22,#9919);
#19=CONTEXT_DEPENDENT_SHAPE_REPRESENTATION(#23,#9921);
#20=NEXT_ASSEMBLY_USAGE_OCCURRENCE('NAUO1','CS-4-13NA Body',
'CS-4-13NA Body',#9922,#9923,'');
#21=NEXT_ASSEMBLY_USAGE_OCCURRENCE('NAUO2','CS-4-13NA7 Dial',
'CS-4-13NA7 Dial',#9922,#9924,'');
#22=(
REPRESENTATION_RELATIONSHIP(' ',' ',#6495,#6494)
REPRESENTATION_RELATIONSHIP_WITH_TRANSFORMATION(#24)
SHAPE_REPRESENTATION_RELATIONSHIP()
);
#23=(
REPRESENTATION_RELATIONSHIP(' ',' ',#6496,#6494)
REPRESENTATION_RELATIONSHIP_WITH_TRANSFORMATION(#25)
SHAPE_REPRESENTATION_RELATIONSHIP()
);
#24=ITEM_DEFINED_TRANSFORMATION(' ',' ',#6497,#6874);
#25=ITEM_DEFINED_TRANSFORMATION(' ',' ',#6497,#6939);
#26=SHAPE_REPRESENTATION_RELATIONSHIP('','',#6495,#28);
#27=SHAPE_REPRESENTATION_RELATIONSHIP('','',#6496,#29);
#28=ADVANCED_BREP_SHAPE_REPRESENTATION('',(#6489),#9909);
#29=ADVANCED_BREP_SHAPE_REPRESENTATION('',(#6490),#9910);
#30=TOROIDAL_SURFACE('',#6703,0.0999999999999998,0.0999999999999994);
#31=TOROIDAL_SURFACE('',#6705,0.0999999999999998,0.0999999999999994);
#32=TOROIDAL_SURFACE('',#6878,1.12,0.0300000000000001);
#33=TOROIDAL_SURFACE('',#6924,1.12,0.0300000000000001);
#34=DEGENERATE_TOROIDAL_SURFACE('',#6702,0.099999999999999,0.0999999999999998,
 .T.);
#35=DEGENERATE_TOROIDAL_SURFACE('',#6704,0.099999999999999,0.0999999999999998,
 .T.);
#36=ELLIPSE('',#6585,0.103077640640442,0.1);
#37=ELLIPSE('',#6586,0.103077640640442,0.100000000000001);
#38=ELLIPSE('',#6588,0.907083237635891,0.220000000000004);
#39=ELLIPSE('',#6589,0.103077640640442,0.1);
#40=ELLIPSE('',#6590,0.103077640640442,0.100000000000001);
#41=ELLIPSE('',#6591,0.907083237635894,0.220000000000004);
#42=ELLIPSE('',#6593,0.282842712474619,0.2);
#43=ELLIPSE('',#6596,0.282842712474619,0.2);
#44=ELLIPSE('',#6599,0.282842712474619,0.2);
#45=ELLIPSE('',#6602,0.282842712474619,0.2);
#46=ELLIPSE('',#6884,1.62634559672906,1.15);
#47=ELLIPSE('',#6886,1.62634559672906,1.15);
#48=ELLIPSE('',#6903,2.1920310216783,1.55);
#49=ELLIPSE('',#6905,2.1920310216783,1.55);
#50=ELLIPSE('',#6907,2.1920310216783,1.55);
#51=ELLIPSE('',#6909,2.1920310216783,1.55);
#52=ELLIPSE('',#6913,2.1920310216783,1.55);
#53=ELLIPSE('',#6915,2.1920310216783,1.55);
#54=ELLIPSE('',#6917,1.62634559672906,1.15);
#55=ELLIPSE('',#6918,2.1920310216783,1.55);
#56=ELLIPSE('',#6920,1.62634559672906,1.15);
#57=ELLIPSE('',#6921,2.1920310216783,1.55);
#58=B_SPLINE_CURVE_WITH_KNOTS('',3,(#8476,#8477,#8478,#8479),
 .UNSPECIFIED.,.F.,.F.,(4,4),(0.000218956775014157,0.000242917822711314),
 .UNSPECIFIED.);
#59=B_SPLINE_CURVE_WITH_KNOTS('',3,(#8492,#8493,#8494,#8495),
 .UNSPECIFIED.,.F.,.F.,(4,4),(0.00021895677501416,0.000242917822711314),
 .UNSPECIFIED.);
#60=B_SPLINE_CURVE_WITH_KNOTS('',3,(#8552,#8553,#8554,#8555),
 .UNSPECIFIED.,.F.,.F.,(4,4),(0.000218956775014165,0.000242917822711314),
 .UNSPECIFIED.);
#61=B_SPLINE_CURVE_WITH_KNOTS('',3,(#8558,#8559,#8560,#8561),
 .UNSPECIFIED.,.F.,.F.,(4,4),(0.000218956775013865,0.000242917822711314),
 .UNSPECIFIED.);
#62=B_SPLINE_CURVE_WITH_KNOTS('',3,(#8566,#8567,#8568,#8569),
 .UNSPECIFIED.,.F.,.F.,(4,4),(0.000218956775014152,0.000242917822711313),
 .UNSPECIFIED.);
#63=B_SPLINE_CURVE_WITH_KNOTS('',3,(#8576,#8577,#8578,#8579),
 .UNSPECIFIED.,.F.,.F.,(4,4),(0.000218956775013229,0.000242917822711314),
 .UNSPECIFIED.);
#64=B_SPLINE_CURVE_WITH_KNOTS('',3,(#8632,#8633,#8634,#8635),
 .UNSPECIFIED.,.F.,.F.,(4,4),(0.000218956775014161,0.000242917822711314),
 .UNSPECIFIED.);
#65=B_SPLINE_CURVE_WITH_KNOTS('',3,(#8643,#8644,#8645,#8646),
 .UNSPECIFIED.,.F.,.F.,(4,4),(0.000218956775014167,0.000242917822711314),
 .UNSPECIFIED.);
#66=B_SPLINE_CURVE_WITH_KNOTS('',3,(#8784,#8785,#8786,#8787,#8788),
 .UNSPECIFIED.,.F.,.F.,(4,1,4),(7.29825922885964E-20,0.000184117157749197,
0.000368234315498393),.UNSPECIFIED.);
#67=B_SPLINE_CURVE_WITH_KNOTS('',3,(#8793,#8794,#8795,#8796,#8797),
 .UNSPECIFIED.,.F.,.F.,(4,1,4),(9.86638869736393E-20,0.000184052887082516,
0.000368105774165032),.UNSPECIFIED.);
#68=B_SPLINE_CURVE_WITH_KNOTS('',3,(#8801,#8802,#8803,#8804,#8805),
 .UNSPECIFIED.,.F.,.F.,(4,1,4),(0.,0.000346910652413128,0.000693821304826256),
 .UNSPECIFIED.);
#69=B_SPLINE_CURVE_WITH_KNOTS('',3,(#8806,#8807,#8808,#8809,#8810),
 .UNSPECIFIED.,.F.,.F.,(4,1,4),(0.,0.000347447996151021,0.000694895992302042),
 .UNSPECIFIED.);
#70=B_SPLINE_CURVE_WITH_KNOTS('',3,(#8812,#8813,#8814,#8815,#8816),
 .UNSPECIFIED.,.F.,.F.,(4,1,4),(7.29825922885964E-20,0.000184117157749196,
0.000368234315498393),.UNSPECIFIED.);
#71=B_SPLINE_CURVE_WITH_KNOTS('',3,(#8821,#8822,#8823,#8824,#8825),
 .UNSPECIFIED.,.F.,.F.,(4,1,4),(9.86638869736393E-20,0.000184052887082516,
0.000368105774165032),.UNSPECIFIED.);
#72=B_SPLINE_CURVE_WITH_KNOTS('',3,(#8829,#8830,#8831,#8832,#8833),
 .UNSPECIFIED.,.F.,.F.,(4,1,4),(0.,0.000346910652413128,0.000693821304826255),
 .UNSPECIFIED.);
#73=B_SPLINE_CURVE_WITH_KNOTS('',3,(#8834,#8835,#8836,#8837,#8838),
 .UNSPECIFIED.,.F.,.F.,(4,1,4),(0.,0.000347447996151021,0.000694895992302042),
 .UNSPECIFIED.);
#74=B_SPLINE_CURVE_WITH_KNOTS('',3,(#8840,#8841,#8842,#8843),
 .UNSPECIFIED.,.F.,.F.,(4,4),(1.35525271560688E-20,0.000129200971522541),
 .UNSPECIFIED.);
#75=B_SPLINE_CURVE_WITH_KNOTS('',3,(#8844,#8845,#8846,#8847),
 .UNSPECIFIED.,.F.,.F.,(4,4),(2.85133218896059E-20,0.000129203102036593),
 .UNSPECIFIED.);
#76=B_SPLINE_CURVE_WITH_KNOTS('',3,(#8848,#8849,#8850,#8851),
 .UNSPECIFIED.,.F.,.F.,(4,4),(1.35525271560688E-20,0.000129200971522541),
 .UNSPECIFIED.);
#77=B_SPLINE_CURVE_WITH_KNOTS('',3,(#8852,#8853,#8854,#8855),
 .UNSPECIFIED.,.F.,.F.,(4,4),(2.85133218896059E-20,0.000129203102036593),
 .UNSPECIFIED.);
#78=B_SPLINE_CURVE_WITH_KNOTS('',3,(#8857,#8858,#8859,#8860),
 .UNSPECIFIED.,.F.,.F.,(4,4),(2.85427807171372E-20,0.000128898556577171),
 .UNSPECIFIED.);
#79=B_SPLINE_CURVE_WITH_KNOTS('',3,(#8863,#8864,#8865,#8866),
 .UNSPECIFIED.,.F.,.F.,(4,4),(1.35525271560688E-20,0.000128897080628996),
 .UNSPECIFIED.);
#80=B_SPLINE_CURVE_WITH_KNOTS('',3,(#8868,#8869,#8870,#8871),
 .UNSPECIFIED.,.F.,.F.,(4,4),(1.35525271560688E-20,0.000128897080628996),
 .UNSPECIFIED.);
#81=B_SPLINE_CURVE_WITH_KNOTS('',3,(#8872,#8873,#8874,#8875),
 .UNSPECIFIED.,.F.,.F.,(4,4),(0.,0.000128898556577171),.UNSPECIFIED.);
#82=B_SPLINE_CURVE_WITH_KNOTS('',3,(#8941,#8942,#8943,#8944,#8945),
 .UNSPECIFIED.,.F.,.F.,(4,1,4),(2.35623418140306E-7,0.000156336131657136,
0.000312436639896131),.UNSPECIFIED.);
#83=B_SPLINE_CURVE_WITH_KNOTS('',3,(#8948,#8949,#8950,#8951,#8952),
 .UNSPECIFIED.,.F.,.F.,(4,1,4),(2.35623419054741E-7,0.000156336131657707,
0.000312436639896358),.UNSPECIFIED.);
#84=B_SPLINE_CURVE_WITH_KNOTS('',3,(#8954,#8955,#8956,#8957,#8958),
 .UNSPECIFIED.,.F.,.F.,(4,1,4),(2.35623418140306E-7,0.000156336131657245,
0.000312436639896351),.UNSPECIFIED.);
#85=B_SPLINE_CURVE_WITH_KNOTS('',3,(#8962,#8963,#8964,#8965,#8966),
 .UNSPECIFIED.,.F.,.F.,(4,1,4),(2.35623418138885E-7,0.000156336131657246,
0.000312436639896353),.UNSPECIFIED.);
#86=B_SPLINE_CURVE_WITH_KNOTS('',3,(#8970,#8971,#8972,#8973),
 .UNSPECIFIED.,.F.,.F.,(4,4),(0.000196662841889064,0.000242917822711314),
 .UNSPECIFIED.);
#87=B_SPLINE_CURVE_WITH_KNOTS('',3,(#8977,#8978,#8979,#8980),
 .UNSPECIFIED.,.F.,.F.,(4,4),(0.000196662841889065,0.000242917822711314),
 .UNSPECIFIED.);
#88=B_SPLINE_CURVE_WITH_KNOTS('',3,(#9106,#9107,#9108,#9109,#9110),
 .UNSPECIFIED.,.F.,.F.,(4,1,4),(0.,0.000176014058948209,0.000352028117896419),
 .UNSPECIFIED.);
#89=B_SPLINE_CURVE_WITH_KNOTS('',3,(#9114,#9115,#9116,#9117,#9118),
 .UNSPECIFIED.,.F.,.F.,(4,1,4),(0.,0.000176014058948209,0.000352028117896419),
 .UNSPECIFIED.);
#90=B_SPLINE_CURVE_WITH_KNOTS('',3,(#9130,#9131,#9132,#9133,#9134),
 .UNSPECIFIED.,.F.,.F.,(4,1,4),(2.71050543121376E-20,0.00017601405894821,
0.00035202811789642),.UNSPECIFIED.);
#91=B_SPLINE_CURVE_WITH_KNOTS('',3,(#9138,#9139,#9140,#9141,#9142),
 .UNSPECIFIED.,.F.,.F.,(4,1,4),(0.,0.00017601405894821,0.000352028117896419),
 .UNSPECIFIED.);
#92=B_SPLINE_CURVE_WITH_KNOTS('',3,(#9160,#9161,#9162,#9163),
 .UNSPECIFIED.,.F.,.F.,(4,4),(3.83577051864795E-16,5.25303851863166E-5),
 .UNSPECIFIED.);
#93=B_SPLINE_CURVE_WITH_KNOTS('',3,(#9165,#9166,#9167,#9168),
 .UNSPECIFIED.,.F.,.F.,(4,4),(0.,5.25297378032828E-5),.UNSPECIFIED.);
#94=B_SPLINE_CURVE_WITH_KNOTS('',3,(#9194,#9195,#9196,#9197),
 .UNSPECIFIED.,.F.,.F.,(4,4),(2.44261509747082E-18,5.59988439652363E-5),
 .UNSPECIFIED.);
#95=B_SPLINE_CURVE_WITH_KNOTS('',3,(#9202,#9203,#9204,#9205),
 .UNSPECIFIED.,.F.,.F.,(4,4),(0.,5.60004352933585E-5),.UNSPECIFIED.);
#96=B_SPLINE_CURVE_WITH_KNOTS('',3,(#9738,#9739,#9740,#9741),
 .UNSPECIFIED.,.F.,.F.,(4,4),(0.00020154473115192,0.000264980991117404),
 .UNSPECIFIED.);
#97=B_SPLINE_CURVE_WITH_KNOTS('',3,(#9745,#9746,#9747,#9748),
 .UNSPECIFIED.,.F.,.F.,(4,4),(0.000108630148656241,0.000156392959540062),
 .UNSPECIFIED.);
#98=B_SPLINE_CURVE_WITH_KNOTS('',3,(#9869,#9870,#9871,#9872),
 .UNSPECIFIED.,.F.,.F.,(4,4),(3.48187920146673E-5,8.26168167114631E-5),
 .UNSPECIFIED.);
#99=B_SPLINE_CURVE_WITH_KNOTS('',3,(#9873,#9874,#9875,#9876),
 .UNSPECIFIED.,.F.,.F.,(4,4),(0.000134054166672032,0.00019740029519252),
 .UNSPECIFIED.);
#100=CYLINDRICAL_SURFACE('',#6518,0.100000000000001);
#101=CYLINDRICAL_SURFACE('',#6521,0.100000000000001);
#102=CYLINDRICAL_SURFACE('',#6534,0.1);
#103=CYLINDRICAL_SURFACE('',#6537,0.1);
#104=CYLINDRICAL_SURFACE('',#6540,0.0999999999999994);
#105=CYLINDRICAL_SURFACE('',#6543,0.0999999999999994);
#106=CYLINDRICAL_SURFACE('',#6547,0.0999999999999994);
#107=CYLINDRICAL_SURFACE('',#6550,0.0999999999999994);
#108=CYLINDRICAL_SURFACE('',#6574,0.13);
#109=CYLINDRICAL_SURFACE('',#6575,0.26);
#110=CYLINDRICAL_SURFACE('',#6576,0.13);
#111=CYLINDRICAL_SURFACE('',#6577,0.26);
#112=CYLINDRICAL_SURFACE('',#6578,1.15);
#113=CYLINDRICAL_SURFACE('',#6579,1.5);
#114=CYLINDRICAL_SURFACE('',#6580,1.5);
#115=CYLINDRICAL_SURFACE('',#6592,0.200000000000001);
#116=CYLINDRICAL_SURFACE('',#6595,0.200000000000001);
#117=CYLINDRICAL_SURFACE('',#6598,0.200000000000001);
#118=CYLINDRICAL_SURFACE('',#6601,0.200000000000001);
#119=CYLINDRICAL_SURFACE('',#6604,0.220000000000001);
#120=CYLINDRICAL_SURFACE('',#6606,0.220000000000001);
#121=CYLINDRICAL_SURFACE('',#6608,0.220000000000002);
#122=CYLINDRICAL_SURFACE('',#6611,0.220000000000001);
#123=CYLINDRICAL_SURFACE('',#6614,0.220000000000001);
#124=CYLINDRICAL_SURFACE('',#6617,0.220000000000001);
#125=CYLINDRICAL_SURFACE('',#6640,0.22);
#126=CYLINDRICAL_SURFACE('',#6643,0.0999999999999998);
#127=CYLINDRICAL_SURFACE('',#6645,0.0999999999999998);
#128=CYLINDRICAL_SURFACE('',#6647,0.219999999999999);
#129=CYLINDRICAL_SURFACE('',#6650,0.0999999999999998);
#130=CYLINDRICAL_SURFACE('',#6652,0.0999999999999998);
#131=CYLINDRICAL_SURFACE('',#6658,0.200000000000001);
#132=CYLINDRICAL_SURFACE('',#6664,0.0800000000000002);
#133=CYLINDRICAL_SURFACE('',#6671,0.0800000000000003);
#134=CYLINDRICAL_SURFACE('',#6675,0.200000000000001);
#135=CYLINDRICAL_SURFACE('',#6677,0.0999999999999998);
#136=CYLINDRICAL_SURFACE('',#6679,0.099999999999999);
#137=CYLINDRICAL_SURFACE('',#6685,0.0999999999999999);
#138=CYLINDRICAL_SURFACE('',#6688,0.0999999999999998);
#139=CYLINDRICAL_SURFACE('',#6691,0.100000000000001);
#140=CYLINDRICAL_SURFACE('',#6693,0.100000000000001);
#141=CYLINDRICAL_SURFACE('',#6714,0.2);
#142=CYLINDRICAL_SURFACE('',#6715,0.2);
#143=CYLINDRICAL_SURFACE('',#6716,0.100000000000001);
#144=CYLINDRICAL_SURFACE('',#6717,0.1);
#145=CYLINDRICAL_SURFACE('',#6718,0.2);
#146=CYLINDRICAL_SURFACE('',#6719,1.7);
#147=CYLINDRICAL_SURFACE('',#6720,0.100000775340633);
#148=CYLINDRICAL_SURFACE('',#6721,0.100000775340632);
#149=CYLINDRICAL_SURFACE('',#6722,0.100000775340634);
#150=CYLINDRICAL_SURFACE('',#6723,1.7);
#151=CYLINDRICAL_SURFACE('',#6725,0.100000775340632);
#152=CYLINDRICAL_SURFACE('',#6726,1.9);
#153=CYLINDRICAL_SURFACE('',#6732,1.7);
#154=CYLINDRICAL_SURFACE('',#6733,0.102);
#155=CYLINDRICAL_SURFACE('',#6734,0.102);
#156=CYLINDRICAL_SURFACE('',#6735,0.102);
#157=CYLINDRICAL_SURFACE('',#6736,0.102);
#158=CYLINDRICAL_SURFACE('',#6756,0.2);
#159=CYLINDRICAL_SURFACE('',#6760,0.2);
#160=CYLINDRICAL_SURFACE('',#6768,0.4);
#161=CYLINDRICAL_SURFACE('',#6771,0.4);
#162=CYLINDRICAL_SURFACE('',#6774,0.4);
#163=CYLINDRICAL_SURFACE('',#6777,0.4);
#164=CYLINDRICAL_SURFACE('',#6793,0.0999999999999994);
#165=CYLINDRICAL_SURFACE('',#6795,0.0999999999999994);
#166=CYLINDRICAL_SURFACE('',#6798,0.25);
#167=CYLINDRICAL_SURFACE('',#6800,0.25);
#168=CYLINDRICAL_SURFACE('',#6814,0.25);
#169=CYLINDRICAL_SURFACE('',#6816,0.25);
#170=CYLINDRICAL_SURFACE('',#6819,0.0999999999999985);
#171=CYLINDRICAL_SURFACE('',#6821,0.0999999999999994);
#172=CYLINDRICAL_SURFACE('',#6835,0.25);
#173=CYLINDRICAL_SURFACE('',#6837,0.25);
#174=CYLINDRICAL_SURFACE('',#6840,0.0999999999999985);
#175=CYLINDRICAL_SURFACE('',#6842,0.0999999999999994);
#176=CYLINDRICAL_SURFACE('',#6856,0.25);
#177=CYLINDRICAL_SURFACE('',#6858,0.25);
#178=CYLINDRICAL_SURFACE('',#6861,0.0999999999999985);
#179=CYLINDRICAL_SURFACE('',#6863,0.0999999999999994);
#180=CYLINDRICAL_SURFACE('',#6864,0.15);
#181=CYLINDRICAL_SURFACE('',#6867,0.15);
#182=CYLINDRICAL_SURFACE('',#6880,1.15);
#183=CYLINDRICAL_SURFACE('',#6925,1.15);
#184=CYLINDRICAL_SURFACE('',#6932,1.55);
#185=CYLINDRICAL_SURFACE('',#6933,1.55);
#186=CYLINDRICAL_SURFACE('',#6934,1.55);
#187=CYLINDRICAL_SURFACE('',#6935,1.55);
#188=CYLINDRICAL_SURFACE('',#6938,1.7);
#189=LINE('',#8319,#677);
#190=LINE('',#8321,#678);
#191=LINE('',#8323,#679);
#192=LINE('',#8325,#680);
#193=LINE('',#8327,#681);
#194=LINE('',#8329,#682);
#195=LINE('',#8331,#683);
#196=LINE('',#8333,#684);
#197=LINE('',#8335,#685);
#198=LINE('',#8337,#686);
#199=LINE('',#8339,#687);
#200=LINE('',#8341,#688);
#201=LINE('',#8343,#689);
#202=LINE('',#8345,#690);
#203=LINE('',#8347,#691);
#204=LINE('',#8351,#692);
#205=LINE('',#8356,#693);
#206=LINE('',#8359,#694);
#207=LINE('',#8361,#695);
#208=LINE('',#8369,#696);
#209=LINE('',#8373,#697);
#210=LINE('',#8385,#698);
#211=LINE('',#8389,#699);
#212=LINE('',#8397,#700);
#213=LINE('',#8400,#701);
#214=LINE('',#8402,#702);
#215=LINE('',#8404,#703);
#216=LINE('',#8405,#704);
#217=LINE('',#8408,#705);
#218=LINE('',#8410,#706);
#219=LINE('',#8412,#707);
#220=LINE('',#8414,#708);
#221=LINE('',#8416,#709);
#222=LINE('',#8418,#710);
#223=LINE('',#8420,#711);
#224=LINE('',#8422,#712);
#225=LINE('',#8424,#713);
#226=LINE('',#8426,#714);
#227=LINE('',#8428,#715);
#228=LINE('',#8430,#716);
#229=LINE('',#8432,#717);
#230=LINE('',#8434,#718);
#231=LINE('',#8437,#719);
#232=LINE('',#8439,#720);
#233=LINE('',#8441,#721);
#234=LINE('',#8442,#722);
#235=LINE('',#8445,#723);
#236=LINE('',#8447,#724);
#237=LINE('',#8449,#725);
#238=LINE('',#8451,#726);
#239=LINE('',#8453,#727);
#240=LINE('',#8455,#728);
#241=LINE('',#8457,#729);
#242=LINE('',#8459,#730);
#243=LINE('',#8461,#731);
#244=LINE('',#8463,#732);
#245=LINE('',#8465,#733);
#246=LINE('',#8467,#734);
#247=LINE('',#8469,#735);
#248=LINE('',#8474,#736);
#249=LINE('',#8483,#737);
#250=LINE('',#8488,#738);
#251=LINE('',#8497,#739);
#252=LINE('',#8499,#740);
#253=LINE('',#8502,#741);
#254=LINE('',#8505,#742);
#255=LINE('',#8507,#743);
#256=LINE('',#8509,#744);
#257=LINE('',#8511,#745);
#258=LINE('',#8515,#746);
#259=LINE('',#8518,#747);
#260=LINE('',#8522,#748);
#261=LINE('',#8524,#749);
#262=LINE('',#8526,#750);
#263=LINE('',#8530,#751);
#264=LINE('',#8532,#752);
#265=LINE('',#8535,#753);
#266=LINE('',#8539,#754);
#267=LINE('',#8541,#755);
#268=LINE('',#8543,#756);
#269=LINE('',#8547,#757);
#270=LINE('',#8581,#758);
#271=LINE('',#8584,#759);
#272=LINE('',#8586,#760);
#273=LINE('',#8588,#761);
#274=LINE('',#8589,#762);
#275=LINE('',#8592,#763);
#276=LINE('',#8594,#764);
#277=LINE('',#8596,#765);
#278=LINE('',#8597,#766);
#279=LINE('',#8600,#767);
#280=LINE('',#8602,#768);
#281=LINE('',#8604,#769);
#282=LINE('',#8605,#770);
#283=LINE('',#8607,#771);
#284=LINE('',#8609,#772);
#285=LINE('',#8611,#773);
#286=LINE('',#8613,#774);
#287=LINE('',#8615,#775);
#288=LINE('',#8617,#776);
#289=LINE('',#8619,#777);
#290=LINE('',#8621,#778);
#291=LINE('',#8622,#779);
#292=LINE('',#8624,#780);
#293=LINE('',#8626,#781);
#294=LINE('',#8630,#782);
#295=LINE('',#8648,#783);
#296=LINE('',#8650,#784);
#297=LINE('',#8653,#785);
#298=LINE('',#8655,#786);
#299=LINE('',#8657,#787);
#300=LINE('',#8658,#788);
#301=LINE('',#8660,#789);
#302=LINE('',#8662,#790);
#303=LINE('',#8664,#791);
#304=LINE('',#8666,#792);
#305=LINE('',#8667,#793);
#306=LINE('',#8669,#794);
#307=LINE('',#8671,#795);
#308=LINE('',#8673,#796);
#309=LINE('',#8675,#797);
#310=LINE('',#8677,#798);
#311=LINE('',#8679,#799);
#312=LINE('',#8681,#800);
#313=LINE('',#8683,#801);
#314=LINE('',#8685,#802);
#315=LINE('',#8687,#803);
#316=LINE('',#8689,#804);
#317=LINE('',#8692,#805);
#318=LINE('',#8694,#806);
#319=LINE('',#8696,#807);
#320=LINE('',#8698,#808);
#321=LINE('',#8700,#809);
#322=LINE('',#8702,#810);
#323=LINE('',#8704,#811);
#324=LINE('',#8706,#812);
#325=LINE('',#8710,#813);
#326=LINE('',#8714,#814);
#327=LINE('',#8716,#815);
#328=LINE('',#8718,#816);
#329=LINE('',#8720,#817);
#330=LINE('',#8722,#818);
#331=LINE('',#8724,#819);
#332=LINE('',#8728,#820);
#333=LINE('',#8732,#821);
#334=LINE('',#8734,#822);
#335=LINE('',#8736,#823);
#336=LINE('',#8738,#824);
#337=LINE('',#8740,#825);
#338=LINE('',#8742,#826);
#339=LINE('',#8746,#827);
#340=LINE('',#8751,#828);
#341=LINE('',#8764,#829);
#342=LINE('',#8768,#830);
#343=LINE('',#8780,#831);
#344=LINE('',#8791,#832);
#345=LINE('',#8799,#833);
#346=LINE('',#8819,#834);
#347=LINE('',#8827,#835);
#348=LINE('',#8861,#836);
#349=LINE('',#8862,#837);
#350=LINE('',#8876,#838);
#351=LINE('',#8877,#839);
#352=LINE('',#8883,#840);
#353=LINE('',#8886,#841);
#354=LINE('',#8888,#842);
#355=LINE('',#8890,#843);
#356=LINE('',#8893,#844);
#357=LINE('',#8895,#845);
#358=LINE('',#8897,#846);
#359=LINE('',#8908,#847);
#360=LINE('',#8910,#848);
#361=LINE('',#8916,#849);
#362=LINE('',#8921,#850);
#363=LINE('',#8925,#851);
#364=LINE('',#8930,#852);
#365=LINE('',#8936,#853);
#366=LINE('',#8986,#854);
#367=LINE('',#8989,#855);
#368=LINE('',#8991,#856);
#369=LINE('',#8993,#857);
#370=LINE('',#8995,#858);
#371=LINE('',#8997,#859);
#372=LINE('',#8999,#860);
#373=LINE('',#9001,#861);
#374=LINE('',#9003,#862);
#375=LINE('',#9005,#863);
#376=LINE('',#9007,#864);
#377=LINE('',#9010,#865);
#378=LINE('',#9012,#866);
#379=LINE('',#9014,#867);
#380=LINE('',#9016,#868);
#381=LINE('',#9018,#869);
#382=LINE('',#9020,#870);
#383=LINE('',#9022,#871);
#384=LINE('',#9024,#872);
#385=LINE('',#9026,#873);
#386=LINE('',#9028,#874);
#387=LINE('',#9030,#875);
#388=LINE('',#9032,#876);
#389=LINE('',#9035,#877);
#390=LINE('',#9037,#878);
#391=LINE('',#9039,#879);
#392=LINE('',#9041,#880);
#393=LINE('',#9043,#881);
#394=LINE('',#9045,#882);
#395=LINE('',#9047,#883);
#396=LINE('',#9049,#884);
#397=LINE('',#9051,#885);
#398=LINE('',#9053,#886);
#399=LINE('',#9056,#887);
#400=LINE('',#9058,#888);
#401=LINE('',#9060,#889);
#402=LINE('',#9062,#890);
#403=LINE('',#9064,#891);
#404=LINE('',#9066,#892);
#405=LINE('',#9068,#893);
#406=LINE('',#9070,#894);
#407=LINE('',#9072,#895);
#408=LINE('',#9074,#896);
#409=LINE('',#9076,#897);
#410=LINE('',#9078,#898);
#411=LINE('',#9079,#899);
#412=LINE('',#9081,#900);
#413=LINE('',#9082,#901);
#414=LINE('',#9084,#902);
#415=LINE('',#9086,#903);
#416=LINE('',#9089,#904);
#417=LINE('',#9091,#905);
#418=LINE('',#9094,#906);
#419=LINE('',#9096,#907);
#420=LINE('',#9099,#908);
#421=LINE('',#9101,#909);
#422=LINE('',#9112,#910);
#423=LINE('',#9136,#911);
#424=LINE('',#9152,#912);
#425=LINE('',#9154,#913);
#426=LINE('',#9156,#914);
#427=LINE('',#9158,#915);
#428=LINE('',#9172,#916);
#429=LINE('',#9176,#917);
#430=LINE('',#9178,#918);
#431=LINE('',#9180,#919);
#432=LINE('',#9182,#920);
#433=LINE('',#9184,#921);
#434=LINE('',#9186,#922);
#435=LINE('',#9188,#923);
#436=LINE('',#9190,#924);
#437=LINE('',#9192,#925);
#438=LINE('',#9211,#926);
#439=LINE('',#9213,#927);
#440=LINE('',#9215,#928);
#441=LINE('',#9217,#929);
#442=LINE('',#9219,#930);
#443=LINE('',#9221,#931);
#444=LINE('',#9223,#932);
#445=LINE('',#9225,#933);
#446=LINE('',#9228,#934);
#447=LINE('',#9230,#935);
#448=LINE('',#9232,#936);
#449=LINE('',#9234,#937);
#450=LINE('',#9236,#938);
#451=LINE('',#9239,#939);
#452=LINE('',#9242,#940);
#453=LINE('',#9243,#941);
#454=LINE('',#9245,#942);
#455=LINE('',#9247,#943);
#456=LINE('',#9249,#944);
#457=LINE('',#9250,#945);
#458=LINE('',#9253,#946);
#459=LINE('',#9254,#947);
#460=LINE('',#9256,#948);
#461=LINE('',#9257,#949);
#462=LINE('',#9259,#950);
#463=LINE('',#9261,#951);
#464=LINE('',#9264,#952);
#465=LINE('',#9266,#953);
#466=LINE('',#9268,#954);
#467=LINE('',#9270,#955);
#468=LINE('',#9272,#956);
#469=LINE('',#9274,#957);
#470=LINE('',#9286,#958);
#471=LINE('',#9287,#959);
#472=LINE('',#9289,#960);
#473=LINE('',#9290,#961);
#474=LINE('',#9293,#962);
#475=LINE('',#9295,#963);
#476=LINE('',#9296,#964);
#477=LINE('',#9298,#965);
#478=LINE('',#9299,#966);
#479=LINE('',#9302,#967);
#480=LINE('',#9309,#968);
#481=LINE('',#9310,#969);
#482=LINE('',#9314,#970);
#483=LINE('',#9316,#971);
#484=LINE('',#9320,#972);
#485=LINE('',#9321,#973);
#486=LINE('',#9338,#974);
#487=LINE('',#9339,#975);
#488=LINE('',#9341,#976);
#489=LINE('',#9343,#977);
#490=LINE('',#9345,#978);
#491=LINE('',#9347,#979);
#492=LINE('',#9348,#980);
#493=LINE('',#9352,#981);
#494=LINE('',#9353,#982);
#495=LINE('',#9355,#983);
#496=LINE('',#9357,#984);
#497=LINE('',#9359,#985);
#498=LINE('',#9361,#986);
#499=LINE('',#9363,#987);
#500=LINE('',#9366,#988);
#501=LINE('',#9368,#989);
#502=LINE('',#9370,#990);
#503=LINE('',#9372,#991);
#504=LINE('',#9374,#992);
#505=LINE('',#9376,#993);
#506=LINE('',#9378,#994);
#507=LINE('',#9380,#995);
#508=LINE('',#9382,#996);
#509=LINE('',#9384,#997);
#510=LINE('',#9386,#998);
#511=LINE('',#9388,#999);
#512=LINE('',#9390,#1000);
#513=LINE('',#9392,#1001);
#514=LINE('',#9394,#1002);
#515=LINE('',#9396,#1003);
#516=LINE('',#9400,#1004);
#517=LINE('',#9402,#1005);
#518=LINE('',#9404,#1006);
#519=LINE('',#9406,#1007);
#520=LINE('',#9410,#1008);
#521=LINE('',#9412,#1009);
#522=LINE('',#9422,#1010);
#523=LINE('',#9424,#1011);
#524=LINE('',#9426,#1012);
#525=LINE('',#9427,#1013);
#526=LINE('',#9429,#1014);
#527=LINE('',#9431,#1015);
#528=LINE('',#9432,#1016);
#529=LINE('',#9434,#1017);
#530=LINE('',#9436,#1018);
#531=LINE('',#9437,#1019);
#532=LINE('',#9439,#1020);
#533=LINE('',#9441,#1021);
#534=LINE('',#9459,#1022);
#535=LINE('',#9461,#1023);
#536=LINE('',#9463,#1024);
#537=LINE('',#9465,#1025);
#538=LINE('',#9467,#1026);
#539=LINE('',#9469,#1027);
#540=LINE('',#9471,#1028);
#541=LINE('',#9473,#1029);
#542=LINE('',#9475,#1030);
#543=LINE('',#9479,#1031);
#544=LINE('',#9482,#1032);
#545=LINE('',#9484,#1033);
#546=LINE('',#9488,#1034);
#547=LINE('',#9494,#1035);
#548=LINE('',#9498,#1036);
#549=LINE('',#9500,#1037);
#550=LINE('',#9503,#1038);
#551=LINE('',#9507,#1039);
#552=LINE('',#9509,#1040);
#553=LINE('',#9512,#1041);
#554=LINE('',#9514,#1042);
#555=LINE('',#9516,#1043);
#556=LINE('',#9518,#1044);
#557=LINE('',#9521,#1045);
#558=LINE('',#9523,#1046);
#559=LINE('',#9525,#1047);
#560=LINE('',#9527,#1048);
#561=LINE('',#9529,#1049);
#562=LINE('',#9531,#1050);
#563=LINE('',#9533,#1051);
#564=LINE('',#9535,#1052);
#565=LINE('',#9537,#1053);
#566=LINE('',#9541,#1054);
#567=LINE('',#9545,#1055);
#568=LINE('',#9547,#1056);
#569=LINE('',#9550,#1057);
#570=LINE('',#9556,#1058);
#571=LINE('',#9559,#1059);
#572=LINE('',#9561,#1060);
#573=LINE('',#9565,#1061);
#574=LINE('',#9569,#1062);
#575=LINE('',#9571,#1063);
#576=LINE('',#9573,#1064);
#577=LINE('',#9575,#1065);
#578=LINE('',#9578,#1066);
#579=LINE('',#9580,#1067);
#580=LINE('',#9583,#1068);
#581=LINE('',#9585,#1069);
#582=LINE('',#9587,#1070);
#583=LINE('',#9589,#1071);
#584=LINE('',#9591,#1072);
#585=LINE('',#9593,#1073);
#586=LINE('',#9595,#1074);
#587=LINE('',#9597,#1075);
#588=LINE('',#9599,#1076);
#589=LINE('',#9603,#1077);
#590=LINE('',#9607,#1078);
#591=LINE('',#9609,#1079);
#592=LINE('',#9612,#1080);
#593=LINE('',#9618,#1081);
#594=LINE('',#9621,#1082);
#595=LINE('',#9623,#1083);
#596=LINE('',#9627,#1084);
#597=LINE('',#9631,#1085);
#598=LINE('',#9633,#1086);
#599=LINE('',#9635,#1087);
#600=LINE('',#9637,#1088);
#601=LINE('',#9640,#1089);
#602=LINE('',#9642,#1090);
#603=LINE('',#9645,#1091);
#604=LINE('',#9647,#1092);
#605=LINE('',#9649,#1093);
#606=LINE('',#9651,#1094);
#607=LINE('',#9653,#1095);
#608=LINE('',#9655,#1096);
#609=LINE('',#9657,#1097);
#610=LINE('',#9659,#1098);
#611=LINE('',#9661,#1099);
#612=LINE('',#9665,#1100);
#613=LINE('',#9669,#1101);
#614=LINE('',#9671,#1102);
#615=LINE('',#9674,#1103);
#616=LINE('',#9680,#1104);
#617=LINE('',#9683,#1105);
#618=LINE('',#9685,#1106);
#619=LINE('',#9689,#1107);
#620=LINE('',#9693,#1108);
#621=LINE('',#9695,#1109);
#622=LINE('',#9697,#1110);
#623=LINE('',#9699,#1111);
#624=LINE('',#9702,#1112);
#625=LINE('',#9704,#1113);
#626=LINE('',#9715,#1114);
#627=LINE('',#9717,#1115);
#628=LINE('',#9719,#1116);
#629=LINE('',#9721,#1117);
#630=LINE('',#9723,#1118);
#631=LINE('',#9727,#1119);
#632=LINE('',#9730,#1120);
#633=LINE('',#9734,#1121);
#634=LINE('',#9737,#1122);
#635=LINE('',#9743,#1123);
#636=LINE('',#9755,#1124);
#637=LINE('',#9759,#1125);
#638=LINE('',#9769,#1126);
#639=LINE('',#9772,#1127);
#640=LINE('',#9776,#1128);
#641=LINE('',#9778,#1129);
#642=LINE('',#9783,#1130);
#643=LINE('',#9787,#1131);
#644=LINE('',#9790,#1132);
#645=LINE('',#9794,#1133);
#646=LINE('',#9796,#1134);
#647=LINE('',#9801,#1135);
#648=LINE('',#9803,#1136);
#649=LINE('',#9804,#1137);
#650=LINE('',#9808,#1138);
#651=LINE('',#9809,#1139);
#652=LINE('',#9811,#1140);
#653=LINE('',#9813,#1141);
#654=LINE('',#9817,#1142);
#655=LINE('',#9819,#1143);
#656=LINE('',#9822,#1144);
#657=LINE('',#9826,#1145);
#658=LINE('',#9830,#1146);
#659=LINE('',#9834,#1147);
#660=LINE('',#9837,#1148);
#661=LINE('',#9840,#1149);
#662=LINE('',#9843,#1150);
#663=LINE('',#9846,#1151);
#664=LINE('',#9848,#1152);
#665=LINE('',#9865,#1153);
#666=LINE('',#9867,#1154);
#667=LINE('',#9878,#1155);
#668=LINE('',#9880,#1156);
#669=LINE('',#9882,#1157);
#670=LINE('',#9884,#1158);
#671=LINE('',#9886,#1159);
#672=LINE('',#9888,#1160);
#673=LINE('',#9890,#1161);
#674=LINE('',#9892,#1162);
#675=LINE('',#9894,#1163);
#676=LINE('',#9896,#1164);
#677=VECTOR('',#6946,1000.);
#678=VECTOR('',#6947,1000.);
#679=VECTOR('',#6948,1000.);
#680=VECTOR('',#6949,1000.);
#681=VECTOR('',#6950,1000.);
#682=VECTOR('',#6951,1000.);
#683=VECTOR('',#6952,1000.);
#684=VECTOR('',#6953,1000.);
#685=VECTOR('',#6954,1000.);
#686=VECTOR('',#6955,1000.);
#687=VECTOR('',#6956,1000.);
#688=VECTOR('',#6957,1000.);
#689=VECTOR('',#6958,1000.);
#690=VECTOR('',#6959,1000.);
#691=VECTOR('',#6960,1000.);
#692=VECTOR('',#6963,1000.);
#693=VECTOR('',#6968,1000.);
#694=VECTOR('',#6969,1000.);
#695=VECTOR('',#6970,1000.);
#696=VECTOR('',#6977,1000.);
#697=VECTOR('',#6980,1000.);
#698=VECTOR('',#6991,1000.);
#699=VECTOR('',#6994,1000.);
#700=VECTOR('',#7003,1000.);
#701=VECTOR('',#7004,1000.);
#702=VECTOR('',#7005,1000.);
#703=VECTOR('',#7006,1000.);
#704=VECTOR('',#7007,1000.);
#705=VECTOR('',#7008,1000.);
#706=VECTOR('',#7009,1000.);
#707=VECTOR('',#7010,1000.);
#708=VECTOR('',#7011,1000.);
#709=VECTOR('',#7012,1000.);
#710=VECTOR('',#7013,1000.);
#711=VECTOR('',#7014,1000.);
#712=VECTOR('',#7015,1000.);
#713=VECTOR('',#7016,1000.);
#714=VECTOR('',#7017,1000.);
#715=VECTOR('',#7018,1000.);
#716=VECTOR('',#7019,1000.);
#717=VECTOR('',#7020,1000.);
#718=VECTOR('',#7023,1000.);
#719=VECTOR('',#7024,1000.);
#720=VECTOR('',#7025,1000.);
#721=VECTOR('',#7026,1000.);
#722=VECTOR('',#7027,1000.);
#723=VECTOR('',#7028,1000.);
#724=VECTOR('',#7029,1000.);
#725=VECTOR('',#7030,1000.);
#726=VECTOR('',#7031,1000.);
#727=VECTOR('',#7032,1000.);
#728=VECTOR('',#7033,1000.);
#729=VECTOR('',#7034,1000.);
#730=VECTOR('',#7035,1000.);
#731=VECTOR('',#7036,1000.);
#732=VECTOR('',#7037,1000.);
#733=VECTOR('',#7038,1000.);
#734=VECTOR('',#7039,1000.);
#735=VECTOR('',#7040,1000.);
#736=VECTOR('',#7045,1000.);
#737=VECTOR('',#7048,1000.);
#738=VECTOR('',#7053,1000.);
#739=VECTOR('',#7056,1000.);
#740=VECTOR('',#7059,1000.);
#741=VECTOR('',#7060,1000.);
#742=VECTOR('',#7063,1000.);
#743=VECTOR('',#7066,1000.);
#744=VECTOR('',#7067,1000.);
#745=VECTOR('',#7068,1000.);
#746=VECTOR('',#7073,1000.);
#747=VECTOR('',#7074,1000.);
#748=VECTOR('',#7077,1000.);
#749=VECTOR('',#7078,1000.);
#750=VECTOR('',#7079,1000.);
#751=VECTOR('',#7082,1000.);
#752=VECTOR('',#7085,1000.);
#753=VECTOR('',#7086,1000.);
#754=VECTOR('',#7089,1000.);
#755=VECTOR('',#7090,1000.);
#756=VECTOR('',#7091,1000.);
#757=VECTOR('',#7094,1000.);
#758=VECTOR('',#7121,1000.);
#759=VECTOR('',#7122,1000.);
#760=VECTOR('',#7123,1000.);
#761=VECTOR('',#7124,1000.);
#762=VECTOR('',#7125,1000.);
#763=VECTOR('',#7126,1000.);
#764=VECTOR('',#7127,1000.);
#765=VECTOR('',#7128,1000.);
#766=VECTOR('',#7129,1000.);
#767=VECTOR('',#7130,1000.);
#768=VECTOR('',#7131,1000.);
#769=VECTOR('',#7132,1000.);
#770=VECTOR('',#7133,1000.);
#771=VECTOR('',#7134,1000.);
#772=VECTOR('',#7135,1000.);
#773=VECTOR('',#7136,1000.);
#774=VECTOR('',#7137,1000.);
#775=VECTOR('',#7138,1000.);
#776=VECTOR('',#7139,1000.);
#777=VECTOR('',#7140,1000.);
#778=VECTOR('',#7141,1000.);
#779=VECTOR('',#7142,1000.);
#780=VECTOR('',#7143,1000.);
#781=VECTOR('',#7144,1000.);
#782=VECTOR('',#7149,1000.);
#783=VECTOR('',#7158,1000.);
#784=VECTOR('',#7161,1000.);
#785=VECTOR('',#7162,1000.);
#786=VECTOR('',#7163,1000.);
#787=VECTOR('',#7164,1000.);
#788=VECTOR('',#7165,1000.);
#789=VECTOR('',#7166,1000.);
#790=VECTOR('',#7167,1000.);
#791=VECTOR('',#7168,1000.);
#792=VECTOR('',#7169,1000.);
#793=VECTOR('',#7170,1000.);
#794=VECTOR('',#7171,1000.);
#795=VECTOR('',#7172,1000.);
#796=VECTOR('',#7173,1000.);
#797=VECTOR('',#7174,1000.);
#798=VECTOR('',#7175,1000.);
#799=VECTOR('',#7176,1000.);
#800=VECTOR('',#7177,1000.);
#801=VECTOR('',#7178,1000.);
#802=VECTOR('',#7179,1000.);
#803=VECTOR('',#7180,1000.);
#804=VECTOR('',#7183,1000.);
#805=VECTOR('',#7184,1000.);
#806=VECTOR('',#7185,1000.);
#807=VECTOR('',#7186,1000.);
#808=VECTOR('',#7187,1000.);
#809=VECTOR('',#7188,1000.);
#810=VECTOR('',#7189,1000.);
#811=VECTOR('',#7190,1000.);
#812=VECTOR('',#7191,1000.);
#813=VECTOR('',#7194,1000.);
#814=VECTOR('',#7197,1000.);
#815=VECTOR('',#7198,1000.);
#816=VECTOR('',#7199,1000.);
#817=VECTOR('',#7200,1000.);
#818=VECTOR('',#7201,1000.);
#819=VECTOR('',#7202,1000.);
#820=VECTOR('',#7205,1000.);
#821=VECTOR('',#7208,1000.);
#822=VECTOR('',#7209,1000.);
#823=VECTOR('',#7210,1000.);
#824=VECTOR('',#7211,1000.);
#825=VECTOR('',#7212,1000.);
#826=VECTOR('',#7213,1000.);
#827=VECTOR('',#7216,1000.);
#828=VECTOR('',#7221,1000.);
#829=VECTOR('',#7232,1000.);
#830=VECTOR('',#7235,1000.);
#831=VECTOR('',#7246,1000.);
#832=VECTOR('',#7251,1000.);
#833=VECTOR('',#7252,1000.);
#834=VECTOR('',#7257,1000.);
#835=VECTOR('',#7258,1000.);
#836=VECTOR('',#7265,1000.);
#837=VECTOR('',#7266,1000.);
#838=VECTOR('',#7269,1000.);
#839=VECTOR('',#7270,1000.);
#840=VECTOR('',#7277,1000.);
#841=VECTOR('',#7278,1000.);
#842=VECTOR('',#7279,1000.);
#843=VECTOR('',#7280,1000.);
#844=VECTOR('',#7285,1000.);
#845=VECTOR('',#7286,1000.);
#846=VECTOR('',#7287,1000.);
#847=VECTOR('',#7300,1000.);
#848=VECTOR('',#7303,1000.);
#849=VECTOR('',#7310,1000.);
#850=VECTOR('',#7313,1000.);
#851=VECTOR('',#7318,1000.);
#852=VECTOR('',#7321,1000.);
#853=VECTOR('',#7328,1000.);
#854=VECTOR('',#7369,1000.);
#855=VECTOR('',#7370,1000.);
#856=VECTOR('',#7371,1000.);
#857=VECTOR('',#7372,1000.);
#858=VECTOR('',#7373,1000.);
#859=VECTOR('',#7374,1000.);
#860=VECTOR('',#7375,1000.);
#861=VECTOR('',#7376,1000.);
#862=VECTOR('',#7377,1000.);
#863=VECTOR('',#7378,1000.);
#864=VECTOR('',#7381,1000.);
#865=VECTOR('',#7382,1000.);
#866=VECTOR('',#7383,1000.);
#867=VECTOR('',#7384,1000.);
#868=VECTOR('',#7385,1000.);
#869=VECTOR('',#7386,1000.);
#870=VECTOR('',#7387,1000.);
#871=VECTOR('',#7388,1000.);
#872=VECTOR('',#7389,1000.);
#873=VECTOR('',#7390,1000.);
#874=VECTOR('',#7391,1000.);
#875=VECTOR('',#7392,1000.);
#876=VECTOR('',#7395,1000.);
#877=VECTOR('',#7396,1000.);
#878=VECTOR('',#7397,1000.);
#879=VECTOR('',#7398,1000.);
#880=VECTOR('',#7399,1000.);
#881=VECTOR('',#7400,1000.);
#882=VECTOR('',#7401,1000.);
#883=VECTOR('',#7402,1000.);
#884=VECTOR('',#7403,1000.);
#885=VECTOR('',#7404,1000.);
#886=VECTOR('',#7407,1000.);
#887=VECTOR('',#7408,1000.);
#888=VECTOR('',#7409,1000.);
#889=VECTOR('',#7410,1000.);
#890=VECTOR('',#7411,1000.);
#891=VECTOR('',#7412,1000.);
#892=VECTOR('',#7413,1000.);
#893=VECTOR('',#7414,1000.);
#894=VECTOR('',#7415,1000.);
#895=VECTOR('',#7416,1000.);
#896=VECTOR('',#7417,1000.);
#897=VECTOR('',#7418,1000.);
#898=VECTOR('',#7421,1000.);
#899=VECTOR('',#7422,1000.);
#900=VECTOR('',#7425,1000.);
#901=VECTOR('',#7426,1000.);
#902=VECTOR('',#7429,1000.);
#903=VECTOR('',#7432,1000.);
#904=VECTOR('',#7437,1000.);
#905=VECTOR('',#7440,1000.);
#906=VECTOR('',#7445,1000.);
#907=VECTOR('',#7448,1000.);
#908=VECTOR('',#7453,1000.);
#909=VECTOR('',#7456,1000.);
#910=VECTOR('',#7463,1000.);
#911=VECTOR('',#7480,1000.);
#912=VECTOR('',#7495,1000.);
#913=VECTOR('',#7496,1000.);
#914=VECTOR('',#7497,1000.);
#915=VECTOR('',#7500,1000.);
#916=VECTOR('',#7505,1000.);
#917=VECTOR('',#7510,1000.);
#918=VECTOR('',#7511,1000.);
#919=VECTOR('',#7512,1000.);
#920=VECTOR('',#7515,1000.);
#921=VECTOR('',#7516,1000.);
#922=VECTOR('',#7517,1000.);
#923=VECTOR('',#7520,1000.);
#924=VECTOR('',#7521,1000.);
#925=VECTOR('',#7522,1000.);
#926=VECTOR('',#7535,1000.);
#927=VECTOR('',#7536,1000.);
#928=VECTOR('',#7537,1000.);
#929=VECTOR('',#7540,1000.);
#930=VECTOR('',#7543,1000.);
#931=VECTOR('',#7546,1000.);
#932=VECTOR('',#7549,1000.);
#933=VECTOR('',#7552,1000.);
#934=VECTOR('',#7557,1000.);
#935=VECTOR('',#7560,1000.);
#936=VECTOR('',#7563,1000.);
#937=VECTOR('',#7566,1000.);
#938=VECTOR('',#7569,1000.);
#939=VECTOR('',#7574,1000.);
#940=VECTOR('',#7579,1000.);
#941=VECTOR('',#7580,1000.);
#942=VECTOR('',#7583,1000.);
#943=VECTOR('',#7586,1000.);
#944=VECTOR('',#7589,1000.);
#945=VECTOR('',#7590,1000.);
#946=VECTOR('',#7595,1000.);
#947=VECTOR('',#7596,1000.);
#948=VECTOR('',#7599,1000.);
#949=VECTOR('',#7600,1000.);
#950=VECTOR('',#7603,1000.);
#951=VECTOR('',#7606,1000.);
#952=VECTOR('',#7611,1000.);
#953=VECTOR('',#7612,1000.);
#954=VECTOR('',#7613,1000.);
#955=VECTOR('',#7616,1000.);
#956=VECTOR('',#7617,1000.);
#957=VECTOR('',#7618,1000.);
#958=VECTOR('',#7641,1000.);
#959=VECTOR('',#7642,1000.);
#960=VECTOR('',#7645,1000.);
#961=VECTOR('',#7646,1000.);
#962=VECTOR('',#7651,1000.);
#963=VECTOR('',#7654,1000.);
#964=VECTOR('',#7655,1000.);
#965=VECTOR('',#7658,1000.);
#966=VECTOR('',#7659,1000.);
#967=VECTOR('',#7664,1000.);
#968=VECTOR('',#7677,1000.);
#969=VECTOR('',#7678,1000.);
#970=VECTOR('',#7685,1000.);
#971=VECTOR('',#7688,1000.);
#972=VECTOR('',#7691,1000.);
#973=VECTOR('',#7692,1000.);
#974=VECTOR('',#7719,1000.);
#975=VECTOR('',#7720,1000.);
#976=VECTOR('',#7723,1000.);
#977=VECTOR('',#7724,1000.);
#978=VECTOR('',#7725,1000.);
#979=VECTOR('',#7728,1000.);
#980=VECTOR('',#7729,1000.);
#981=VECTOR('',#7736,1000.);
#982=VECTOR('',#7737,1000.);
#983=VECTOR('',#7740,1000.);
#984=VECTOR('',#7741,1000.);
#985=VECTOR('',#7744,1000.);
#986=VECTOR('',#7745,1000.);
#987=VECTOR('',#7748,1000.);
#988=VECTOR('',#7753,1000.);
#989=VECTOR('',#7754,1000.);
#990=VECTOR('',#7757,1000.);
#991=VECTOR('',#7758,1000.);
#992=VECTOR('',#7761,1000.);
#993=VECTOR('',#7762,1000.);
#994=VECTOR('',#7765,1000.);
#995=VECTOR('',#7766,1000.);
#996=VECTOR('',#7769,1000.);
#997=VECTOR('',#7772,1000.);
#998=VECTOR('',#7775,1000.);
#999=VECTOR('',#7776,1000.);
#1000=VECTOR('',#7779,1000.);
#1001=VECTOR('',#7780,1000.);
#1002=VECTOR('',#7783,1000.);
#1003=VECTOR('',#7784,1000.);
#1004=VECTOR('',#7789,1000.);
#1005=VECTOR('',#7792,1000.);
#1006=VECTOR('',#7795,1000.);
#1007=VECTOR('',#7796,1000.);
#1008=VECTOR('',#7801,1000.);
#1009=VECTOR('',#7804,1000.);
#1010=VECTOR('',#7815,1000.);
#1011=VECTOR('',#7816,1000.);
#1012=VECTOR('',#7817,1000.);
#1013=VECTOR('',#7818,1000.);
#1014=VECTOR('',#7819,1000.);
#1015=VECTOR('',#7820,1000.);
#1016=VECTOR('',#7821,1000.);
#1017=VECTOR('',#7822,1000.);
#1018=VECTOR('',#7823,1000.);
#1019=VECTOR('',#7824,1000.);
#1020=VECTOR('',#7825,1000.);
#1021=VECTOR('',#7826,1000.);
#1022=VECTOR('',#7853,1000.);
#1023=VECTOR('',#7854,1000.);
#1024=VECTOR('',#7855,1000.);
#1025=VECTOR('',#7858,1000.);
#1026=VECTOR('',#7859,1000.);
#1027=VECTOR('',#7860,1000.);
#1028=VECTOR('',#7863,1000.);
#1029=VECTOR('',#7864,1000.);
#1030=VECTOR('',#7865,1000.);
#1031=VECTOR('',#7870,1000.);
#1032=VECTOR('',#7873,1000.);
#1033=VECTOR('',#7874,1000.);
#1034=VECTOR('',#7877,1000.);
#1035=VECTOR('',#7884,1000.);
#1036=VECTOR('',#7887,1000.);
#1037=VECTOR('',#7888,1000.);
#1038=VECTOR('',#7891,1000.);
#1039=VECTOR('',#7896,1000.);
#1040=VECTOR('',#7899,1000.);
#1041=VECTOR('',#7904,1000.);
#1042=VECTOR('',#7907,1000.);
#1043=VECTOR('',#7910,1000.);
#1044=VECTOR('',#7913,1000.);
#1045=VECTOR('',#7918,1000.);
#1046=VECTOR('',#7919,1000.);
#1047=VECTOR('',#7920,1000.);
#1048=VECTOR('',#7923,1000.);
#1049=VECTOR('',#7924,1000.);
#1050=VECTOR('',#7925,1000.);
#1051=VECTOR('',#7928,1000.);
#1052=VECTOR('',#7929,1000.);
#1053=VECTOR('',#7930,1000.);
#1054=VECTOR('',#7935,1000.);
#1055=VECTOR('',#7938,1000.);
#1056=VECTOR('',#7939,1000.);
#1057=VECTOR('',#7942,1000.);
#1058=VECTOR('',#7949,1000.);
#1059=VECTOR('',#7952,1000.);
#1060=VECTOR('',#7953,1000.);
#1061=VECTOR('',#7956,1000.);
#1062=VECTOR('',#7961,1000.);
#1063=VECTOR('',#7964,1000.);
#1064=VECTOR('',#7967,1000.);
#1065=VECTOR('',#7970,1000.);
#1066=VECTOR('',#7975,1000.);
#1067=VECTOR('',#7978,1000.);
#1068=VECTOR('',#7983,1000.);
#1069=VECTOR('',#7984,1000.);
#1070=VECTOR('',#7985,1000.);
#1071=VECTOR('',#7988,1000.);
#1072=VECTOR('',#7989,1000.);
#1073=VECTOR('',#7990,1000.);
#1074=VECTOR('',#7993,1000.);
#1075=VECTOR('',#7994,1000.);
#1076=VECTOR('',#7995,1000.);
#1077=VECTOR('',#8000,1000.);
#1078=VECTOR('',#8003,1000.);
#1079=VECTOR('',#8004,1000.);
#1080=VECTOR('',#8007,1000.);
#1081=VECTOR('',#8014,1000.);
#1082=VECTOR('',#8017,1000.);
#1083=VECTOR('',#8018,1000.);
#1084=VECTOR('',#8021,1000.);
#1085=VECTOR('',#8026,1000.);
#1086=VECTOR('',#8029,1000.);
#1087=VECTOR('',#8032,1000.);
#1088=VECTOR('',#8035,1000.);
#1089=VECTOR('',#8040,1000.);
#1090=VECTOR('',#8043,1000.);
#1091=VECTOR('',#8048,1000.);
#1092=VECTOR('',#8049,1000.);
#1093=VECTOR('',#8050,1000.);
#1094=VECTOR('',#8053,1000.);
#1095=VECTOR('',#8054,1000.);
#1096=VECTOR('',#8055,1000.);
#1097=VECTOR('',#8058,1000.);
#1098=VECTOR('',#8059,1000.);
#1099=VECTOR('',#8060,1000.);
#1100=VECTOR('',#8065,1000.);
#1101=VECTOR('',#8068,1000.);
#1102=VECTOR('',#8069,1000.);
#1103=VECTOR('',#8072,1000.);
#1104=VECTOR('',#8079,1000.);
#1105=VECTOR('',#8082,1000.);
#1106=VECTOR('',#8083,1000.);
#1107=VECTOR('',#8086,1000.);
#1108=VECTOR('',#8091,1000.);
#1109=VECTOR('',#8094,1000.);
#1110=VECTOR('',#8097,1000.);
#1111=VECTOR('',#8100,1000.);
#1112=VECTOR('',#8105,1000.);
#1113=VECTOR('',#8108,1000.);
#1114=VECTOR('',#8125,1000.);
#1115=VECTOR('',#8126,1000.);
#1116=VECTOR('',#8129,1000.);
#1117=VECTOR('',#8130,1000.);
#1118=VECTOR('',#8133,1000.);
#1119=VECTOR('',#8140,1000.);
#1120=VECTOR('',#8141,1000.);
#1121=VECTOR('',#8146,1000.);
#1122=VECTOR('',#8147,1000.);
#1123=VECTOR('',#8148,1000.);
#1124=VECTOR('',#8157,1000.);
#1125=VECTOR('',#8160,1000.);
#1126=VECTOR('',#8171,1000.);
#1127=VECTOR('',#8172,1000.);
#1128=VECTOR('',#8175,1000.);
#1129=VECTOR('',#8178,1000.);
#1130=VECTOR('',#8181,1000.);
#1131=VECTOR('',#8186,1000.);
#1132=VECTOR('',#8187,1000.);
#1133=VECTOR('',#8190,1000.);
#1134=VECTOR('',#8193,1000.);
#1135=VECTOR('',#8196,1000.);
#1136=VECTOR('',#8197,1000.);
#1137=VECTOR('',#8198,1000.);
#1138=VECTOR('',#8201,1000.);
#1139=VECTOR('',#8202,1000.);
#1140=VECTOR('',#8203,1000.);
#1141=VECTOR('',#8204,1000.);
#1142=VECTOR('',#8207,1000.);
#1143=VECTOR('',#8208,1000.);
#1144=VECTOR('',#8211,1000.);
#1145=VECTOR('',#8214,1000.);
#1146=VECTOR('',#8217,1000.);
#1147=VECTOR('',#8222,1000.);
#1148=VECTOR('',#8227,1000.);
#1149=VECTOR('',#8232,1000.);
#1150=VECTOR('',#8237,1000.);
#1151=VECTOR('',#8242,1000.);
#1152=VECTOR('',#8243,1000.);
#1153=VECTOR('',#8270,1000.);
#1154=VECTOR('',#8271,1000.);
#1155=VECTOR('',#8276,1000.);
#1156=VECTOR('',#8279,1000.);
#1157=VECTOR('',#8282,1000.);
#1158=VECTOR('',#8283,1000.);
#1159=VECTOR('',#8284,1000.);
#1160=VECTOR('',#8287,1000.);
#1161=VECTOR('',#8288,1000.);
#1162=VECTOR('',#8291,1000.);
#1163=VECTOR('',#8292,1000.);
#1164=VECTOR('',#8295,1000.);
#1165=ORIENTED_EDGE('',*,*,#2601,.F.);
#1166=ORIENTED_EDGE('',*,*,#2602,.T.);
#1167=ORIENTED_EDGE('',*,*,#2603,.T.);
#1168=ORIENTED_EDGE('',*,*,#2604,.F.);
#1169=ORIENTED_EDGE('',*,*,#2605,.T.);
#1170=ORIENTED_EDGE('',*,*,#2606,.T.);
#1171=ORIENTED_EDGE('',*,*,#2607,.F.);
#1172=ORIENTED_EDGE('',*,*,#2608,.F.);
#1173=ORIENTED_EDGE('',*,*,#2609,.T.);
#1174=ORIENTED_EDGE('',*,*,#2610,.T.);
#1175=ORIENTED_EDGE('',*,*,#2611,.F.);
#1176=ORIENTED_EDGE('',*,*,#2612,.F.);
#1177=ORIENTED_EDGE('',*,*,#2613,.T.);
#1178=ORIENTED_EDGE('',*,*,#2614,.T.);
#1179=ORIENTED_EDGE('',*,*,#2615,.T.);
#1180=ORIENTED_EDGE('',*,*,#2616,.T.);
#1181=ORIENTED_EDGE('',*,*,#2617,.F.);
#1182=ORIENTED_EDGE('',*,*,#2618,.F.);
#1183=ORIENTED_EDGE('',*,*,#2619,.F.);
#1184=ORIENTED_EDGE('',*,*,#2620,.F.);
#1185=ORIENTED_EDGE('',*,*,#2621,.F.);
#1186=ORIENTED_EDGE('',*,*,#2622,.F.);
#1187=ORIENTED_EDGE('',*,*,#2623,.F.);
#1188=ORIENTED_EDGE('',*,*,#2624,.F.);
#1189=ORIENTED_EDGE('',*,*,#2625,.F.);
#1190=ORIENTED_EDGE('',*,*,#2626,.T.);
#1191=ORIENTED_EDGE('',*,*,#2627,.F.);
#1192=ORIENTED_EDGE('',*,*,#2628,.F.);
#1193=ORIENTED_EDGE('',*,*,#2629,.F.);
#1194=ORIENTED_EDGE('',*,*,#2630,.T.);
#1195=ORIENTED_EDGE('',*,*,#2631,.F.);
#1196=ORIENTED_EDGE('',*,*,#2632,.F.);
#1197=ORIENTED_EDGE('',*,*,#2633,.F.);
#1198=ORIENTED_EDGE('',*,*,#2634,.T.);
#1199=ORIENTED_EDGE('',*,*,#2635,.T.);
#1200=ORIENTED_EDGE('',*,*,#2636,.F.);
#1201=ORIENTED_EDGE('',*,*,#2637,.T.);
#1202=ORIENTED_EDGE('',*,*,#2638,.T.);
#1203=ORIENTED_EDGE('',*,*,#2639,.F.);
#1204=ORIENTED_EDGE('',*,*,#2640,.F.);
#1205=ORIENTED_EDGE('',*,*,#2641,.F.);
#1206=ORIENTED_EDGE('',*,*,#2642,.T.);
#1207=ORIENTED_EDGE('',*,*,#2643,.T.);
#1208=ORIENTED_EDGE('',*,*,#2644,.F.);
#1209=ORIENTED_EDGE('',*,*,#2645,.T.);
#1210=ORIENTED_EDGE('',*,*,#2646,.T.);
#1211=ORIENTED_EDGE('',*,*,#2647,.T.);
#1212=ORIENTED_EDGE('',*,*,#2648,.T.);
#1213=ORIENTED_EDGE('',*,*,#2649,.F.);
#1214=ORIENTED_EDGE('',*,*,#2650,.F.);
#1215=ORIENTED_EDGE('',*,*,#2651,.F.);
#1216=ORIENTED_EDGE('',*,*,#2652,.T.);
#1217=ORIENTED_EDGE('',*,*,#2653,.T.);
#1218=ORIENTED_EDGE('',*,*,#2654,.F.);
#1219=ORIENTED_EDGE('',*,*,#2655,.F.);
#1220=ORIENTED_EDGE('',*,*,#2656,.T.);
#1221=ORIENTED_EDGE('',*,*,#2657,.F.);
#1222=ORIENTED_EDGE('',*,*,#2658,.T.);
#1223=ORIENTED_EDGE('',*,*,#2659,.F.);
#1224=ORIENTED_EDGE('',*,*,#2660,.T.);
#1225=ORIENTED_EDGE('',*,*,#2661,.T.);
#1226=ORIENTED_EDGE('',*,*,#2662,.F.);
#1227=ORIENTED_EDGE('',*,*,#2663,.F.);
#1228=ORIENTED_EDGE('',*,*,#2664,.F.);
#1229=ORIENTED_EDGE('',*,*,#2665,.T.);
#1230=ORIENTED_EDGE('',*,*,#2666,.T.);
#1231=ORIENTED_EDGE('',*,*,#2667,.F.);
#1232=ORIENTED_EDGE('',*,*,#2668,.F.);
#1233=ORIENTED_EDGE('',*,*,#2669,.T.);
#1234=ORIENTED_EDGE('',*,*,#2670,.F.);
#1235=ORIENTED_EDGE('',*,*,#2671,.F.);
#1236=ORIENTED_EDGE('',*,*,#2672,.F.);
#1237=ORIENTED_EDGE('',*,*,#2673,.T.);
#1238=ORIENTED_EDGE('',*,*,#2674,.T.);
#1239=ORIENTED_EDGE('',*,*,#2675,.F.);
#1240=ORIENTED_EDGE('',*,*,#2676,.F.);
#1241=ORIENTED_EDGE('',*,*,#2677,.F.);
#1242=ORIENTED_EDGE('',*,*,#2678,.T.);
#1243=ORIENTED_EDGE('',*,*,#2679,.F.);
#1244=ORIENTED_EDGE('',*,*,#2680,.F.);
#1245=ORIENTED_EDGE('',*,*,#2681,.F.);
#1246=ORIENTED_EDGE('',*,*,#2682,.F.);
#1247=ORIENTED_EDGE('',*,*,#2683,.F.);
#1248=ORIENTED_EDGE('',*,*,#2684,.F.);
#1249=ORIENTED_EDGE('',*,*,#2685,.F.);
#1250=ORIENTED_EDGE('',*,*,#2686,.T.);
#1251=ORIENTED_EDGE('',*,*,#2687,.T.);
#1252=ORIENTED_EDGE('',*,*,#2688,.T.);
#1253=ORIENTED_EDGE('',*,*,#2681,.T.);
#1254=ORIENTED_EDGE('',*,*,#2689,.T.);
#1255=ORIENTED_EDGE('',*,*,#2690,.F.);
#1256=ORIENTED_EDGE('',*,*,#2691,.T.);
#1257=ORIENTED_EDGE('',*,*,#2692,.T.);
#1258=ORIENTED_EDGE('',*,*,#2693,.T.);
#1259=ORIENTED_EDGE('',*,*,#2694,.F.);
#1260=ORIENTED_EDGE('',*,*,#2683,.T.);
#1261=ORIENTED_EDGE('',*,*,#2695,.T.);
#1262=ORIENTED_EDGE('',*,*,#2696,.T.);
#1263=ORIENTED_EDGE('',*,*,#2697,.T.);
#1264=ORIENTED_EDGE('',*,*,#2698,.T.);
#1265=ORIENTED_EDGE('',*,*,#2699,.T.);
#1266=ORIENTED_EDGE('',*,*,#2700,.F.);
#1267=ORIENTED_EDGE('',*,*,#2701,.F.);
#1268=ORIENTED_EDGE('',*,*,#2702,.T.);
#1269=ORIENTED_EDGE('',*,*,#2703,.T.);
#1270=ORIENTED_EDGE('',*,*,#2704,.T.);
#1271=ORIENTED_EDGE('',*,*,#2705,.T.);
#1272=ORIENTED_EDGE('',*,*,#2706,.T.);
#1273=ORIENTED_EDGE('',*,*,#2707,.T.);
#1274=ORIENTED_EDGE('',*,*,#2708,.F.);
#1275=ORIENTED_EDGE('',*,*,#2709,.T.);
#1276=ORIENTED_EDGE('',*,*,#2710,.F.);
#1277=ORIENTED_EDGE('',*,*,#2711,.F.);
#1278=ORIENTED_EDGE('',*,*,#2690,.T.);
#1279=ORIENTED_EDGE('',*,*,#2712,.T.);
#1280=ORIENTED_EDGE('',*,*,#2713,.T.);
#1281=ORIENTED_EDGE('',*,*,#2646,.F.);
#1282=ORIENTED_EDGE('',*,*,#2714,.F.);
#1283=ORIENTED_EDGE('',*,*,#2656,.F.);
#1284=ORIENTED_EDGE('',*,*,#2715,.T.);
#1285=ORIENTED_EDGE('',*,*,#2716,.F.);
#1286=ORIENTED_EDGE('',*,*,#2708,.T.);
#1287=ORIENTED_EDGE('',*,*,#2717,.F.);
#1288=ORIENTED_EDGE('',*,*,#2663,.T.);
#1289=ORIENTED_EDGE('',*,*,#2718,.T.);
#1290=ORIENTED_EDGE('',*,*,#2719,.T.);
#1291=ORIENTED_EDGE('',*,*,#2693,.F.);
#1292=ORIENTED_EDGE('',*,*,#2720,.F.);
#1293=ORIENTED_EDGE('',*,*,#2702,.F.);
#1294=ORIENTED_EDGE('',*,*,#2721,.F.);
#1295=ORIENTED_EDGE('',*,*,#2722,.T.);
#1296=ORIENTED_EDGE('',*,*,#2667,.T.);
#1297=ORIENTED_EDGE('',*,*,#2723,.F.);
#1298=ORIENTED_EDGE('',*,*,#2724,.T.);
#1299=ORIENTED_EDGE('',*,*,#2725,.F.);
#1300=ORIENTED_EDGE('',*,*,#2726,.F.);
#1301=ORIENTED_EDGE('',*,*,#2727,.F.);
#1302=ORIENTED_EDGE('',*,*,#2728,.T.);
#1303=ORIENTED_EDGE('',*,*,#2729,.F.);
#1304=ORIENTED_EDGE('',*,*,#2730,.F.);
#1305=ORIENTED_EDGE('',*,*,#2731,.F.);
#1306=ORIENTED_EDGE('',*,*,#2732,.T.);
#1307=ORIENTED_EDGE('',*,*,#2733,.F.);
#1308=ORIENTED_EDGE('',*,*,#2734,.F.);
#1309=ORIENTED_EDGE('',*,*,#2735,.F.);
#1310=ORIENTED_EDGE('',*,*,#2736,.T.);
#1311=ORIENTED_EDGE('',*,*,#2737,.T.);
#1312=ORIENTED_EDGE('',*,*,#2738,.T.);
#1313=ORIENTED_EDGE('',*,*,#2739,.T.);
#1314=ORIENTED_EDGE('',*,*,#2740,.T.);
#1315=ORIENTED_EDGE('',*,*,#2741,.T.);
#1316=ORIENTED_EDGE('',*,*,#2742,.T.);
#1317=ORIENTED_EDGE('',*,*,#2743,.T.);
#1318=ORIENTED_EDGE('',*,*,#2686,.F.);
#1319=ORIENTED_EDGE('',*,*,#2744,.T.);
#1320=ORIENTED_EDGE('',*,*,#2745,.T.);
#1321=ORIENTED_EDGE('',*,*,#2746,.F.);
#1322=ORIENTED_EDGE('',*,*,#2678,.F.);
#1323=ORIENTED_EDGE('',*,*,#2747,.F.);
#1324=ORIENTED_EDGE('',*,*,#2748,.F.);
#1325=ORIENTED_EDGE('',*,*,#2749,.F.);
#1326=ORIENTED_EDGE('',*,*,#2750,.T.);
#1327=ORIENTED_EDGE('',*,*,#2700,.T.);
#1328=ORIENTED_EDGE('',*,*,#2751,.F.);
#1329=ORIENTED_EDGE('',*,*,#2710,.T.);
#1330=ORIENTED_EDGE('',*,*,#2752,.T.);
#1331=ORIENTED_EDGE('',*,*,#2753,.F.);
#1332=ORIENTED_EDGE('',*,*,#2754,.F.);
#1333=ORIENTED_EDGE('',*,*,#2755,.F.);
#1334=ORIENTED_EDGE('',*,*,#2756,.T.);
#1335=ORIENTED_EDGE('',*,*,#2757,.F.);
#1336=ORIENTED_EDGE('',*,*,#2758,.F.);
#1337=ORIENTED_EDGE('',*,*,#2759,.F.);
#1338=ORIENTED_EDGE('',*,*,#2760,.T.);
#1339=ORIENTED_EDGE('',*,*,#2761,.T.);
#1340=ORIENTED_EDGE('',*,*,#2762,.T.);
#1341=ORIENTED_EDGE('',*,*,#2763,.T.);
#1342=ORIENTED_EDGE('',*,*,#2754,.T.);
#1343=ORIENTED_EDGE('',*,*,#2764,.T.);
#1344=ORIENTED_EDGE('',*,*,#2765,.T.);
#1345=ORIENTED_EDGE('',*,*,#2766,.T.);
#1346=ORIENTED_EDGE('',*,*,#2767,.F.);
#1347=ORIENTED_EDGE('',*,*,#2768,.T.);
#1348=ORIENTED_EDGE('',*,*,#2769,.F.);
#1349=ORIENTED_EDGE('',*,*,#2770,.F.);
#1350=ORIENTED_EDGE('',*,*,#2771,.F.);
#1351=ORIENTED_EDGE('',*,*,#2772,.F.);
#1352=ORIENTED_EDGE('',*,*,#2773,.T.);
#1353=ORIENTED_EDGE('',*,*,#2774,.F.);
#1354=ORIENTED_EDGE('',*,*,#2748,.T.);
#1355=ORIENTED_EDGE('',*,*,#2775,.F.);
#1356=ORIENTED_EDGE('',*,*,#2776,.T.);
#1357=ORIENTED_EDGE('',*,*,#2777,.F.);
#1358=ORIENTED_EDGE('',*,*,#2778,.T.);
#1359=ORIENTED_EDGE('',*,*,#2779,.F.);
#1360=ORIENTED_EDGE('',*,*,#2780,.F.);
#1361=ORIENTED_EDGE('',*,*,#2781,.F.);
#1362=ORIENTED_EDGE('',*,*,#2782,.F.);
#1363=ORIENTED_EDGE('',*,*,#2783,.F.);
#1364=ORIENTED_EDGE('',*,*,#2784,.T.);
#1365=ORIENTED_EDGE('',*,*,#2785,.T.);
#1366=ORIENTED_EDGE('',*,*,#2786,.T.);
#1367=ORIENTED_EDGE('',*,*,#2787,.T.);
#1368=ORIENTED_EDGE('',*,*,#2788,.F.);
#1369=ORIENTED_EDGE('',*,*,#2789,.T.);
#1370=ORIENTED_EDGE('',*,*,#2790,.F.);
#1371=ORIENTED_EDGE('',*,*,#2791,.F.);
#1372=ORIENTED_EDGE('',*,*,#2792,.F.);
#1373=ORIENTED_EDGE('',*,*,#2793,.F.);
#1374=ORIENTED_EDGE('',*,*,#2794,.T.);
#1375=ORIENTED_EDGE('',*,*,#2795,.F.);
#1376=ORIENTED_EDGE('',*,*,#2796,.F.);
#1377=ORIENTED_EDGE('',*,*,#2797,.F.);
#1378=ORIENTED_EDGE('',*,*,#2798,.T.);
#1379=ORIENTED_EDGE('',*,*,#2799,.T.);
#1380=ORIENTED_EDGE('',*,*,#2800,.T.);
#1381=ORIENTED_EDGE('',*,*,#2801,.T.);
#1382=ORIENTED_EDGE('',*,*,#2802,.T.);
#1383=ORIENTED_EDGE('',*,*,#2803,.T.);
#1384=ORIENTED_EDGE('',*,*,#2804,.T.);
#1385=ORIENTED_EDGE('',*,*,#2805,.T.);
#1386=ORIENTED_EDGE('',*,*,#2806,.F.);
#1387=ORIENTED_EDGE('',*,*,#2807,.F.);
#1388=ORIENTED_EDGE('',*,*,#2808,.T.);
#1389=ORIENTED_EDGE('',*,*,#2809,.T.);
#1390=ORIENTED_EDGE('',*,*,#2810,.T.);
#1391=ORIENTED_EDGE('',*,*,#2811,.F.);
#1392=ORIENTED_EDGE('',*,*,#2812,.T.);
#1393=ORIENTED_EDGE('',*,*,#2813,.T.);
#1394=ORIENTED_EDGE('',*,*,#2814,.T.);
#1395=ORIENTED_EDGE('',*,*,#2815,.F.);
#1396=ORIENTED_EDGE('',*,*,#2816,.T.);
#1397=ORIENTED_EDGE('',*,*,#2817,.T.);
#1398=ORIENTED_EDGE('',*,*,#2818,.T.);
#1399=ORIENTED_EDGE('',*,*,#2819,.F.);
#1400=ORIENTED_EDGE('',*,*,#2820,.F.);
#1401=ORIENTED_EDGE('',*,*,#2821,.T.);
#1402=ORIENTED_EDGE('',*,*,#2822,.F.);
#1403=ORIENTED_EDGE('',*,*,#2823,.F.);
#1404=ORIENTED_EDGE('',*,*,#2824,.T.);
#1405=ORIENTED_EDGE('',*,*,#2825,.T.);
#1406=ORIENTED_EDGE('',*,*,#2826,.F.);
#1407=ORIENTED_EDGE('',*,*,#2806,.T.);
#1408=ORIENTED_EDGE('',*,*,#2827,.T.);
#1409=ORIENTED_EDGE('',*,*,#2812,.F.);
#1410=ORIENTED_EDGE('',*,*,#2828,.F.);
#1411=ORIENTED_EDGE('',*,*,#2829,.T.);
#1412=ORIENTED_EDGE('',*,*,#2830,.T.);
#1413=ORIENTED_EDGE('',*,*,#2831,.F.);
#1414=ORIENTED_EDGE('',*,*,#2832,.F.);
#1415=ORIENTED_EDGE('',*,*,#2814,.F.);
#1416=ORIENTED_EDGE('',*,*,#2833,.T.);
#1417=ORIENTED_EDGE('',*,*,#2820,.T.);
#1418=ORIENTED_EDGE('',*,*,#2813,.F.);
#1419=ORIENTED_EDGE('',*,*,#2827,.F.);
#1420=ORIENTED_EDGE('',*,*,#2821,.F.);
#1421=ORIENTED_EDGE('',*,*,#2833,.F.);
#1422=ORIENTED_EDGE('',*,*,#2828,.T.);
#1423=ORIENTED_EDGE('',*,*,#2834,.T.);
#1424=ORIENTED_EDGE('',*,*,#2636,.T.);
#1425=ORIENTED_EDGE('',*,*,#2835,.T.);
#1426=ORIENTED_EDGE('',*,*,#2822,.T.);
#1427=ORIENTED_EDGE('',*,*,#2836,.T.);
#1428=ORIENTED_EDGE('',*,*,#2628,.T.);
#1429=ORIENTED_EDGE('',*,*,#2837,.T.);
#1430=ORIENTED_EDGE('',*,*,#2838,.F.);
#1431=ORIENTED_EDGE('',*,*,#2634,.F.);
#1432=ORIENTED_EDGE('',*,*,#2839,.F.);
#1433=ORIENTED_EDGE('',*,*,#2807,.T.);
#1434=ORIENTED_EDGE('',*,*,#2826,.T.);
#1435=ORIENTED_EDGE('',*,*,#2811,.T.);
#1436=ORIENTED_EDGE('',*,*,#2840,.T.);
#1437=ORIENTED_EDGE('',*,*,#2630,.F.);
#1438=ORIENTED_EDGE('',*,*,#2841,.F.);
#1439=ORIENTED_EDGE('',*,*,#2824,.F.);
#1440=ORIENTED_EDGE('',*,*,#2842,.F.);
#1441=ORIENTED_EDGE('',*,*,#2830,.F.);
#1442=ORIENTED_EDGE('',*,*,#2843,.F.);
#1443=ORIENTED_EDGE('',*,*,#2626,.F.);
#1444=ORIENTED_EDGE('',*,*,#2844,.F.);
#1445=ORIENTED_EDGE('',*,*,#2815,.T.);
#1446=ORIENTED_EDGE('',*,*,#2832,.T.);
#1447=ORIENTED_EDGE('',*,*,#2819,.T.);
#1448=ORIENTED_EDGE('',*,*,#2845,.T.);
#1449=ORIENTED_EDGE('',*,*,#2638,.F.);
#1450=ORIENTED_EDGE('',*,*,#2846,.T.);
#1451=ORIENTED_EDGE('',*,*,#2847,.T.);
#1452=ORIENTED_EDGE('',*,*,#2848,.T.);
#1453=ORIENTED_EDGE('',*,*,#2849,.F.);
#1454=ORIENTED_EDGE('',*,*,#2850,.F.);
#1455=ORIENTED_EDGE('',*,*,#2851,.T.);
#1456=ORIENTED_EDGE('',*,*,#2849,.T.);
#1457=ORIENTED_EDGE('',*,*,#2852,.T.);
#1458=ORIENTED_EDGE('',*,*,#2649,.T.);
#1459=ORIENTED_EDGE('',*,*,#2853,.T.);
#1460=ORIENTED_EDGE('',*,*,#2854,.F.);
#1461=ORIENTED_EDGE('',*,*,#2855,.F.);
#1462=ORIENTED_EDGE('',*,*,#2674,.F.);
#1463=ORIENTED_EDGE('',*,*,#2856,.T.);
#1464=ORIENTED_EDGE('',*,*,#2857,.T.);
#1465=ORIENTED_EDGE('',*,*,#2858,.T.);
#1466=ORIENTED_EDGE('',*,*,#2851,.F.);
#1467=ORIENTED_EDGE('',*,*,#2859,.T.);
#1468=ORIENTED_EDGE('',*,*,#2860,.T.);
#1469=ORIENTED_EDGE('',*,*,#2861,.T.);
#1470=ORIENTED_EDGE('',*,*,#2862,.T.);
#1471=ORIENTED_EDGE('',*,*,#2863,.T.);
#1472=ORIENTED_EDGE('',*,*,#2766,.F.);
#1473=ORIENTED_EDGE('',*,*,#2864,.T.);
#1474=ORIENTED_EDGE('',*,*,#2865,.T.);
#1475=ORIENTED_EDGE('',*,*,#2866,.T.);
#1476=ORIENTED_EDGE('',*,*,#2867,.F.);
#1477=ORIENTED_EDGE('',*,*,#2868,.T.);
#1478=ORIENTED_EDGE('',*,*,#2869,.T.);
#1479=ORIENTED_EDGE('',*,*,#2870,.T.);
#1480=ORIENTED_EDGE('',*,*,#2871,.F.);
#1481=ORIENTED_EDGE('',*,*,#2872,.T.);
#1482=ORIENTED_EDGE('',*,*,#2772,.T.);
#1483=ORIENTED_EDGE('',*,*,#2873,.T.);
#1484=ORIENTED_EDGE('',*,*,#2874,.F.);
#1485=ORIENTED_EDGE('',*,*,#2875,.T.);
#1486=ORIENTED_EDGE('',*,*,#2655,.T.);
#1487=ORIENTED_EDGE('',*,*,#2876,.T.);
#1488=ORIENTED_EDGE('',*,*,#2764,.F.);
#1489=ORIENTED_EDGE('',*,*,#2753,.T.);
#1490=ORIENTED_EDGE('',*,*,#2877,.T.);
#1491=ORIENTED_EDGE('',*,*,#2715,.F.);
#1492=ORIENTED_EDGE('',*,*,#2774,.T.);
#1493=ORIENTED_EDGE('',*,*,#2878,.T.);
#1494=ORIENTED_EDGE('',*,*,#2668,.T.);
#1495=ORIENTED_EDGE('',*,*,#2722,.F.);
#1496=ORIENTED_EDGE('',*,*,#2879,.T.);
#1497=ORIENTED_EDGE('',*,*,#2749,.T.);
#1498=ORIENTED_EDGE('',*,*,#2713,.F.);
#1499=ORIENTED_EDGE('',*,*,#2880,.T.);
#1500=ORIENTED_EDGE('',*,*,#2679,.T.);
#1501=ORIENTED_EDGE('',*,*,#2746,.T.);
#1502=ORIENTED_EDGE('',*,*,#2881,.F.);
#1503=ORIENTED_EDGE('',*,*,#2882,.F.);
#1504=ORIENTED_EDGE('',*,*,#2647,.F.);
#1505=ORIENTED_EDGE('',*,*,#2685,.T.);
#1506=ORIENTED_EDGE('',*,*,#2883,.T.);
#1507=ORIENTED_EDGE('',*,*,#2718,.F.);
#1508=ORIENTED_EDGE('',*,*,#2676,.T.);
#1509=ORIENTED_EDGE('',*,*,#2884,.F.);
#1510=ORIENTED_EDGE('',*,*,#2885,.F.);
#1511=ORIENTED_EDGE('',*,*,#2744,.F.);
#1512=ORIENTED_EDGE('',*,*,#2886,.F.);
#1513=ORIENTED_EDGE('',*,*,#2857,.F.);
#1514=ORIENTED_EDGE('',*,*,#2887,.F.);
#1515=ORIENTED_EDGE('',*,*,#2768,.F.);
#1516=ORIENTED_EDGE('',*,*,#2888,.F.);
#1517=ORIENTED_EDGE('',*,*,#2651,.T.);
#1518=ORIENTED_EDGE('',*,*,#2889,.F.);
#1519=ORIENTED_EDGE('',*,*,#2672,.T.);
#1520=ORIENTED_EDGE('',*,*,#2890,.F.);
#1521=ORIENTED_EDGE('',*,*,#2770,.T.);
#1522=ORIENTED_EDGE('',*,*,#2891,.F.);
#1523=ORIENTED_EDGE('',*,*,#2860,.F.);
#1524=ORIENTED_EDGE('',*,*,#2885,.T.);
#1525=ORIENTED_EDGE('',*,*,#2854,.T.);
#1526=ORIENTED_EDGE('',*,*,#2881,.T.);
#1527=ORIENTED_EDGE('',*,*,#2745,.F.);
#1528=ORIENTED_EDGE('',*,*,#2887,.T.);
#1529=ORIENTED_EDGE('',*,*,#2861,.F.);
#1530=ORIENTED_EDGE('',*,*,#2891,.T.);
#1531=ORIENTED_EDGE('',*,*,#2769,.T.);
#1532=ORIENTED_EDGE('',*,*,#2892,.T.);
#1533=ORIENTED_EDGE('',*,*,#2893,.T.);
#1534=ORIENTED_EDGE('',*,*,#2894,.T.);
#1535=ORIENTED_EDGE('',*,*,#2895,.T.);
#1536=ORIENTED_EDGE('',*,*,#2896,.F.);
#1537=ORIENTED_EDGE('',*,*,#2897,.F.);
#1538=ORIENTED_EDGE('',*,*,#2898,.T.);
#1539=ORIENTED_EDGE('',*,*,#2899,.T.);
#1540=ORIENTED_EDGE('',*,*,#2900,.T.);
#1541=ORIENTED_EDGE('',*,*,#2901,.F.);
#1542=ORIENTED_EDGE('',*,*,#2902,.F.);
#1543=ORIENTED_EDGE('',*,*,#2903,.T.);
#1544=ORIENTED_EDGE('',*,*,#2904,.T.);
#1545=ORIENTED_EDGE('',*,*,#2905,.T.);
#1546=ORIENTED_EDGE('',*,*,#2906,.T.);
#1547=ORIENTED_EDGE('',*,*,#2907,.T.);
#1548=ORIENTED_EDGE('',*,*,#2908,.T.);
#1549=ORIENTED_EDGE('',*,*,#2909,.T.);
#1550=ORIENTED_EDGE('',*,*,#2910,.T.);
#1551=ORIENTED_EDGE('',*,*,#2911,.T.);
#1552=ORIENTED_EDGE('',*,*,#2912,.F.);
#1553=ORIENTED_EDGE('',*,*,#2913,.T.);
#1554=ORIENTED_EDGE('',*,*,#2914,.F.);
#1555=ORIENTED_EDGE('',*,*,#2915,.T.);
#1556=ORIENTED_EDGE('',*,*,#2916,.T.);
#1557=ORIENTED_EDGE('',*,*,#2917,.T.);
#1558=ORIENTED_EDGE('',*,*,#2918,.T.);
#1559=ORIENTED_EDGE('',*,*,#2919,.T.);
#1560=ORIENTED_EDGE('',*,*,#2920,.T.);
#1561=ORIENTED_EDGE('',*,*,#2921,.T.);
#1562=ORIENTED_EDGE('',*,*,#2922,.F.);
#1563=ORIENTED_EDGE('',*,*,#2923,.T.);
#1564=ORIENTED_EDGE('',*,*,#2924,.T.);
#1565=ORIENTED_EDGE('',*,*,#2925,.T.);
#1566=ORIENTED_EDGE('',*,*,#2926,.T.);
#1567=ORIENTED_EDGE('',*,*,#2927,.T.);
#1568=ORIENTED_EDGE('',*,*,#2928,.F.);
#1569=ORIENTED_EDGE('',*,*,#2929,.F.);
#1570=ORIENTED_EDGE('',*,*,#2930,.T.);
#1571=ORIENTED_EDGE('',*,*,#2931,.T.);
#1572=ORIENTED_EDGE('',*,*,#2932,.T.);
#1573=ORIENTED_EDGE('',*,*,#2933,.T.);
#1574=ORIENTED_EDGE('',*,*,#2934,.T.);
#1575=ORIENTED_EDGE('',*,*,#2935,.F.);
#1576=ORIENTED_EDGE('',*,*,#2894,.F.);
#1577=ORIENTED_EDGE('',*,*,#2936,.T.);
#1578=ORIENTED_EDGE('',*,*,#2902,.T.);
#1579=ORIENTED_EDGE('',*,*,#2937,.T.);
#1580=ORIENTED_EDGE('',*,*,#2926,.F.);
#1581=ORIENTED_EDGE('',*,*,#2938,.T.);
#1582=ORIENTED_EDGE('',*,*,#2914,.T.);
#1583=ORIENTED_EDGE('',*,*,#2939,.T.);
#1584=ORIENTED_EDGE('',*,*,#2940,.F.);
#1585=ORIENTED_EDGE('',*,*,#2892,.F.);
#1586=ORIENTED_EDGE('',*,*,#2941,.F.);
#1587=ORIENTED_EDGE('',*,*,#2605,.F.);
#1588=ORIENTED_EDGE('',*,*,#2942,.F.);
#1589=ORIENTED_EDGE('',*,*,#2789,.F.);
#1590=ORIENTED_EDGE('',*,*,#2943,.T.);
#1591=ORIENTED_EDGE('',*,*,#2904,.F.);
#1592=ORIENTED_EDGE('',*,*,#2944,.F.);
#1593=ORIENTED_EDGE('',*,*,#2924,.F.);
#1594=ORIENTED_EDGE('',*,*,#2945,.T.);
#1595=ORIENTED_EDGE('',*,*,#2799,.F.);
#1596=ORIENTED_EDGE('',*,*,#2946,.F.);
#1597=ORIENTED_EDGE('',*,*,#2613,.F.);
#1598=ORIENTED_EDGE('',*,*,#2947,.F.);
#1599=ORIENTED_EDGE('',*,*,#2916,.F.);
#1600=ORIENTED_EDGE('',*,*,#2896,.T.);
#1601=ORIENTED_EDGE('',*,*,#2948,.T.);
#1602=ORIENTED_EDGE('',*,*,#2912,.T.);
#1603=ORIENTED_EDGE('',*,*,#2949,.F.);
#1604=ORIENTED_EDGE('',*,*,#2781,.T.);
#1605=ORIENTED_EDGE('',*,*,#2950,.T.);
#1606=ORIENTED_EDGE('',*,*,#2607,.T.);
#1607=ORIENTED_EDGE('',*,*,#2951,.T.);
#1608=ORIENTED_EDGE('',*,*,#2928,.T.);
#1609=ORIENTED_EDGE('',*,*,#2952,.T.);
#1610=ORIENTED_EDGE('',*,*,#2922,.T.);
#1611=ORIENTED_EDGE('',*,*,#2953,.T.);
#1612=ORIENTED_EDGE('',*,*,#2611,.T.);
#1613=ORIENTED_EDGE('',*,*,#2954,.T.);
#1614=ORIENTED_EDGE('',*,*,#2777,.T.);
#1615=ORIENTED_EDGE('',*,*,#2955,.F.);
#1616=ORIENTED_EDGE('',*,*,#2901,.T.);
#1617=ORIENTED_EDGE('',*,*,#2956,.F.);
#1618=ORIENTED_EDGE('',*,*,#2957,.F.);
#1619=ORIENTED_EDGE('',*,*,#2958,.F.);
#1620=ORIENTED_EDGE('',*,*,#2959,.F.);
#1621=ORIENTED_EDGE('',*,*,#2960,.F.);
#1622=ORIENTED_EDGE('',*,*,#2897,.T.);
#1623=ORIENTED_EDGE('',*,*,#2951,.F.);
#1624=ORIENTED_EDGE('',*,*,#2606,.F.);
#1625=ORIENTED_EDGE('',*,*,#2941,.T.);
#1626=ORIENTED_EDGE('',*,*,#2961,.F.);
#1627=ORIENTED_EDGE('',*,*,#2905,.F.);
#1628=ORIENTED_EDGE('',*,*,#2943,.F.);
#1629=ORIENTED_EDGE('',*,*,#2788,.T.);
#1630=ORIENTED_EDGE('',*,*,#2962,.F.);
#1631=ORIENTED_EDGE('',*,*,#2782,.T.);
#1632=ORIENTED_EDGE('',*,*,#2949,.T.);
#1633=ORIENTED_EDGE('',*,*,#2911,.F.);
#1634=ORIENTED_EDGE('',*,*,#2963,.F.);
#1635=ORIENTED_EDGE('',*,*,#2917,.F.);
#1636=ORIENTED_EDGE('',*,*,#2947,.T.);
#1637=ORIENTED_EDGE('',*,*,#2612,.T.);
#1638=ORIENTED_EDGE('',*,*,#2953,.F.);
#1639=ORIENTED_EDGE('',*,*,#2921,.F.);
#1640=ORIENTED_EDGE('',*,*,#2964,.F.);
#1641=ORIENTED_EDGE('',*,*,#2965,.F.);
#1642=ORIENTED_EDGE('',*,*,#2966,.F.);
#1643=ORIENTED_EDGE('',*,*,#2967,.F.);
#1644=ORIENTED_EDGE('',*,*,#2968,.F.);
#1645=ORIENTED_EDGE('',*,*,#2800,.F.);
#1646=ORIENTED_EDGE('',*,*,#2945,.F.);
#1647=ORIENTED_EDGE('',*,*,#2935,.T.);
#1648=ORIENTED_EDGE('',*,*,#2969,.F.);
#1649=ORIENTED_EDGE('',*,*,#2929,.T.);
#1650=ORIENTED_EDGE('',*,*,#2955,.T.);
#1651=ORIENTED_EDGE('',*,*,#2776,.F.);
#1652=ORIENTED_EDGE('',*,*,#2970,.T.);
#1653=ORIENTED_EDGE('',*,*,#2778,.F.);
#1654=ORIENTED_EDGE('',*,*,#2954,.F.);
#1655=ORIENTED_EDGE('',*,*,#2610,.F.);
#1656=ORIENTED_EDGE('',*,*,#2971,.F.);
#1657=ORIENTED_EDGE('',*,*,#2972,.F.);
#1658=ORIENTED_EDGE('',*,*,#2973,.F.);
#1659=ORIENTED_EDGE('',*,*,#2974,.F.);
#1660=ORIENTED_EDGE('',*,*,#2790,.T.);
#1661=ORIENTED_EDGE('',*,*,#2942,.T.);
#1662=ORIENTED_EDGE('',*,*,#2604,.T.);
#1663=ORIENTED_EDGE('',*,*,#2975,.F.);
#1664=ORIENTED_EDGE('',*,*,#2976,.F.);
#1665=ORIENTED_EDGE('',*,*,#2618,.T.);
#1666=ORIENTED_EDGE('',*,*,#2977,.F.);
#1667=ORIENTED_EDGE('',*,*,#2978,.F.);
#1668=ORIENTED_EDGE('',*,*,#2979,.F.);
#1669=ORIENTED_EDGE('',*,*,#2980,.F.);
#1670=ORIENTED_EDGE('',*,*,#2981,.F.);
#1671=ORIENTED_EDGE('',*,*,#2979,.T.);
#1672=ORIENTED_EDGE('',*,*,#2982,.F.);
#1673=ORIENTED_EDGE('',*,*,#2983,.F.);
#1674=ORIENTED_EDGE('',*,*,#2984,.F.);
#1675=ORIENTED_EDGE('',*,*,#2983,.T.);
#1676=ORIENTED_EDGE('',*,*,#2985,.F.);
#1677=ORIENTED_EDGE('',*,*,#2986,.F.);
#1678=ORIENTED_EDGE('',*,*,#2987,.F.);
#1679=ORIENTED_EDGE('',*,*,#2986,.T.);
#1680=ORIENTED_EDGE('',*,*,#2988,.F.);
#1681=ORIENTED_EDGE('',*,*,#2989,.F.);
#1682=ORIENTED_EDGE('',*,*,#2794,.F.);
#1683=ORIENTED_EDGE('',*,*,#2990,.T.);
#1684=ORIENTED_EDGE('',*,*,#2991,.T.);
#1685=ORIENTED_EDGE('',*,*,#2989,.T.);
#1686=ORIENTED_EDGE('',*,*,#2992,.T.);
#1687=ORIENTED_EDGE('',*,*,#2993,.T.);
#1688=ORIENTED_EDGE('',*,*,#2994,.T.);
#1689=ORIENTED_EDGE('',*,*,#2608,.T.);
#1690=ORIENTED_EDGE('',*,*,#2950,.F.);
#1691=ORIENTED_EDGE('',*,*,#2780,.T.);
#1692=ORIENTED_EDGE('',*,*,#2995,.F.);
#1693=ORIENTED_EDGE('',*,*,#2996,.T.);
#1694=ORIENTED_EDGE('',*,*,#2997,.T.);
#1695=ORIENTED_EDGE('',*,*,#2998,.T.);
#1696=ORIENTED_EDGE('',*,*,#2614,.F.);
#1697=ORIENTED_EDGE('',*,*,#2946,.T.);
#1698=ORIENTED_EDGE('',*,*,#2798,.F.);
#1699=ORIENTED_EDGE('',*,*,#2999,.T.);
#1700=ORIENTED_EDGE('',*,*,#2970,.F.);
#1701=ORIENTED_EDGE('',*,*,#3000,.F.);
#1702=ORIENTED_EDGE('',*,*,#2995,.T.);
#1703=ORIENTED_EDGE('',*,*,#2779,.T.);
#1704=ORIENTED_EDGE('',*,*,#2974,.T.);
#1705=ORIENTED_EDGE('',*,*,#3001,.F.);
#1706=ORIENTED_EDGE('',*,*,#2996,.F.);
#1707=ORIENTED_EDGE('',*,*,#3000,.T.);
#1708=ORIENTED_EDGE('',*,*,#2973,.T.);
#1709=ORIENTED_EDGE('',*,*,#3002,.F.);
#1710=ORIENTED_EDGE('',*,*,#2997,.F.);
#1711=ORIENTED_EDGE('',*,*,#3001,.T.);
#1712=ORIENTED_EDGE('',*,*,#2972,.T.);
#1713=ORIENTED_EDGE('',*,*,#3003,.F.);
#1714=ORIENTED_EDGE('',*,*,#2998,.F.);
#1715=ORIENTED_EDGE('',*,*,#3002,.T.);
#1716=ORIENTED_EDGE('',*,*,#2971,.T.);
#1717=ORIENTED_EDGE('',*,*,#2609,.F.);
#1718=ORIENTED_EDGE('',*,*,#2994,.F.);
#1719=ORIENTED_EDGE('',*,*,#3003,.T.);
#1720=ORIENTED_EDGE('',*,*,#2978,.T.);
#1721=ORIENTED_EDGE('',*,*,#3004,.T.);
#1722=ORIENTED_EDGE('',*,*,#2992,.F.);
#1723=ORIENTED_EDGE('',*,*,#2988,.T.);
#1724=ORIENTED_EDGE('',*,*,#2985,.T.);
#1725=ORIENTED_EDGE('',*,*,#2982,.T.);
#1726=ORIENTED_EDGE('',*,*,#2617,.T.);
#1727=ORIENTED_EDGE('',*,*,#3005,.F.);
#1728=ORIENTED_EDGE('',*,*,#2795,.T.);
#1729=ORIENTED_EDGE('',*,*,#2993,.F.);
#1730=ORIENTED_EDGE('',*,*,#3004,.F.);
#1731=ORIENTED_EDGE('',*,*,#2977,.T.);
#1732=ORIENTED_EDGE('',*,*,#2980,.T.);
#1733=ORIENTED_EDGE('',*,*,#2981,.T.);
#1734=ORIENTED_EDGE('',*,*,#2984,.T.);
#1735=ORIENTED_EDGE('',*,*,#2987,.T.);
#1736=ORIENTED_EDGE('',*,*,#2991,.F.);
#1737=ORIENTED_EDGE('',*,*,#3006,.F.);
#1738=ORIENTED_EDGE('',*,*,#2976,.T.);
#1739=ORIENTED_EDGE('',*,*,#3006,.T.);
#1740=ORIENTED_EDGE('',*,*,#2990,.F.);
#1741=ORIENTED_EDGE('',*,*,#2793,.T.);
#1742=ORIENTED_EDGE('',*,*,#3007,.T.);
#1743=ORIENTED_EDGE('',*,*,#2601,.T.);
#1744=ORIENTED_EDGE('',*,*,#2615,.F.);
#1745=ORIENTED_EDGE('',*,*,#2999,.F.);
#1746=ORIENTED_EDGE('',*,*,#2797,.T.);
#1747=ORIENTED_EDGE('',*,*,#3008,.T.);
#1748=ORIENTED_EDGE('',*,*,#2616,.F.);
#1749=ORIENTED_EDGE('',*,*,#3008,.F.);
#1750=ORIENTED_EDGE('',*,*,#2796,.T.);
#1751=ORIENTED_EDGE('',*,*,#3005,.T.);
#1752=ORIENTED_EDGE('',*,*,#2602,.F.);
#1753=ORIENTED_EDGE('',*,*,#3007,.F.);
#1754=ORIENTED_EDGE('',*,*,#2792,.T.);
#1755=ORIENTED_EDGE('',*,*,#3009,.T.);
#1756=ORIENTED_EDGE('',*,*,#2603,.F.);
#1757=ORIENTED_EDGE('',*,*,#3009,.F.);
#1758=ORIENTED_EDGE('',*,*,#2791,.T.);
#1759=ORIENTED_EDGE('',*,*,#2975,.T.);
#1760=ORIENTED_EDGE('',*,*,#2958,.T.);
#1761=ORIENTED_EDGE('',*,*,#3010,.F.);
#1762=ORIENTED_EDGE('',*,*,#2785,.F.);
#1763=ORIENTED_EDGE('',*,*,#3011,.T.);
#1764=ORIENTED_EDGE('',*,*,#2957,.T.);
#1765=ORIENTED_EDGE('',*,*,#3012,.F.);
#1766=ORIENTED_EDGE('',*,*,#2786,.F.);
#1767=ORIENTED_EDGE('',*,*,#3010,.T.);
#1768=ORIENTED_EDGE('',*,*,#2956,.T.);
#1769=ORIENTED_EDGE('',*,*,#2900,.F.);
#1770=ORIENTED_EDGE('',*,*,#3013,.T.);
#1771=ORIENTED_EDGE('',*,*,#2906,.F.);
#1772=ORIENTED_EDGE('',*,*,#2961,.T.);
#1773=ORIENTED_EDGE('',*,*,#2787,.F.);
#1774=ORIENTED_EDGE('',*,*,#3012,.T.);
#1775=ORIENTED_EDGE('',*,*,#2960,.T.);
#1776=ORIENTED_EDGE('',*,*,#3014,.F.);
#1777=ORIENTED_EDGE('',*,*,#2783,.T.);
#1778=ORIENTED_EDGE('',*,*,#2962,.T.);
#1779=ORIENTED_EDGE('',*,*,#2910,.F.);
#1780=ORIENTED_EDGE('',*,*,#3015,.F.);
#1781=ORIENTED_EDGE('',*,*,#2898,.F.);
#1782=ORIENTED_EDGE('',*,*,#2959,.T.);
#1783=ORIENTED_EDGE('',*,*,#3011,.F.);
#1784=ORIENTED_EDGE('',*,*,#2784,.F.);
#1785=ORIENTED_EDGE('',*,*,#3014,.T.);
#1786=ORIENTED_EDGE('',*,*,#2964,.T.);
#1787=ORIENTED_EDGE('',*,*,#2920,.F.);
#1788=ORIENTED_EDGE('',*,*,#3016,.F.);
#1789=ORIENTED_EDGE('',*,*,#2930,.F.);
#1790=ORIENTED_EDGE('',*,*,#2969,.T.);
#1791=ORIENTED_EDGE('',*,*,#2775,.T.);
#1792=ORIENTED_EDGE('',*,*,#3017,.T.);
#1793=ORIENTED_EDGE('',*,*,#2963,.T.);
#1794=ORIENTED_EDGE('',*,*,#3018,.F.);
#1795=ORIENTED_EDGE('',*,*,#2801,.F.);
#1796=ORIENTED_EDGE('',*,*,#2968,.T.);
#1797=ORIENTED_EDGE('',*,*,#2934,.F.);
#1798=ORIENTED_EDGE('',*,*,#3019,.T.);
#1799=ORIENTED_EDGE('',*,*,#2918,.F.);
#1800=ORIENTED_EDGE('',*,*,#2967,.T.);
#1801=ORIENTED_EDGE('',*,*,#3020,.F.);
#1802=ORIENTED_EDGE('',*,*,#2802,.F.);
#1803=ORIENTED_EDGE('',*,*,#3018,.T.);
#1804=ORIENTED_EDGE('',*,*,#2966,.T.);
#1805=ORIENTED_EDGE('',*,*,#3021,.F.);
#1806=ORIENTED_EDGE('',*,*,#2803,.F.);
#1807=ORIENTED_EDGE('',*,*,#3020,.T.);
#1808=ORIENTED_EDGE('',*,*,#2965,.T.);
#1809=ORIENTED_EDGE('',*,*,#3017,.F.);
#1810=ORIENTED_EDGE('',*,*,#2804,.F.);
#1811=ORIENTED_EDGE('',*,*,#3021,.T.);
#1812=ORIENTED_EDGE('',*,*,#3022,.F.);
#1813=ORIENTED_EDGE('',*,*,#2931,.F.);
#1814=ORIENTED_EDGE('',*,*,#3016,.T.);
#1815=ORIENTED_EDGE('',*,*,#2919,.F.);
#1816=ORIENTED_EDGE('',*,*,#3019,.F.);
#1817=ORIENTED_EDGE('',*,*,#2933,.F.);
#1818=ORIENTED_EDGE('',*,*,#3023,.T.);
#1819=ORIENTED_EDGE('',*,*,#3024,.F.);
#1820=ORIENTED_EDGE('',*,*,#3025,.F.);
#1821=ORIENTED_EDGE('',*,*,#3026,.T.);
#1822=ORIENTED_EDGE('',*,*,#3027,.T.);
#1823=ORIENTED_EDGE('',*,*,#2907,.F.);
#1824=ORIENTED_EDGE('',*,*,#3013,.F.);
#1825=ORIENTED_EDGE('',*,*,#2899,.F.);
#1826=ORIENTED_EDGE('',*,*,#3015,.T.);
#1827=ORIENTED_EDGE('',*,*,#2909,.F.);
#1828=ORIENTED_EDGE('',*,*,#2923,.F.);
#1829=ORIENTED_EDGE('',*,*,#2952,.F.);
#1830=ORIENTED_EDGE('',*,*,#2927,.F.);
#1831=ORIENTED_EDGE('',*,*,#2939,.F.);
#1832=ORIENTED_EDGE('',*,*,#2913,.F.);
#1833=ORIENTED_EDGE('',*,*,#2948,.F.);
#1834=ORIENTED_EDGE('',*,*,#2895,.F.);
#1835=ORIENTED_EDGE('',*,*,#2937,.F.);
#1836=ORIENTED_EDGE('',*,*,#2925,.F.);
#1837=ORIENTED_EDGE('',*,*,#2944,.T.);
#1838=ORIENTED_EDGE('',*,*,#2915,.F.);
#1839=ORIENTED_EDGE('',*,*,#2938,.F.);
#1840=ORIENTED_EDGE('',*,*,#2893,.F.);
#1841=ORIENTED_EDGE('',*,*,#2940,.T.);
#1842=ORIENTED_EDGE('',*,*,#2903,.F.);
#1843=ORIENTED_EDGE('',*,*,#2936,.F.);
#1844=ORIENTED_EDGE('',*,*,#2648,.F.);
#1845=ORIENTED_EDGE('',*,*,#2882,.T.);
#1846=ORIENTED_EDGE('',*,*,#2853,.F.);
#1847=ORIENTED_EDGE('',*,*,#2884,.T.);
#1848=ORIENTED_EDGE('',*,*,#2675,.T.);
#1849=ORIENTED_EDGE('',*,*,#2855,.T.);
#1850=ORIENTED_EDGE('',*,*,#2721,.T.);
#1851=ORIENTED_EDGE('',*,*,#2701,.T.);
#1852=ORIENTED_EDGE('',*,*,#2750,.F.);
#1853=ORIENTED_EDGE('',*,*,#2879,.F.);
#1854=ORIENTED_EDGE('',*,*,#2752,.F.);
#1855=ORIENTED_EDGE('',*,*,#2709,.F.);
#1856=ORIENTED_EDGE('',*,*,#2716,.T.);
#1857=ORIENTED_EDGE('',*,*,#2877,.F.);
#1858=ORIENTED_EDGE('',*,*,#2684,.T.);
#1859=ORIENTED_EDGE('',*,*,#2694,.T.);
#1860=ORIENTED_EDGE('',*,*,#2719,.F.);
#1861=ORIENTED_EDGE('',*,*,#2883,.F.);
#1862=ORIENTED_EDGE('',*,*,#2712,.F.);
#1863=ORIENTED_EDGE('',*,*,#2689,.F.);
#1864=ORIENTED_EDGE('',*,*,#2680,.T.);
#1865=ORIENTED_EDGE('',*,*,#2880,.F.);
#1866=ORIENTED_EDGE('',*,*,#3028,.F.);
#1867=ORIENTED_EDGE('',*,*,#2670,.T.);
#1868=ORIENTED_EDGE('',*,*,#3029,.T.);
#1869=ORIENTED_EDGE('',*,*,#2871,.T.);
#1870=ORIENTED_EDGE('',*,*,#3030,.F.);
#1871=ORIENTED_EDGE('',*,*,#2869,.F.);
#1872=ORIENTED_EDGE('',*,*,#3031,.T.);
#1873=ORIENTED_EDGE('',*,*,#2874,.T.);
#1874=ORIENTED_EDGE('',*,*,#2878,.F.);
#1875=ORIENTED_EDGE('',*,*,#2773,.F.);
#1876=ORIENTED_EDGE('',*,*,#2875,.F.);
#1877=ORIENTED_EDGE('',*,*,#3031,.F.);
#1878=ORIENTED_EDGE('',*,*,#2872,.F.);
#1879=ORIENTED_EDGE('',*,*,#3029,.F.);
#1880=ORIENTED_EDGE('',*,*,#2669,.F.);
#1881=ORIENTED_EDGE('',*,*,#3032,.T.);
#1882=ORIENTED_EDGE('',*,*,#2771,.T.);
#1883=ORIENTED_EDGE('',*,*,#2890,.T.);
#1884=ORIENTED_EDGE('',*,*,#2671,.T.);
#1885=ORIENTED_EDGE('',*,*,#3028,.T.);
#1886=ORIENTED_EDGE('',*,*,#2653,.F.);
#1887=ORIENTED_EDGE('',*,*,#3033,.F.);
#1888=ORIENTED_EDGE('',*,*,#2865,.F.);
#1889=ORIENTED_EDGE('',*,*,#3034,.T.);
#1890=ORIENTED_EDGE('',*,*,#3035,.T.);
#1891=ORIENTED_EDGE('',*,*,#2862,.F.);
#1892=ORIENTED_EDGE('',*,*,#3036,.T.);
#1893=ORIENTED_EDGE('',*,*,#2867,.T.);
#1894=ORIENTED_EDGE('',*,*,#2876,.F.);
#1895=ORIENTED_EDGE('',*,*,#2654,.T.);
#1896=ORIENTED_EDGE('',*,*,#3034,.F.);
#1897=ORIENTED_EDGE('',*,*,#2868,.F.);
#1898=ORIENTED_EDGE('',*,*,#3036,.F.);
#1899=ORIENTED_EDGE('',*,*,#2864,.F.);
#1900=ORIENTED_EDGE('',*,*,#2765,.F.);
#1901=ORIENTED_EDGE('',*,*,#3037,.F.);
#1902=ORIENTED_EDGE('',*,*,#3033,.T.);
#1903=ORIENTED_EDGE('',*,*,#2652,.F.);
#1904=ORIENTED_EDGE('',*,*,#2888,.T.);
#1905=ORIENTED_EDGE('',*,*,#2767,.T.);
#1906=ORIENTED_EDGE('',*,*,#3030,.T.);
#1907=ORIENTED_EDGE('',*,*,#2873,.F.);
#1908=ORIENTED_EDGE('',*,*,#3032,.F.);
#1909=ORIENTED_EDGE('',*,*,#2870,.F.);
#1910=ORIENTED_EDGE('',*,*,#3035,.F.);
#1911=ORIENTED_EDGE('',*,*,#2866,.F.);
#1912=ORIENTED_EDGE('',*,*,#3037,.T.);
#1913=ORIENTED_EDGE('',*,*,#2863,.F.);
#1914=ORIENTED_EDGE('',*,*,#2673,.F.);
#1915=ORIENTED_EDGE('',*,*,#2889,.T.);
#1916=ORIENTED_EDGE('',*,*,#2859,.F.);
#1917=ORIENTED_EDGE('',*,*,#2850,.T.);
#1918=ORIENTED_EDGE('',*,*,#2856,.F.);
#1919=ORIENTED_EDGE('',*,*,#2848,.F.);
#1920=ORIENTED_EDGE('',*,*,#2858,.F.);
#1921=ORIENTED_EDGE('',*,*,#2886,.T.);
#1922=ORIENTED_EDGE('',*,*,#2650,.T.);
#1923=ORIENTED_EDGE('',*,*,#2852,.F.);
#1924=ORIENTED_EDGE('',*,*,#2805,.F.);
#1925=ORIENTED_EDGE('',*,*,#2847,.F.);
#1926=ORIENTED_EDGE('',*,*,#2632,.T.);
#1927=ORIENTED_EDGE('',*,*,#3038,.F.);
#1928=ORIENTED_EDGE('',*,*,#2809,.F.);
#1929=ORIENTED_EDGE('',*,*,#3039,.T.);
#1930=ORIENTED_EDGE('',*,*,#2631,.T.);
#1931=ORIENTED_EDGE('',*,*,#2840,.F.);
#1932=ORIENTED_EDGE('',*,*,#2810,.F.);
#1933=ORIENTED_EDGE('',*,*,#3038,.T.);
#1934=ORIENTED_EDGE('',*,*,#2633,.T.);
#1935=ORIENTED_EDGE('',*,*,#3039,.F.);
#1936=ORIENTED_EDGE('',*,*,#2808,.F.);
#1937=ORIENTED_EDGE('',*,*,#2839,.T.);
#1938=ORIENTED_EDGE('',*,*,#2639,.T.);
#1939=ORIENTED_EDGE('',*,*,#2845,.F.);
#1940=ORIENTED_EDGE('',*,*,#2818,.F.);
#1941=ORIENTED_EDGE('',*,*,#3040,.T.);
#1942=ORIENTED_EDGE('',*,*,#2624,.T.);
#1943=ORIENTED_EDGE('',*,*,#3041,.F.);
#1944=ORIENTED_EDGE('',*,*,#3042,.T.);
#1945=ORIENTED_EDGE('',*,*,#3043,.T.);
#1946=ORIENTED_EDGE('',*,*,#2640,.T.);
#1947=ORIENTED_EDGE('',*,*,#3040,.F.);
#1948=ORIENTED_EDGE('',*,*,#2817,.F.);
#1949=ORIENTED_EDGE('',*,*,#3044,.T.);
#1950=ORIENTED_EDGE('',*,*,#2625,.T.);
#1951=ORIENTED_EDGE('',*,*,#3044,.F.);
#1952=ORIENTED_EDGE('',*,*,#2816,.F.);
#1953=ORIENTED_EDGE('',*,*,#2844,.T.);
#1954=ORIENTED_EDGE('',*,*,#3045,.F.);
#1955=ORIENTED_EDGE('',*,*,#2846,.F.);
#1956=ORIENTED_EDGE('',*,*,#3045,.T.);
#1957=ORIENTED_EDGE('',*,*,#3046,.T.);
#1958=ORIENTED_EDGE('',*,*,#3047,.T.);
#1959=ORIENTED_EDGE('',*,*,#3047,.F.);
#1960=ORIENTED_EDGE('',*,*,#3046,.F.);
#1961=ORIENTED_EDGE('',*,*,#2635,.F.);
#1962=ORIENTED_EDGE('',*,*,#2838,.T.);
#1963=ORIENTED_EDGE('',*,*,#2823,.T.);
#1964=ORIENTED_EDGE('',*,*,#2835,.F.);
#1965=ORIENTED_EDGE('',*,*,#2825,.F.);
#1966=ORIENTED_EDGE('',*,*,#2841,.T.);
#1967=ORIENTED_EDGE('',*,*,#2629,.T.);
#1968=ORIENTED_EDGE('',*,*,#2836,.F.);
#1969=ORIENTED_EDGE('',*,*,#2627,.T.);
#1970=ORIENTED_EDGE('',*,*,#2843,.T.);
#1971=ORIENTED_EDGE('',*,*,#2829,.F.);
#1972=ORIENTED_EDGE('',*,*,#2837,.F.);
#1973=ORIENTED_EDGE('',*,*,#2831,.T.);
#1974=ORIENTED_EDGE('',*,*,#2842,.T.);
#1975=ORIENTED_EDGE('',*,*,#2637,.F.);
#1976=ORIENTED_EDGE('',*,*,#2834,.F.);
#1977=ORIENTED_EDGE('',*,*,#2660,.F.);
#1978=ORIENTED_EDGE('',*,*,#3048,.F.);
#1979=ORIENTED_EDGE('',*,*,#2908,.F.);
#1980=ORIENTED_EDGE('',*,*,#3049,.T.);
#1981=ORIENTED_EDGE('',*,*,#3050,.T.);
#1982=ORIENTED_EDGE('',*,*,#3051,.F.);
#1983=ORIENTED_EDGE('',*,*,#3052,.F.);
#1984=ORIENTED_EDGE('',*,*,#2662,.T.);
#1985=ORIENTED_EDGE('',*,*,#3053,.T.);
#1986=ORIENTED_EDGE('',*,*,#3026,.F.);
#1987=ORIENTED_EDGE('',*,*,#3054,.F.);
#1988=ORIENTED_EDGE('',*,*,#3051,.T.);
#1989=ORIENTED_EDGE('',*,*,#3048,.T.);
#1990=ORIENTED_EDGE('',*,*,#2659,.T.);
#1991=ORIENTED_EDGE('',*,*,#3052,.T.);
#1992=ORIENTED_EDGE('',*,*,#3054,.T.);
#1993=ORIENTED_EDGE('',*,*,#3025,.T.);
#1994=ORIENTED_EDGE('',*,*,#2661,.F.);
#1995=ORIENTED_EDGE('',*,*,#3049,.F.);
#1996=ORIENTED_EDGE('',*,*,#3027,.F.);
#1997=ORIENTED_EDGE('',*,*,#3053,.F.);
#1998=ORIENTED_EDGE('',*,*,#3050,.F.);
#1999=ORIENTED_EDGE('',*,*,#3055,.F.);
#2000=ORIENTED_EDGE('',*,*,#2641,.T.);
#2001=ORIENTED_EDGE('',*,*,#3056,.T.);
#2002=ORIENTED_EDGE('',*,*,#2932,.F.);
#2003=ORIENTED_EDGE('',*,*,#2642,.F.);
#2004=ORIENTED_EDGE('',*,*,#3055,.T.);
#2005=ORIENTED_EDGE('',*,*,#3022,.T.);
#2006=ORIENTED_EDGE('',*,*,#3057,.T.);
#2007=ORIENTED_EDGE('',*,*,#3058,.T.);
#2008=ORIENTED_EDGE('',*,*,#3056,.F.);
#2009=ORIENTED_EDGE('',*,*,#2644,.T.);
#2010=ORIENTED_EDGE('',*,*,#3059,.F.);
#2011=ORIENTED_EDGE('',*,*,#3060,.F.);
#2012=ORIENTED_EDGE('',*,*,#3023,.F.);
#2013=ORIENTED_EDGE('',*,*,#3060,.T.);
#2014=ORIENTED_EDGE('',*,*,#3061,.F.);
#2015=ORIENTED_EDGE('',*,*,#3057,.F.);
#2016=ORIENTED_EDGE('',*,*,#3024,.T.);
#2017=ORIENTED_EDGE('',*,*,#3059,.T.);
#2018=ORIENTED_EDGE('',*,*,#2643,.F.);
#2019=ORIENTED_EDGE('',*,*,#3058,.F.);
#2020=ORIENTED_EDGE('',*,*,#3061,.T.);
#2021=ORIENTED_EDGE('',*,*,#2711,.T.);
#2022=ORIENTED_EDGE('',*,*,#2645,.F.);
#2023=ORIENTED_EDGE('',*,*,#3062,.T.);
#2024=ORIENTED_EDGE('',*,*,#3063,.T.);
#2025=ORIENTED_EDGE('',*,*,#2687,.F.);
#2026=ORIENTED_EDGE('',*,*,#2714,.T.);
#2027=ORIENTED_EDGE('',*,*,#2707,.F.);
#2028=ORIENTED_EDGE('',*,*,#3064,.F.);
#2029=ORIENTED_EDGE('',*,*,#3065,.T.);
#2030=ORIENTED_EDGE('',*,*,#2657,.T.);
#2031=ORIENTED_EDGE('',*,*,#2717,.T.);
#2032=ORIENTED_EDGE('',*,*,#2692,.F.);
#2033=ORIENTED_EDGE('',*,*,#3066,.F.);
#2034=ORIENTED_EDGE('',*,*,#3067,.T.);
#2035=ORIENTED_EDGE('',*,*,#2664,.T.);
#2036=ORIENTED_EDGE('',*,*,#2720,.T.);
#2037=ORIENTED_EDGE('',*,*,#2666,.F.);
#2038=ORIENTED_EDGE('',*,*,#3068,.T.);
#2039=ORIENTED_EDGE('',*,*,#3069,.T.);
#2040=ORIENTED_EDGE('',*,*,#2695,.F.);
#2041=ORIENTED_EDGE('',*,*,#2677,.T.);
#2042=ORIENTED_EDGE('',*,*,#2688,.F.);
#2043=ORIENTED_EDGE('',*,*,#3063,.F.);
#2044=ORIENTED_EDGE('',*,*,#3070,.T.);
#2045=ORIENTED_EDGE('',*,*,#2735,.T.);
#2046=ORIENTED_EDGE('',*,*,#2682,.T.);
#2047=ORIENTED_EDGE('',*,*,#2743,.F.);
#2048=ORIENTED_EDGE('',*,*,#3071,.T.);
#2049=ORIENTED_EDGE('',*,*,#3066,.T.);
#2050=ORIENTED_EDGE('',*,*,#2691,.F.);
#2051=ORIENTED_EDGE('',*,*,#2747,.T.);
#2052=ORIENTED_EDGE('',*,*,#2699,.F.);
#2053=ORIENTED_EDGE('',*,*,#3072,.F.);
#2054=ORIENTED_EDGE('',*,*,#3073,.T.);
#2055=ORIENTED_EDGE('',*,*,#2759,.T.);
#2056=ORIENTED_EDGE('',*,*,#2751,.T.);
#2057=ORIENTED_EDGE('',*,*,#2763,.F.);
#2058=ORIENTED_EDGE('',*,*,#3074,.T.);
#2059=ORIENTED_EDGE('',*,*,#3075,.T.);
#2060=ORIENTED_EDGE('',*,*,#2703,.F.);
#2061=ORIENTED_EDGE('',*,*,#2696,.F.);
#2062=ORIENTED_EDGE('',*,*,#3069,.F.);
#2063=ORIENTED_EDGE('',*,*,#3076,.T.);
#2064=ORIENTED_EDGE('',*,*,#3077,.T.);
#2065=ORIENTED_EDGE('',*,*,#2697,.F.);
#2066=ORIENTED_EDGE('',*,*,#3077,.F.);
#2067=ORIENTED_EDGE('',*,*,#3078,.T.);
#2068=ORIENTED_EDGE('',*,*,#3079,.T.);
#2069=ORIENTED_EDGE('',*,*,#2698,.F.);
#2070=ORIENTED_EDGE('',*,*,#3079,.F.);
#2071=ORIENTED_EDGE('',*,*,#3080,.T.);
#2072=ORIENTED_EDGE('',*,*,#3072,.T.);
#2073=ORIENTED_EDGE('',*,*,#2704,.F.);
#2074=ORIENTED_EDGE('',*,*,#3075,.F.);
#2075=ORIENTED_EDGE('',*,*,#3081,.T.);
#2076=ORIENTED_EDGE('',*,*,#3082,.T.);
#2077=ORIENTED_EDGE('',*,*,#2705,.F.);
#2078=ORIENTED_EDGE('',*,*,#3082,.F.);
#2079=ORIENTED_EDGE('',*,*,#3083,.T.);
#2080=ORIENTED_EDGE('',*,*,#3084,.T.);
#2081=ORIENTED_EDGE('',*,*,#2706,.F.);
#2082=ORIENTED_EDGE('',*,*,#3084,.F.);
#2083=ORIENTED_EDGE('',*,*,#3085,.T.);
#2084=ORIENTED_EDGE('',*,*,#3064,.T.);
#2085=ORIENTED_EDGE('',*,*,#3086,.T.);
#2086=ORIENTED_EDGE('',*,*,#3087,.T.);
#2087=ORIENTED_EDGE('',*,*,#3088,.T.);
#2088=ORIENTED_EDGE('',*,*,#3089,.T.);
#2089=ORIENTED_EDGE('',*,*,#2742,.F.);
#2090=ORIENTED_EDGE('',*,*,#3090,.F.);
#2091=ORIENTED_EDGE('',*,*,#3091,.T.);
#2092=ORIENTED_EDGE('',*,*,#3092,.T.);
#2093=ORIENTED_EDGE('',*,*,#2740,.F.);
#2094=ORIENTED_EDGE('',*,*,#3093,.F.);
#2095=ORIENTED_EDGE('',*,*,#3094,.T.);
#2096=ORIENTED_EDGE('',*,*,#3095,.T.);
#2097=ORIENTED_EDGE('',*,*,#2738,.F.);
#2098=ORIENTED_EDGE('',*,*,#3096,.F.);
#2099=ORIENTED_EDGE('',*,*,#3097,.T.);
#2100=ORIENTED_EDGE('',*,*,#3098,.T.);
#2101=ORIENTED_EDGE('',*,*,#2736,.F.);
#2102=ORIENTED_EDGE('',*,*,#3070,.F.);
#2103=ORIENTED_EDGE('',*,*,#3062,.F.);
#2104=ORIENTED_EDGE('',*,*,#2658,.F.);
#2105=ORIENTED_EDGE('',*,*,#3065,.F.);
#2106=ORIENTED_EDGE('',*,*,#3085,.F.);
#2107=ORIENTED_EDGE('',*,*,#3083,.F.);
#2108=ORIENTED_EDGE('',*,*,#3081,.F.);
#2109=ORIENTED_EDGE('',*,*,#3074,.F.);
#2110=ORIENTED_EDGE('',*,*,#2762,.F.);
#2111=ORIENTED_EDGE('',*,*,#3099,.F.);
#2112=ORIENTED_EDGE('',*,*,#3100,.F.);
#2113=ORIENTED_EDGE('',*,*,#3101,.T.);
#2114=ORIENTED_EDGE('',*,*,#2760,.F.);
#2115=ORIENTED_EDGE('',*,*,#3073,.F.);
#2116=ORIENTED_EDGE('',*,*,#3080,.F.);
#2117=ORIENTED_EDGE('',*,*,#3078,.F.);
#2118=ORIENTED_EDGE('',*,*,#3076,.F.);
#2119=ORIENTED_EDGE('',*,*,#3068,.F.);
#2120=ORIENTED_EDGE('',*,*,#2665,.F.);
#2121=ORIENTED_EDGE('',*,*,#3067,.F.);
#2122=ORIENTED_EDGE('',*,*,#3071,.F.);
#2123=ORIENTED_EDGE('',*,*,#3102,.T.);
#2124=ORIENTED_EDGE('',*,*,#3089,.F.);
#2125=ORIENTED_EDGE('',*,*,#3102,.F.);
#2126=ORIENTED_EDGE('',*,*,#3103,.T.);
#2127=ORIENTED_EDGE('',*,*,#3088,.F.);
#2128=ORIENTED_EDGE('',*,*,#3103,.F.);
#2129=ORIENTED_EDGE('',*,*,#3104,.T.);
#2130=ORIENTED_EDGE('',*,*,#3087,.F.);
#2131=ORIENTED_EDGE('',*,*,#3104,.F.);
#2132=ORIENTED_EDGE('',*,*,#3105,.T.);
#2133=ORIENTED_EDGE('',*,*,#3086,.F.);
#2134=ORIENTED_EDGE('',*,*,#3105,.F.);
#2135=ORIENTED_EDGE('',*,*,#3106,.T.);
#2136=ORIENTED_EDGE('',*,*,#2757,.T.);
#2137=ORIENTED_EDGE('',*,*,#3107,.F.);
#2138=ORIENTED_EDGE('',*,*,#3108,.T.);
#2139=ORIENTED_EDGE('',*,*,#3109,.F.);
#2140=ORIENTED_EDGE('',*,*,#2755,.T.);
#2141=ORIENTED_EDGE('',*,*,#3110,.T.);
#2142=ORIENTED_EDGE('',*,*,#3111,.F.);
#2143=ORIENTED_EDGE('',*,*,#3112,.T.);
#2144=ORIENTED_EDGE('',*,*,#2761,.F.);
#2145=ORIENTED_EDGE('',*,*,#3113,.F.);
#2146=ORIENTED_EDGE('',*,*,#3114,.T.);
#2147=ORIENTED_EDGE('',*,*,#2756,.F.);
#2148=ORIENTED_EDGE('',*,*,#3109,.T.);
#2149=ORIENTED_EDGE('',*,*,#3115,.F.);
#2150=ORIENTED_EDGE('',*,*,#3116,.T.);
#2151=ORIENTED_EDGE('',*,*,#3117,.F.);
#2152=ORIENTED_EDGE('',*,*,#3113,.T.);
#2153=ORIENTED_EDGE('',*,*,#3101,.F.);
#2154=ORIENTED_EDGE('',*,*,#3118,.T.);
#2155=ORIENTED_EDGE('',*,*,#3119,.T.);
#2156=ORIENTED_EDGE('',*,*,#3120,.T.);
#2157=ORIENTED_EDGE('',*,*,#3121,.T.);
#2158=ORIENTED_EDGE('',*,*,#3122,.T.);
#2159=ORIENTED_EDGE('',*,*,#3107,.T.);
#2160=ORIENTED_EDGE('',*,*,#3110,.F.);
#2161=ORIENTED_EDGE('',*,*,#2758,.T.);
#2162=ORIENTED_EDGE('',*,*,#3106,.F.);
#2163=ORIENTED_EDGE('',*,*,#3123,.F.);
#2164=ORIENTED_EDGE('',*,*,#3124,.F.);
#2165=ORIENTED_EDGE('',*,*,#3125,.F.);
#2166=ORIENTED_EDGE('',*,*,#3126,.F.);
#2167=ORIENTED_EDGE('',*,*,#3127,.F.);
#2168=ORIENTED_EDGE('',*,*,#3099,.T.);
#2169=ORIENTED_EDGE('',*,*,#3112,.F.);
#2170=ORIENTED_EDGE('',*,*,#3128,.T.);
#2171=ORIENTED_EDGE('',*,*,#3129,.F.);
#2172=ORIENTED_EDGE('',*,*,#3130,.T.);
#2173=ORIENTED_EDGE('',*,*,#3130,.F.);
#2174=ORIENTED_EDGE('',*,*,#3131,.F.);
#2175=ORIENTED_EDGE('',*,*,#3115,.T.);
#2176=ORIENTED_EDGE('',*,*,#3111,.T.);
#2177=ORIENTED_EDGE('',*,*,#3129,.T.);
#2178=ORIENTED_EDGE('',*,*,#3132,.F.);
#2179=ORIENTED_EDGE('',*,*,#3116,.F.);
#2180=ORIENTED_EDGE('',*,*,#3131,.T.);
#2181=ORIENTED_EDGE('',*,*,#3128,.F.);
#2182=ORIENTED_EDGE('',*,*,#3114,.F.);
#2183=ORIENTED_EDGE('',*,*,#3117,.T.);
#2184=ORIENTED_EDGE('',*,*,#3132,.T.);
#2185=ORIENTED_EDGE('',*,*,#3127,.T.);
#2186=ORIENTED_EDGE('',*,*,#3133,.F.);
#2187=ORIENTED_EDGE('',*,*,#3118,.F.);
#2188=ORIENTED_EDGE('',*,*,#3100,.T.);
#2189=ORIENTED_EDGE('',*,*,#3126,.T.);
#2190=ORIENTED_EDGE('',*,*,#3134,.F.);
#2191=ORIENTED_EDGE('',*,*,#3119,.F.);
#2192=ORIENTED_EDGE('',*,*,#3133,.T.);
#2193=ORIENTED_EDGE('',*,*,#3125,.T.);
#2194=ORIENTED_EDGE('',*,*,#3135,.F.);
#2195=ORIENTED_EDGE('',*,*,#3120,.F.);
#2196=ORIENTED_EDGE('',*,*,#3134,.T.);
#2197=ORIENTED_EDGE('',*,*,#3124,.T.);
#2198=ORIENTED_EDGE('',*,*,#3136,.F.);
#2199=ORIENTED_EDGE('',*,*,#3121,.F.);
#2200=ORIENTED_EDGE('',*,*,#3135,.T.);
#2201=ORIENTED_EDGE('',*,*,#3123,.T.);
#2202=ORIENTED_EDGE('',*,*,#3108,.F.);
#2203=ORIENTED_EDGE('',*,*,#3122,.F.);
#2204=ORIENTED_EDGE('',*,*,#3136,.T.);
#2205=ORIENTED_EDGE('',*,*,#3137,.F.);
#2206=ORIENTED_EDGE('',*,*,#2731,.T.);
#2207=ORIENTED_EDGE('',*,*,#3138,.T.);
#2208=ORIENTED_EDGE('',*,*,#3139,.F.);
#2209=ORIENTED_EDGE('',*,*,#3140,.F.);
#2210=ORIENTED_EDGE('',*,*,#2737,.F.);
#2211=ORIENTED_EDGE('',*,*,#3141,.T.);
#2212=ORIENTED_EDGE('',*,*,#3142,.F.);
#2213=ORIENTED_EDGE('',*,*,#3143,.T.);
#2214=ORIENTED_EDGE('',*,*,#2733,.T.);
#2215=ORIENTED_EDGE('',*,*,#3144,.F.);
#2216=ORIENTED_EDGE('',*,*,#3145,.T.);
#2217=ORIENTED_EDGE('',*,*,#2732,.F.);
#2218=ORIENTED_EDGE('',*,*,#3137,.T.);
#2219=ORIENTED_EDGE('',*,*,#3146,.T.);
#2220=ORIENTED_EDGE('',*,*,#3147,.T.);
#2221=ORIENTED_EDGE('',*,*,#3148,.T.);
#2222=ORIENTED_EDGE('',*,*,#3149,.T.);
#2223=ORIENTED_EDGE('',*,*,#3150,.T.);
#2224=ORIENTED_EDGE('',*,*,#3096,.T.);
#2225=ORIENTED_EDGE('',*,*,#3140,.T.);
#2226=ORIENTED_EDGE('',*,*,#3151,.F.);
#2227=ORIENTED_EDGE('',*,*,#3152,.T.);
#2228=ORIENTED_EDGE('',*,*,#3153,.F.);
#2229=ORIENTED_EDGE('',*,*,#3144,.T.);
#2230=ORIENTED_EDGE('',*,*,#3138,.F.);
#2231=ORIENTED_EDGE('',*,*,#2734,.T.);
#2232=ORIENTED_EDGE('',*,*,#3143,.F.);
#2233=ORIENTED_EDGE('',*,*,#3154,.T.);
#2234=ORIENTED_EDGE('',*,*,#3155,.F.);
#2235=ORIENTED_EDGE('',*,*,#3156,.T.);
#2236=ORIENTED_EDGE('',*,*,#3141,.F.);
#2237=ORIENTED_EDGE('',*,*,#3098,.F.);
#2238=ORIENTED_EDGE('',*,*,#3157,.F.);
#2239=ORIENTED_EDGE('',*,*,#3158,.F.);
#2240=ORIENTED_EDGE('',*,*,#3159,.F.);
#2241=ORIENTED_EDGE('',*,*,#3160,.F.);
#2242=ORIENTED_EDGE('',*,*,#3161,.F.);
#2243=ORIENTED_EDGE('',*,*,#3161,.T.);
#2244=ORIENTED_EDGE('',*,*,#3162,.F.);
#2245=ORIENTED_EDGE('',*,*,#3146,.F.);
#2246=ORIENTED_EDGE('',*,*,#3139,.T.);
#2247=ORIENTED_EDGE('',*,*,#3160,.T.);
#2248=ORIENTED_EDGE('',*,*,#3163,.F.);
#2249=ORIENTED_EDGE('',*,*,#3147,.F.);
#2250=ORIENTED_EDGE('',*,*,#3162,.T.);
#2251=ORIENTED_EDGE('',*,*,#3159,.T.);
#2252=ORIENTED_EDGE('',*,*,#3164,.F.);
#2253=ORIENTED_EDGE('',*,*,#3148,.F.);
#2254=ORIENTED_EDGE('',*,*,#3163,.T.);
#2255=ORIENTED_EDGE('',*,*,#3158,.T.);
#2256=ORIENTED_EDGE('',*,*,#3165,.F.);
#2257=ORIENTED_EDGE('',*,*,#3149,.F.);
#2258=ORIENTED_EDGE('',*,*,#3164,.T.);
#2259=ORIENTED_EDGE('',*,*,#3157,.T.);
#2260=ORIENTED_EDGE('',*,*,#3097,.F.);
#2261=ORIENTED_EDGE('',*,*,#3150,.F.);
#2262=ORIENTED_EDGE('',*,*,#3165,.T.);
#2263=ORIENTED_EDGE('',*,*,#3156,.F.);
#2264=ORIENTED_EDGE('',*,*,#3166,.F.);
#2265=ORIENTED_EDGE('',*,*,#3151,.T.);
#2266=ORIENTED_EDGE('',*,*,#3142,.T.);
#2267=ORIENTED_EDGE('',*,*,#3155,.T.);
#2268=ORIENTED_EDGE('',*,*,#3167,.F.);
#2269=ORIENTED_EDGE('',*,*,#3152,.F.);
#2270=ORIENTED_EDGE('',*,*,#3166,.T.);
#2271=ORIENTED_EDGE('',*,*,#3154,.F.);
#2272=ORIENTED_EDGE('',*,*,#3145,.F.);
#2273=ORIENTED_EDGE('',*,*,#3153,.T.);
#2274=ORIENTED_EDGE('',*,*,#3167,.T.);
#2275=ORIENTED_EDGE('',*,*,#3168,.F.);
#2276=ORIENTED_EDGE('',*,*,#2727,.T.);
#2277=ORIENTED_EDGE('',*,*,#3169,.T.);
#2278=ORIENTED_EDGE('',*,*,#3170,.F.);
#2279=ORIENTED_EDGE('',*,*,#3171,.F.);
#2280=ORIENTED_EDGE('',*,*,#2739,.F.);
#2281=ORIENTED_EDGE('',*,*,#3172,.T.);
#2282=ORIENTED_EDGE('',*,*,#3173,.F.);
#2283=ORIENTED_EDGE('',*,*,#3174,.T.);
#2284=ORIENTED_EDGE('',*,*,#2729,.T.);
#2285=ORIENTED_EDGE('',*,*,#3175,.F.);
#2286=ORIENTED_EDGE('',*,*,#3176,.T.);
#2287=ORIENTED_EDGE('',*,*,#2728,.F.);
#2288=ORIENTED_EDGE('',*,*,#3168,.T.);
#2289=ORIENTED_EDGE('',*,*,#3177,.T.);
#2290=ORIENTED_EDGE('',*,*,#3178,.T.);
#2291=ORIENTED_EDGE('',*,*,#3179,.T.);
#2292=ORIENTED_EDGE('',*,*,#3180,.T.);
#2293=ORIENTED_EDGE('',*,*,#3181,.T.);
#2294=ORIENTED_EDGE('',*,*,#3093,.T.);
#2295=ORIENTED_EDGE('',*,*,#3171,.T.);
#2296=ORIENTED_EDGE('',*,*,#3182,.F.);
#2297=ORIENTED_EDGE('',*,*,#3183,.T.);
#2298=ORIENTED_EDGE('',*,*,#3184,.F.);
#2299=ORIENTED_EDGE('',*,*,#3175,.T.);
#2300=ORIENTED_EDGE('',*,*,#3169,.F.);
#2301=ORIENTED_EDGE('',*,*,#2730,.T.);
#2302=ORIENTED_EDGE('',*,*,#3174,.F.);
#2303=ORIENTED_EDGE('',*,*,#3185,.T.);
#2304=ORIENTED_EDGE('',*,*,#3186,.F.);
#2305=ORIENTED_EDGE('',*,*,#3187,.T.);
#2306=ORIENTED_EDGE('',*,*,#3172,.F.);
#2307=ORIENTED_EDGE('',*,*,#3095,.F.);
#2308=ORIENTED_EDGE('',*,*,#3188,.F.);
#2309=ORIENTED_EDGE('',*,*,#3189,.F.);
#2310=ORIENTED_EDGE('',*,*,#3190,.F.);
#2311=ORIENTED_EDGE('',*,*,#3191,.F.);
#2312=ORIENTED_EDGE('',*,*,#3192,.F.);
#2313=ORIENTED_EDGE('',*,*,#3192,.T.);
#2314=ORIENTED_EDGE('',*,*,#3193,.F.);
#2315=ORIENTED_EDGE('',*,*,#3177,.F.);
#2316=ORIENTED_EDGE('',*,*,#3170,.T.);
#2317=ORIENTED_EDGE('',*,*,#3191,.T.);
#2318=ORIENTED_EDGE('',*,*,#3194,.F.);
#2319=ORIENTED_EDGE('',*,*,#3178,.F.);
#2320=ORIENTED_EDGE('',*,*,#3193,.T.);
#2321=ORIENTED_EDGE('',*,*,#3190,.T.);
#2322=ORIENTED_EDGE('',*,*,#3195,.F.);
#2323=ORIENTED_EDGE('',*,*,#3179,.F.);
#2324=ORIENTED_EDGE('',*,*,#3194,.T.);
#2325=ORIENTED_EDGE('',*,*,#3189,.T.);
#2326=ORIENTED_EDGE('',*,*,#3196,.F.);
#2327=ORIENTED_EDGE('',*,*,#3180,.F.);
#2328=ORIENTED_EDGE('',*,*,#3195,.T.);
#2329=ORIENTED_EDGE('',*,*,#3188,.T.);
#2330=ORIENTED_EDGE('',*,*,#3094,.F.);
#2331=ORIENTED_EDGE('',*,*,#3181,.F.);
#2332=ORIENTED_EDGE('',*,*,#3196,.T.);
#2333=ORIENTED_EDGE('',*,*,#3187,.F.);
#2334=ORIENTED_EDGE('',*,*,#3197,.F.);
#2335=ORIENTED_EDGE('',*,*,#3182,.T.);
#2336=ORIENTED_EDGE('',*,*,#3173,.T.);
#2337=ORIENTED_EDGE('',*,*,#3186,.T.);
#2338=ORIENTED_EDGE('',*,*,#3198,.F.);
#2339=ORIENTED_EDGE('',*,*,#3183,.F.);
#2340=ORIENTED_EDGE('',*,*,#3197,.T.);
#2341=ORIENTED_EDGE('',*,*,#3185,.F.);
#2342=ORIENTED_EDGE('',*,*,#3176,.F.);
#2343=ORIENTED_EDGE('',*,*,#3184,.T.);
#2344=ORIENTED_EDGE('',*,*,#3198,.T.);
#2345=ORIENTED_EDGE('',*,*,#3199,.F.);
#2346=ORIENTED_EDGE('',*,*,#2723,.T.);
#2347=ORIENTED_EDGE('',*,*,#3200,.T.);
#2348=ORIENTED_EDGE('',*,*,#3201,.F.);
#2349=ORIENTED_EDGE('',*,*,#3202,.F.);
#2350=ORIENTED_EDGE('',*,*,#2741,.F.);
#2351=ORIENTED_EDGE('',*,*,#3203,.T.);
#2352=ORIENTED_EDGE('',*,*,#3204,.F.);
#2353=ORIENTED_EDGE('',*,*,#3205,.T.);
#2354=ORIENTED_EDGE('',*,*,#2725,.T.);
#2355=ORIENTED_EDGE('',*,*,#3206,.F.);
#2356=ORIENTED_EDGE('',*,*,#3207,.T.);
#2357=ORIENTED_EDGE('',*,*,#2724,.F.);
#2358=ORIENTED_EDGE('',*,*,#3199,.T.);
#2359=ORIENTED_EDGE('',*,*,#3208,.T.);
#2360=ORIENTED_EDGE('',*,*,#3209,.T.);
#2361=ORIENTED_EDGE('',*,*,#3210,.T.);
#2362=ORIENTED_EDGE('',*,*,#3211,.T.);
#2363=ORIENTED_EDGE('',*,*,#3212,.T.);
#2364=ORIENTED_EDGE('',*,*,#3090,.T.);
#2365=ORIENTED_EDGE('',*,*,#3202,.T.);
#2366=ORIENTED_EDGE('',*,*,#3213,.F.);
#2367=ORIENTED_EDGE('',*,*,#3214,.T.);
#2368=ORIENTED_EDGE('',*,*,#3215,.F.);
#2369=ORIENTED_EDGE('',*,*,#3206,.T.);
#2370=ORIENTED_EDGE('',*,*,#3200,.F.);
#2371=ORIENTED_EDGE('',*,*,#2726,.T.);
#2372=ORIENTED_EDGE('',*,*,#3205,.F.);
#2373=ORIENTED_EDGE('',*,*,#3216,.T.);
#2374=ORIENTED_EDGE('',*,*,#3217,.F.);
#2375=ORIENTED_EDGE('',*,*,#3218,.T.);
#2376=ORIENTED_EDGE('',*,*,#3203,.F.);
#2377=ORIENTED_EDGE('',*,*,#3092,.F.);
#2378=ORIENTED_EDGE('',*,*,#3219,.F.);
#2379=ORIENTED_EDGE('',*,*,#3220,.F.);
#2380=ORIENTED_EDGE('',*,*,#3221,.F.);
#2381=ORIENTED_EDGE('',*,*,#3222,.F.);
#2382=ORIENTED_EDGE('',*,*,#3223,.F.);
#2383=ORIENTED_EDGE('',*,*,#3223,.T.);
#2384=ORIENTED_EDGE('',*,*,#3224,.F.);
#2385=ORIENTED_EDGE('',*,*,#3208,.F.);
#2386=ORIENTED_EDGE('',*,*,#3201,.T.);
#2387=ORIENTED_EDGE('',*,*,#3222,.T.);
#2388=ORIENTED_EDGE('',*,*,#3225,.F.);
#2389=ORIENTED_EDGE('',*,*,#3209,.F.);
#2390=ORIENTED_EDGE('',*,*,#3224,.T.);
#2391=ORIENTED_EDGE('',*,*,#3221,.T.);
#2392=ORIENTED_EDGE('',*,*,#3226,.F.);
#2393=ORIENTED_EDGE('',*,*,#3210,.F.);
#2394=ORIENTED_EDGE('',*,*,#3225,.T.);
#2395=ORIENTED_EDGE('',*,*,#3220,.T.);
#2396=ORIENTED_EDGE('',*,*,#3227,.F.);
#2397=ORIENTED_EDGE('',*,*,#3211,.F.);
#2398=ORIENTED_EDGE('',*,*,#3226,.T.);
#2399=ORIENTED_EDGE('',*,*,#3219,.T.);
#2400=ORIENTED_EDGE('',*,*,#3091,.F.);
#2401=ORIENTED_EDGE('',*,*,#3212,.F.);
#2402=ORIENTED_EDGE('',*,*,#3227,.T.);
#2403=ORIENTED_EDGE('',*,*,#3218,.F.);
#2404=ORIENTED_EDGE('',*,*,#3228,.F.);
#2405=ORIENTED_EDGE('',*,*,#3213,.T.);
#2406=ORIENTED_EDGE('',*,*,#3204,.T.);
#2407=ORIENTED_EDGE('',*,*,#3217,.T.);
#2408=ORIENTED_EDGE('',*,*,#3229,.F.);
#2409=ORIENTED_EDGE('',*,*,#3214,.F.);
#2410=ORIENTED_EDGE('',*,*,#3228,.T.);
#2411=ORIENTED_EDGE('',*,*,#3216,.F.);
#2412=ORIENTED_EDGE('',*,*,#3207,.F.);
#2413=ORIENTED_EDGE('',*,*,#3215,.T.);
#2414=ORIENTED_EDGE('',*,*,#3229,.T.);
#2415=ORIENTED_EDGE('',*,*,#3230,.F.);
#2416=ORIENTED_EDGE('',*,*,#2619,.T.);
#2417=ORIENTED_EDGE('',*,*,#3230,.T.);
#2418=ORIENTED_EDGE('',*,*,#3231,.F.);
#2419=ORIENTED_EDGE('',*,*,#2620,.T.);
#2420=ORIENTED_EDGE('',*,*,#3231,.T.);
#2421=ORIENTED_EDGE('',*,*,#2621,.T.);
#2422=ORIENTED_EDGE('',*,*,#3043,.F.);
#2423=ORIENTED_EDGE('',*,*,#3232,.F.);
#2424=ORIENTED_EDGE('',*,*,#3233,.T.);
#2425=ORIENTED_EDGE('',*,*,#2622,.T.);
#2426=ORIENTED_EDGE('',*,*,#3233,.F.);
#2427=ORIENTED_EDGE('',*,*,#3234,.F.);
#2428=ORIENTED_EDGE('',*,*,#3235,.T.);
#2429=ORIENTED_EDGE('',*,*,#2623,.T.);
#2430=ORIENTED_EDGE('',*,*,#3235,.F.);
#2431=ORIENTED_EDGE('',*,*,#3236,.F.);
#2432=ORIENTED_EDGE('',*,*,#3041,.T.);
#2433=ORIENTED_EDGE('',*,*,#3042,.F.);
#2434=ORIENTED_EDGE('',*,*,#3236,.T.);
#2435=ORIENTED_EDGE('',*,*,#3234,.T.);
#2436=ORIENTED_EDGE('',*,*,#3232,.T.);
#2437=ORIENTED_EDGE('',*,*,#3237,.F.);
#2438=ORIENTED_EDGE('',*,*,#3238,.F.);
#2439=ORIENTED_EDGE('',*,*,#3239,.F.);
#2440=ORIENTED_EDGE('',*,*,#3240,.F.);
#2441=ORIENTED_EDGE('',*,*,#3241,.T.);
#2442=ORIENTED_EDGE('',*,*,#3237,.T.);
#2443=ORIENTED_EDGE('',*,*,#3242,.T.);
#2444=ORIENTED_EDGE('',*,*,#3243,.F.);
#2445=ORIENTED_EDGE('',*,*,#3244,.F.);
#2446=ORIENTED_EDGE('',*,*,#3245,.F.);
#2447=ORIENTED_EDGE('',*,*,#3242,.F.);
#2448=ORIENTED_EDGE('',*,*,#3239,.T.);
#2449=ORIENTED_EDGE('',*,*,#3246,.T.);
#2450=ORIENTED_EDGE('',*,*,#3247,.T.);
#2451=ORIENTED_EDGE('',*,*,#3248,.T.);
#2452=ORIENTED_EDGE('',*,*,#3249,.T.);
#2453=ORIENTED_EDGE('',*,*,#3250,.T.);
#2454=ORIENTED_EDGE('',*,*,#3251,.F.);
#2455=ORIENTED_EDGE('',*,*,#3252,.F.);
#2456=ORIENTED_EDGE('',*,*,#3253,.F.);
#2457=ORIENTED_EDGE('',*,*,#3254,.F.);
#2458=ORIENTED_EDGE('',*,*,#3255,.T.);
#2459=ORIENTED_EDGE('',*,*,#3256,.T.);
#2460=ORIENTED_EDGE('',*,*,#3257,.F.);
#2461=ORIENTED_EDGE('',*,*,#3258,.F.);
#2462=ORIENTED_EDGE('',*,*,#3259,.T.);
#2463=ORIENTED_EDGE('',*,*,#3260,.T.);
#2464=ORIENTED_EDGE('',*,*,#3261,.T.);
#2465=ORIENTED_EDGE('',*,*,#3262,.F.);
#2466=ORIENTED_EDGE('',*,*,#3263,.F.);
#2467=ORIENTED_EDGE('',*,*,#3264,.T.);
#2468=ORIENTED_EDGE('',*,*,#3265,.T.);
#2469=ORIENTED_EDGE('',*,*,#3266,.F.);
#2470=ORIENTED_EDGE('',*,*,#3267,.T.);
#2471=ORIENTED_EDGE('',*,*,#3268,.T.);
#2472=ORIENTED_EDGE('',*,*,#3269,.F.);
#2473=ORIENTED_EDGE('',*,*,#3246,.F.);
#2474=ORIENTED_EDGE('',*,*,#3270,.F.);
#2475=ORIENTED_EDGE('',*,*,#3271,.T.);
#2476=ORIENTED_EDGE('',*,*,#3272,.T.);
#2477=ORIENTED_EDGE('',*,*,#3250,.F.);
#2478=ORIENTED_EDGE('',*,*,#3273,.T.);
#2479=ORIENTED_EDGE('',*,*,#3274,.T.);
#2480=ORIENTED_EDGE('',*,*,#3275,.T.);
#2481=ORIENTED_EDGE('',*,*,#3276,.T.);
#2482=ORIENTED_EDGE('',*,*,#3277,.F.);
#2483=ORIENTED_EDGE('',*,*,#3278,.F.);
#2484=ORIENTED_EDGE('',*,*,#3240,.T.);
#2485=ORIENTED_EDGE('',*,*,#3279,.F.);
#2486=ORIENTED_EDGE('',*,*,#3280,.T.);
#2487=ORIENTED_EDGE('',*,*,#3281,.T.);
#2488=ORIENTED_EDGE('',*,*,#3282,.F.);
#2489=ORIENTED_EDGE('',*,*,#3283,.F.);
#2490=ORIENTED_EDGE('',*,*,#3284,.F.);
#2491=ORIENTED_EDGE('',*,*,#3285,.F.);
#2492=ORIENTED_EDGE('',*,*,#3286,.F.);
#2493=ORIENTED_EDGE('',*,*,#3265,.F.);
#2494=ORIENTED_EDGE('',*,*,#3287,.T.);
#2495=ORIENTED_EDGE('',*,*,#3266,.T.);
#2496=ORIENTED_EDGE('',*,*,#3288,.F.);
#2497=ORIENTED_EDGE('',*,*,#3277,.T.);
#2498=ORIENTED_EDGE('',*,*,#3289,.T.);
#2499=ORIENTED_EDGE('',*,*,#3255,.F.);
#2500=ORIENTED_EDGE('',*,*,#3290,.F.);
#2501=ORIENTED_EDGE('',*,*,#3268,.F.);
#2502=ORIENTED_EDGE('',*,*,#3291,.T.);
#2503=ORIENTED_EDGE('',*,*,#3263,.T.);
#2504=ORIENTED_EDGE('',*,*,#3292,.F.);
#2505=ORIENTED_EDGE('',*,*,#3257,.T.);
#2506=ORIENTED_EDGE('',*,*,#3293,.T.);
#2507=ORIENTED_EDGE('',*,*,#3275,.F.);
#2508=ORIENTED_EDGE('',*,*,#3294,.T.);
#2509=ORIENTED_EDGE('',*,*,#3252,.T.);
#2510=ORIENTED_EDGE('',*,*,#3295,.F.);
#2511=ORIENTED_EDGE('',*,*,#3296,.T.);
#2512=ORIENTED_EDGE('',*,*,#3295,.T.);
#2513=ORIENTED_EDGE('',*,*,#3251,.T.);
#2514=ORIENTED_EDGE('',*,*,#3272,.F.);
#2515=ORIENTED_EDGE('',*,*,#3297,.T.);
#2516=ORIENTED_EDGE('',*,*,#3270,.T.);
#2517=ORIENTED_EDGE('',*,*,#3253,.T.);
#2518=ORIENTED_EDGE('',*,*,#3294,.F.);
#2519=ORIENTED_EDGE('',*,*,#3298,.T.);
#2520=ORIENTED_EDGE('',*,*,#3260,.F.);
#2521=ORIENTED_EDGE('',*,*,#3299,.T.);
#2522=ORIENTED_EDGE('',*,*,#3282,.T.);
#2523=ORIENTED_EDGE('',*,*,#3300,.T.);
#2524=ORIENTED_EDGE('',*,*,#3280,.F.);
#2525=ORIENTED_EDGE('',*,*,#3301,.T.);
#2526=ORIENTED_EDGE('',*,*,#3258,.T.);
#2527=ORIENTED_EDGE('',*,*,#3302,.T.);
#2528=ORIENTED_EDGE('',*,*,#3303,.F.);
#2529=ORIENTED_EDGE('',*,*,#3304,.F.);
#2530=ORIENTED_EDGE('',*,*,#3305,.F.);
#2531=ORIENTED_EDGE('',*,*,#3306,.F.);
#2532=ORIENTED_EDGE('',*,*,#3303,.T.);
#2533=ORIENTED_EDGE('',*,*,#3307,.F.);
#2534=ORIENTED_EDGE('',*,*,#3248,.F.);
#2535=ORIENTED_EDGE('',*,*,#3245,.T.);
#2536=ORIENTED_EDGE('',*,*,#3308,.T.);
#2537=ORIENTED_EDGE('',*,*,#3283,.T.);
#2538=ORIENTED_EDGE('',*,*,#3299,.F.);
#2539=ORIENTED_EDGE('',*,*,#3259,.F.);
#2540=ORIENTED_EDGE('',*,*,#3301,.F.);
#2541=ORIENTED_EDGE('',*,*,#3279,.T.);
#2542=ORIENTED_EDGE('',*,*,#3243,.T.);
#2543=ORIENTED_EDGE('',*,*,#3305,.T.);
#2544=ORIENTED_EDGE('',*,*,#3309,.T.);
#2545=ORIENTED_EDGE('',*,*,#3273,.F.);
#2546=ORIENTED_EDGE('',*,*,#3249,.F.);
#2547=ORIENTED_EDGE('',*,*,#3307,.T.);
#2548=ORIENTED_EDGE('',*,*,#3244,.T.);
#2549=ORIENTED_EDGE('',*,*,#3238,.T.);
#2550=ORIENTED_EDGE('',*,*,#3241,.F.);
#2551=ORIENTED_EDGE('',*,*,#3278,.T.);
#2552=ORIENTED_EDGE('',*,*,#3310,.F.);
#2553=ORIENTED_EDGE('',*,*,#3311,.F.);
#2554=ORIENTED_EDGE('',*,*,#3312,.T.);
#2555=ORIENTED_EDGE('',*,*,#3284,.T.);
#2556=ORIENTED_EDGE('',*,*,#3308,.F.);
#2557=ORIENTED_EDGE('',*,*,#3288,.T.);
#2558=ORIENTED_EDGE('',*,*,#3254,.T.);
#2559=ORIENTED_EDGE('',*,*,#3292,.T.);
#2560=ORIENTED_EDGE('',*,*,#3313,.F.);
#2561=ORIENTED_EDGE('',*,*,#3314,.F.);
#2562=ORIENTED_EDGE('',*,*,#3310,.T.);
#2563=ORIENTED_EDGE('',*,*,#3269,.T.);
#2564=ORIENTED_EDGE('',*,*,#3315,.F.);
#2565=ORIENTED_EDGE('',*,*,#3316,.F.);
#2566=ORIENTED_EDGE('',*,*,#3313,.T.);
#2567=ORIENTED_EDGE('',*,*,#3274,.F.);
#2568=ORIENTED_EDGE('',*,*,#3309,.F.);
#2569=ORIENTED_EDGE('',*,*,#3304,.T.);
#2570=ORIENTED_EDGE('',*,*,#3306,.T.);
#2571=ORIENTED_EDGE('',*,*,#3247,.F.);
#2572=ORIENTED_EDGE('',*,*,#3290,.T.);
#2573=ORIENTED_EDGE('',*,*,#3262,.T.);
#2574=ORIENTED_EDGE('',*,*,#3286,.T.);
#2575=ORIENTED_EDGE('',*,*,#3312,.F.);
#2576=ORIENTED_EDGE('',*,*,#3317,.F.);
#2577=ORIENTED_EDGE('',*,*,#3315,.T.);
#2578=ORIENTED_EDGE('',*,*,#3311,.T.);
#2579=ORIENTED_EDGE('',*,*,#3314,.T.);
#2580=ORIENTED_EDGE('',*,*,#3316,.T.);
#2581=ORIENTED_EDGE('',*,*,#3317,.T.);
#2582=ORIENTED_EDGE('',*,*,#3267,.F.);
#2583=ORIENTED_EDGE('',*,*,#3287,.F.);
#2584=ORIENTED_EDGE('',*,*,#3264,.F.);
#2585=ORIENTED_EDGE('',*,*,#3291,.F.);
#2586=ORIENTED_EDGE('',*,*,#3256,.F.);
#2587=ORIENTED_EDGE('',*,*,#3289,.F.);
#2588=ORIENTED_EDGE('',*,*,#3276,.F.);
#2589=ORIENTED_EDGE('',*,*,#3293,.F.);
#2590=ORIENTED_EDGE('',*,*,#3296,.F.);
#2591=ORIENTED_EDGE('',*,*,#3297,.F.);
#2592=ORIENTED_EDGE('',*,*,#3271,.F.);
#2593=ORIENTED_EDGE('',*,*,#3298,.F.);
#2594=ORIENTED_EDGE('',*,*,#3261,.F.);
#2595=ORIENTED_EDGE('',*,*,#3300,.F.);
#2596=ORIENTED_EDGE('',*,*,#3281,.F.);
#2597=ORIENTED_EDGE('',*,*,#3302,.F.);
#2598=ORIENTED_EDGE('',*,*,#3318,.T.);
#2599=ORIENTED_EDGE('',*,*,#3318,.F.);
#2600=ORIENTED_EDGE('',*,*,#3285,.T.);
#2601=EDGE_CURVE('',#3319,#3320,#3797,.F.);
#2602=EDGE_CURVE('',#3319,#3321,#189,.T.);
#2603=EDGE_CURVE('',#3321,#3322,#190,.T.);
#2604=EDGE_CURVE('',#3323,#3322,#191,.T.);
#2605=EDGE_CURVE('',#3323,#3324,#192,.T.);
#2606=EDGE_CURVE('',#3324,#3325,#193,.T.);
#2607=EDGE_CURVE('',#3326,#3325,#194,.T.);
#2608=EDGE_CURVE('',#3327,#3326,#195,.T.);
#2609=EDGE_CURVE('',#3327,#3328,#196,.T.);
#2610=EDGE_CURVE('',#3328,#3329,#197,.T.);
#2611=EDGE_CURVE('',#3330,#3329,#198,.T.);
#2612=EDGE_CURVE('',#3331,#3330,#199,.T.);
#2613=EDGE_CURVE('',#3331,#3332,#200,.T.);
#2614=EDGE_CURVE('',#3332,#3333,#201,.T.);
#2615=EDGE_CURVE('',#3333,#3334,#202,.T.);
#2616=EDGE_CURVE('',#3334,#3335,#203,.T.);
#2617=EDGE_CURVE('',#3336,#3335,#3798,.F.);
#2618=EDGE_CURVE('',#3320,#3336,#204,.T.);
#2619=EDGE_CURVE('',#3337,#3337,#3799,.F.);
#2620=EDGE_CURVE('',#3338,#3338,#3800,.F.);
#2621=EDGE_CURVE('',#3339,#3340,#205,.T.);
#2622=EDGE_CURVE('',#3341,#3339,#206,.T.);
#2623=EDGE_CURVE('',#3342,#3341,#207,.T.);
#2624=EDGE_CURVE('',#3343,#3342,#3801,.T.);
#2625=EDGE_CURVE('',#3344,#3343,#3802,.T.);
#2626=EDGE_CURVE('',#3344,#3345,#3803,.T.);
#2627=EDGE_CURVE('',#3346,#3345,#208,.T.);
#2628=EDGE_CURVE('',#3347,#3346,#3804,.T.);
#2629=EDGE_CURVE('',#3348,#3347,#209,.T.);
#2630=EDGE_CURVE('',#3348,#3349,#3805,.T.);
#2631=EDGE_CURVE('',#3350,#3349,#3806,.T.);
#2632=EDGE_CURVE('',#3351,#3350,#3807,.T.);
#2633=EDGE_CURVE('',#3352,#3351,#3808,.T.);
#2634=EDGE_CURVE('',#3352,#3353,#3809,.T.);
#2635=EDGE_CURVE('',#3353,#3354,#210,.T.);
#2636=EDGE_CURVE('',#3355,#3354,#3810,.T.);
#2637=EDGE_CURVE('',#3355,#3356,#211,.T.);
#2638=EDGE_CURVE('',#3356,#3357,#3811,.T.);
#2639=EDGE_CURVE('',#3358,#3357,#3812,.T.);
#2640=EDGE_CURVE('',#3340,#3358,#3813,.T.);
#2641=EDGE_CURVE('',#3359,#3360,#212,.T.);
#2642=EDGE_CURVE('',#3359,#3361,#213,.T.);
#2643=EDGE_CURVE('',#3361,#3362,#214,.T.);
#2644=EDGE_CURVE('',#3360,#3362,#215,.T.);
#2645=EDGE_CURVE('',#3363,#3364,#216,.T.);
#2646=EDGE_CURVE('',#3364,#3365,#217,.T.);
#2647=EDGE_CURVE('',#3365,#3366,#218,.T.);
#2648=EDGE_CURVE('',#3366,#3367,#219,.T.);
#2649=EDGE_CURVE('',#3368,#3367,#220,.T.);
#2650=EDGE_CURVE('',#3369,#3368,#221,.T.);
#2651=EDGE_CURVE('',#3370,#3369,#222,.T.);
#2652=EDGE_CURVE('',#3370,#3371,#223,.T.);
#2653=EDGE_CURVE('',#3371,#3372,#224,.T.);
#2654=EDGE_CURVE('',#3373,#3372,#225,.T.);
#2655=EDGE_CURVE('',#3374,#3373,#226,.T.);
#2656=EDGE_CURVE('',#3374,#3375,#227,.T.);
#2657=EDGE_CURVE('',#3376,#3375,#228,.T.);
#2658=EDGE_CURVE('',#3376,#3363,#229,.T.);
#2659=EDGE_CURVE('',#3377,#3378,#230,.T.);
#2660=EDGE_CURVE('',#3377,#3379,#231,.T.);
#2661=EDGE_CURVE('',#3379,#3380,#232,.T.);
#2662=EDGE_CURVE('',#3378,#3380,#233,.T.);
#2663=EDGE_CURVE('',#3381,#3382,#234,.T.);
#2664=EDGE_CURVE('',#3383,#3381,#235,.T.);
#2665=EDGE_CURVE('',#3383,#3384,#236,.T.);
#2666=EDGE_CURVE('',#3384,#3385,#237,.T.);
#2667=EDGE_CURVE('',#3386,#3385,#238,.T.);
#2668=EDGE_CURVE('',#3387,#3386,#239,.T.);
#2669=EDGE_CURVE('',#3387,#3388,#240,.T.);
#2670=EDGE_CURVE('',#3389,#3388,#241,.T.);
#2671=EDGE_CURVE('',#3390,#3389,#242,.T.);
#2672=EDGE_CURVE('',#3391,#3390,#243,.T.);
#2673=EDGE_CURVE('',#3391,#3392,#244,.T.);
#2674=EDGE_CURVE('',#3392,#3393,#245,.T.);
#2675=EDGE_CURVE('',#3394,#3393,#246,.T.);
#2676=EDGE_CURVE('',#3382,#3394,#247,.T.);
#2677=EDGE_CURVE('',#3395,#3396,#3814,.T.);
#2678=EDGE_CURVE('',#3395,#3397,#248,.T.);
#2679=EDGE_CURVE('',#3398,#3397,#58,.T.);
#2680=EDGE_CURVE('',#3399,#3398,#3815,.T.);
#2681=EDGE_CURVE('',#3396,#3399,#249,.T.);
#2682=EDGE_CURVE('',#3400,#3401,#3816,.T.);
#2683=EDGE_CURVE('',#3402,#3400,#250,.T.);
#2684=EDGE_CURVE('',#3403,#3402,#3817,.T.);
#2685=EDGE_CURVE('',#3404,#3403,#59,.F.);
#2686=EDGE_CURVE('',#3404,#3401,#251,.T.);
#2687=EDGE_CURVE('',#3405,#3406,#252,.T.);
#2688=EDGE_CURVE('',#3406,#3396,#253,.T.);
#2689=EDGE_CURVE('',#3399,#3407,#3818,.T.);
#2690=EDGE_CURVE('',#3405,#3407,#254,.T.);
#2691=EDGE_CURVE('',#3400,#3408,#255,.T.);
#2692=EDGE_CURVE('',#3408,#3409,#256,.T.);
#2693=EDGE_CURVE('',#3409,#3410,#257,.T.);
#2694=EDGE_CURVE('',#3402,#3410,#3819,.T.);
#2695=EDGE_CURVE('',#3411,#3412,#258,.T.);
#2696=EDGE_CURVE('',#3412,#3413,#259,.T.);
#2697=EDGE_CURVE('',#3413,#3414,#3820,.T.);
#2698=EDGE_CURVE('',#3414,#3415,#260,.T.);
#2699=EDGE_CURVE('',#3415,#3416,#261,.T.);
#2700=EDGE_CURVE('',#3417,#3416,#262,.T.);
#2701=EDGE_CURVE('',#3418,#3417,#3821,.T.);
#2702=EDGE_CURVE('',#3418,#3411,#263,.T.);
#2703=EDGE_CURVE('',#3419,#3420,#264,.T.);
#2704=EDGE_CURVE('',#3420,#3421,#265,.T.);
#2705=EDGE_CURVE('',#3421,#3422,#3822,.T.);
#2706=EDGE_CURVE('',#3422,#3423,#266,.T.);
#2707=EDGE_CURVE('',#3423,#3424,#267,.T.);
#2708=EDGE_CURVE('',#3425,#3424,#268,.T.);
#2709=EDGE_CURVE('',#3425,#3426,#3823,.T.);
#2710=EDGE_CURVE('',#3419,#3426,#269,.T.);
#2711=EDGE_CURVE('',#3405,#3364,#3824,.T.);
#2712=EDGE_CURVE('',#3407,#3427,#3825,.T.);
#2713=EDGE_CURVE('',#3427,#3365,#60,.T.);
#2714=EDGE_CURVE('',#3375,#3424,#3826,.T.);
#2715=EDGE_CURVE('',#3374,#3428,#61,.F.);
#2716=EDGE_CURVE('',#3425,#3428,#3827,.T.);
#2717=EDGE_CURVE('',#3381,#3409,#3828,.T.);
#2718=EDGE_CURVE('',#3382,#3429,#62,.F.);
#2719=EDGE_CURVE('',#3429,#3410,#3829,.T.);
#2720=EDGE_CURVE('',#3411,#3385,#3830,.T.);
#2721=EDGE_CURVE('',#3430,#3418,#3831,.T.);
#2722=EDGE_CURVE('',#3430,#3386,#63,.T.);
#2723=EDGE_CURVE('',#3431,#3432,#270,.T.);
#2724=EDGE_CURVE('',#3431,#3433,#271,.T.);
#2725=EDGE_CURVE('',#3434,#3433,#272,.T.);
#2726=EDGE_CURVE('',#3432,#3434,#273,.T.);
#2727=EDGE_CURVE('',#3435,#3436,#274,.T.);
#2728=EDGE_CURVE('',#3435,#3437,#275,.T.);
#2729=EDGE_CURVE('',#3438,#3437,#276,.T.);
#2730=EDGE_CURVE('',#3436,#3438,#277,.T.);
#2731=EDGE_CURVE('',#3439,#3440,#278,.T.);
#2732=EDGE_CURVE('',#3439,#3441,#279,.T.);
#2733=EDGE_CURVE('',#3442,#3441,#280,.T.);
#2734=EDGE_CURVE('',#3440,#3442,#281,.T.);
#2735=EDGE_CURVE('',#3443,#3395,#282,.T.);
#2736=EDGE_CURVE('',#3443,#3444,#283,.T.);
#2737=EDGE_CURVE('',#3444,#3445,#284,.T.);
#2738=EDGE_CURVE('',#3445,#3446,#285,.T.);
#2739=EDGE_CURVE('',#3446,#3447,#286,.T.);
#2740=EDGE_CURVE('',#3447,#3448,#287,.T.);
#2741=EDGE_CURVE('',#3448,#3449,#288,.T.);
#2742=EDGE_CURVE('',#3449,#3450,#289,.T.);
#2743=EDGE_CURVE('',#3450,#3401,#290,.T.);
#2744=EDGE_CURVE('',#3404,#3451,#291,.T.);
#2745=EDGE_CURVE('',#3451,#3452,#292,.T.);
#2746=EDGE_CURVE('',#3397,#3452,#293,.T.);
#2747=EDGE_CURVE('',#3453,#3416,#3832,.T.);
#2748=EDGE_CURVE('',#3454,#3453,#294,.T.);
#2749=EDGE_CURVE('',#3455,#3454,#64,.T.);
#2750=EDGE_CURVE('',#3455,#3417,#3833,.T.);
#2751=EDGE_CURVE('',#3419,#3456,#3834,.T.);
#2752=EDGE_CURVE('',#3426,#3457,#3835,.T.);
#2753=EDGE_CURVE('',#3458,#3457,#65,.F.);
#2754=EDGE_CURVE('',#3456,#3458,#295,.T.);
#2755=EDGE_CURVE('',#3459,#3460,#296,.T.);
#2756=EDGE_CURVE('',#3459,#3461,#297,.T.);
#2757=EDGE_CURVE('',#3462,#3461,#298,.T.);
#2758=EDGE_CURVE('',#3460,#3462,#299,.T.);
#2759=EDGE_CURVE('',#3463,#3453,#300,.T.);
#2760=EDGE_CURVE('',#3463,#3464,#301,.T.);
#2761=EDGE_CURVE('',#3464,#3465,#302,.T.);
#2762=EDGE_CURVE('',#3465,#3466,#303,.T.);
#2763=EDGE_CURVE('',#3466,#3456,#304,.T.);
#2764=EDGE_CURVE('',#3458,#3467,#305,.T.);
#2765=EDGE_CURVE('',#3467,#3468,#306,.T.);
#2766=EDGE_CURVE('',#3468,#3469,#307,.T.);
#2767=EDGE_CURVE('',#3470,#3469,#308,.T.);
#2768=EDGE_CURVE('',#3470,#3471,#309,.T.);
#2769=EDGE_CURVE('',#3472,#3471,#310,.T.);
#2770=EDGE_CURVE('',#3473,#3472,#311,.T.);
#2771=EDGE_CURVE('',#3474,#3473,#312,.T.);
#2772=EDGE_CURVE('',#3475,#3474,#313,.T.);
#2773=EDGE_CURVE('',#3475,#3476,#314,.T.);
#2774=EDGE_CURVE('',#3454,#3476,#315,.T.);
#2775=EDGE_CURVE('',#3477,#3478,#316,.T.);
#2776=EDGE_CURVE('',#3477,#3479,#317,.T.);
#2777=EDGE_CURVE('',#3480,#3479,#318,.T.);
#2778=EDGE_CURVE('',#3480,#3481,#319,.T.);
#2779=EDGE_CURVE('',#3482,#3481,#320,.T.);
#2780=EDGE_CURVE('',#3483,#3482,#321,.T.);
#2781=EDGE_CURVE('',#3484,#3483,#322,.T.);
#2782=EDGE_CURVE('',#3485,#3484,#323,.T.);
#2783=EDGE_CURVE('',#3486,#3485,#324,.T.);
#2784=EDGE_CURVE('',#3486,#3487,#3836,.T.);
#2785=EDGE_CURVE('',#3487,#3488,#325,.T.);
#2786=EDGE_CURVE('',#3488,#3489,#3837,.T.);
#2787=EDGE_CURVE('',#3489,#3490,#326,.T.);
#2788=EDGE_CURVE('',#3491,#3490,#327,.T.);
#2789=EDGE_CURVE('',#3491,#3492,#328,.T.);
#2790=EDGE_CURVE('',#3493,#3492,#329,.T.);
#2791=EDGE_CURVE('',#3494,#3493,#330,.T.);
#2792=EDGE_CURVE('',#3495,#3494,#331,.T.);
#2793=EDGE_CURVE('',#3496,#3495,#3838,.F.);
#2794=EDGE_CURVE('',#3496,#3497,#332,.T.);
#2795=EDGE_CURVE('',#3498,#3497,#3839,.F.);
#2796=EDGE_CURVE('',#3499,#3498,#333,.T.);
#2797=EDGE_CURVE('',#3500,#3499,#334,.T.);
#2798=EDGE_CURVE('',#3500,#3501,#335,.T.);
#2799=EDGE_CURVE('',#3501,#3502,#336,.T.);
#2800=EDGE_CURVE('',#3502,#3503,#337,.T.);
#2801=EDGE_CURVE('',#3503,#3504,#338,.T.);
#2802=EDGE_CURVE('',#3504,#3505,#3840,.T.);
#2803=EDGE_CURVE('',#3505,#3506,#339,.T.);
#2804=EDGE_CURVE('',#3506,#3478,#3841,.T.);
#2805=EDGE_CURVE('',#3507,#3507,#3842,.T.);
#2806=EDGE_CURVE('',#3508,#3509,#340,.T.);
#2807=EDGE_CURVE('',#3510,#3508,#3843,.T.);
#2808=EDGE_CURVE('',#3510,#3511,#3844,.T.);
#2809=EDGE_CURVE('',#3511,#3512,#3845,.T.);
#2810=EDGE_CURVE('',#3512,#3513,#3846,.T.);
#2811=EDGE_CURVE('',#3514,#3513,#3847,.T.);
#2812=EDGE_CURVE('',#3514,#3515,#341,.T.);
#2813=EDGE_CURVE('',#3515,#3516,#3848,.T.);
#2814=EDGE_CURVE('',#3516,#3517,#342,.T.);
#2815=EDGE_CURVE('',#3518,#3517,#3849,.T.);
#2816=EDGE_CURVE('',#3518,#3519,#3850,.T.);
#2817=EDGE_CURVE('',#3519,#3520,#3851,.T.);
#2818=EDGE_CURVE('',#3520,#3521,#3852,.T.);
#2819=EDGE_CURVE('',#3522,#3521,#3853,.T.);
#2820=EDGE_CURVE('',#3523,#3522,#343,.T.);
#2821=EDGE_CURVE('',#3523,#3509,#3854,.T.);
#2822=EDGE_CURVE('',#3524,#3525,#66,.T.);
#2823=EDGE_CURVE('',#3526,#3524,#344,.T.);
#2824=EDGE_CURVE('',#3526,#3527,#67,.T.);
#2825=EDGE_CURVE('',#3527,#3525,#345,.T.);
#2826=EDGE_CURVE('',#3508,#3514,#68,.T.);
#2827=EDGE_CURVE('',#3509,#3515,#69,.T.);
#2828=EDGE_CURVE('',#3528,#3529,#70,.T.);
#2829=EDGE_CURVE('',#3528,#3530,#346,.T.);
#2830=EDGE_CURVE('',#3530,#3531,#71,.T.);
#2831=EDGE_CURVE('',#3529,#3531,#347,.T.);
#2832=EDGE_CURVE('',#3517,#3522,#72,.T.);
#2833=EDGE_CURVE('',#3516,#3523,#73,.T.);
#2834=EDGE_CURVE('',#3529,#3355,#74,.T.);
#2835=EDGE_CURVE('',#3354,#3524,#75,.T.);
#2836=EDGE_CURVE('',#3525,#3347,#76,.T.);
#2837=EDGE_CURVE('',#3346,#3528,#77,.T.);
#2838=EDGE_CURVE('',#3353,#3526,#78,.T.);
#2839=EDGE_CURVE('',#3510,#3352,#348,.T.);
#2840=EDGE_CURVE('',#3513,#3349,#349,.T.);
#2841=EDGE_CURVE('',#3527,#3348,#79,.T.);
#2842=EDGE_CURVE('',#3531,#3356,#80,.T.);
#2843=EDGE_CURVE('',#3345,#3530,#81,.T.);
#2844=EDGE_CURVE('',#3518,#3344,#350,.T.);
#2845=EDGE_CURVE('',#3521,#3357,#351,.T.);
#2846=EDGE_CURVE('',#3532,#3532,#3855,.T.);
#2847=EDGE_CURVE('',#3533,#3533,#3856,.T.);
#2848=EDGE_CURVE('',#3534,#3535,#352,.T.);
#2849=EDGE_CURVE('',#3536,#3535,#353,.T.);
#2850=EDGE_CURVE('',#3537,#3536,#354,.T.);
#2851=EDGE_CURVE('',#3537,#3534,#355,.T.);
#2852=EDGE_CURVE('',#3535,#3368,#36,.F.);
#2853=EDGE_CURVE('',#3367,#3538,#356,.T.);
#2854=EDGE_CURVE('',#3539,#3538,#357,.T.);
#2855=EDGE_CURVE('',#3393,#3539,#358,.T.);
#2856=EDGE_CURVE('',#3392,#3536,#37,.F.);
#2857=EDGE_CURVE('',#3540,#3541,#38,.F.);
#2858=EDGE_CURVE('',#3541,#3534,#39,.F.);
#2859=EDGE_CURVE('',#3537,#3542,#40,.F.);
#2860=EDGE_CURVE('',#3542,#3543,#41,.F.);
#2861=EDGE_CURVE('',#3543,#3540,#359,.T.);
#2862=EDGE_CURVE('',#3544,#3545,#360,.T.);
#2863=EDGE_CURVE('',#3545,#3469,#42,.F.);
#2864=EDGE_CURVE('',#3468,#3544,#3857,.T.);
#2865=EDGE_CURVE('',#3546,#3547,#361,.T.);
#2866=EDGE_CURVE('',#3547,#3548,#43,.F.);
#2867=EDGE_CURVE('',#3549,#3548,#362,.T.);
#2868=EDGE_CURVE('',#3549,#3546,#3858,.T.);
#2869=EDGE_CURVE('',#3550,#3551,#363,.T.);
#2870=EDGE_CURVE('',#3551,#3552,#44,.F.);
#2871=EDGE_CURVE('',#3553,#3552,#364,.T.);
#2872=EDGE_CURVE('',#3553,#3550,#3859,.T.);
#2873=EDGE_CURVE('',#3474,#3554,#45,.F.);
#2874=EDGE_CURVE('',#3555,#3554,#365,.T.);
#2875=EDGE_CURVE('',#3555,#3475,#3860,.T.);
#2876=EDGE_CURVE('',#3373,#3467,#3861,.F.);
#2877=EDGE_CURVE('',#3457,#3428,#82,.T.);
#2878=EDGE_CURVE('',#3476,#3387,#3862,.F.);
#2879=EDGE_CURVE('',#3430,#3455,#83,.T.);
#2880=EDGE_CURVE('',#3427,#3398,#84,.T.);
#2881=EDGE_CURVE('',#3538,#3452,#3863,.T.);
#2882=EDGE_CURVE('',#3366,#3538,#3864,.T.);
#2883=EDGE_CURVE('',#3403,#3429,#85,.T.);
#2884=EDGE_CURVE('',#3539,#3394,#3865,.T.);
#2885=EDGE_CURVE('',#3451,#3539,#3866,.T.);
#2886=EDGE_CURVE('',#3541,#3369,#86,.T.);
#2887=EDGE_CURVE('',#3471,#3540,#3867,.T.);
#2888=EDGE_CURVE('',#3370,#3470,#3868,.F.);
#2889=EDGE_CURVE('',#3391,#3542,#87,.F.);
#2890=EDGE_CURVE('',#3473,#3390,#3869,.F.);
#2891=EDGE_CURVE('',#3543,#3472,#3870,.T.);
#2892=EDGE_CURVE('',#3556,#3557,#366,.T.);
#2893=EDGE_CURVE('',#3557,#3558,#367,.T.);
#2894=EDGE_CURVE('',#3558,#3559,#368,.T.);
#2895=EDGE_CURVE('',#3559,#3560,#369,.T.);
#2896=EDGE_CURVE('',#3561,#3560,#370,.T.);
#2897=EDGE_CURVE('',#3562,#3561,#371,.T.);
#2898=EDGE_CURVE('',#3562,#3563,#372,.T.);
#2899=EDGE_CURVE('',#3563,#3564,#373,.T.);
#2900=EDGE_CURVE('',#3564,#3565,#374,.T.);
#2901=EDGE_CURVE('',#3556,#3565,#375,.T.);
#2902=EDGE_CURVE('',#3566,#3567,#376,.T.);
#2903=EDGE_CURVE('',#3566,#3568,#377,.T.);
#2904=EDGE_CURVE('',#3568,#3569,#378,.T.);
#2905=EDGE_CURVE('',#3569,#3570,#379,.T.);
#2906=EDGE_CURVE('',#3570,#3571,#380,.T.);
#2907=EDGE_CURVE('',#3571,#3572,#381,.T.);
#2908=EDGE_CURVE('',#3572,#3573,#382,.T.);
#2909=EDGE_CURVE('',#3573,#3574,#383,.T.);
#2910=EDGE_CURVE('',#3574,#3575,#384,.T.);
#2911=EDGE_CURVE('',#3575,#3576,#385,.T.);
#2912=EDGE_CURVE('',#3577,#3576,#386,.T.);
#2913=EDGE_CURVE('',#3577,#3567,#387,.T.);
#2914=EDGE_CURVE('',#3578,#3579,#388,.T.);
#2915=EDGE_CURVE('',#3578,#3580,#389,.T.);
#2916=EDGE_CURVE('',#3580,#3581,#390,.T.);
#2917=EDGE_CURVE('',#3581,#3582,#391,.T.);
#2918=EDGE_CURVE('',#3582,#3583,#392,.T.);
#2919=EDGE_CURVE('',#3583,#3584,#393,.T.);
#2920=EDGE_CURVE('',#3584,#3585,#394,.T.);
#2921=EDGE_CURVE('',#3585,#3586,#395,.T.);
#2922=EDGE_CURVE('',#3587,#3586,#396,.T.);
#2923=EDGE_CURVE('',#3587,#3579,#397,.T.);
#2924=EDGE_CURVE('',#3588,#3589,#398,.T.);
#2925=EDGE_CURVE('',#3589,#3590,#399,.T.);
#2926=EDGE_CURVE('',#3590,#3591,#400,.T.);
#2927=EDGE_CURVE('',#3591,#3592,#401,.T.);
#2928=EDGE_CURVE('',#3593,#3592,#402,.T.);
#2929=EDGE_CURVE('',#3594,#3593,#403,.T.);
#2930=EDGE_CURVE('',#3594,#3595,#404,.T.);
#2931=EDGE_CURVE('',#3595,#3596,#405,.T.);
#2932=EDGE_CURVE('',#3596,#3597,#406,.T.);
#2933=EDGE_CURVE('',#3597,#3598,#407,.T.);
#2934=EDGE_CURVE('',#3598,#3599,#408,.T.);
#2935=EDGE_CURVE('',#3588,#3599,#409,.T.);
#2936=EDGE_CURVE('',#3558,#3566,#410,.T.);
#2937=EDGE_CURVE('',#3567,#3559,#411,.T.);
#2938=EDGE_CURVE('',#3590,#3578,#412,.T.);
#2939=EDGE_CURVE('',#3579,#3591,#413,.T.);
#2940=EDGE_CURVE('',#3557,#3568,#414,.T.);
#2941=EDGE_CURVE('',#3324,#3556,#3871,.T.);
#2942=EDGE_CURVE('',#3492,#3323,#415,.T.);
#2943=EDGE_CURVE('',#3491,#3569,#3872,.T.);
#2944=EDGE_CURVE('',#3589,#3580,#416,.T.);
#2945=EDGE_CURVE('',#3588,#3502,#3873,.T.);
#2946=EDGE_CURVE('',#3332,#3501,#417,.T.);
#2947=EDGE_CURVE('',#3581,#3331,#3874,.T.);
#2948=EDGE_CURVE('',#3560,#3577,#418,.T.);
#2949=EDGE_CURVE('',#3484,#3576,#3875,.T.);
#2950=EDGE_CURVE('',#3483,#3326,#419,.T.);
#2951=EDGE_CURVE('',#3325,#3561,#3876,.T.);
#2952=EDGE_CURVE('',#3592,#3587,#420,.T.);
#2953=EDGE_CURVE('',#3586,#3330,#3877,.T.);
#2954=EDGE_CURVE('',#3329,#3480,#421,.T.);
#2955=EDGE_CURVE('',#3593,#3479,#3878,.T.);
#2956=EDGE_CURVE('',#3600,#3565,#3879,.F.);
#2957=EDGE_CURVE('',#3601,#3600,#88,.T.);
#2958=EDGE_CURVE('',#3602,#3601,#422,.F.);
#2959=EDGE_CURVE('',#3603,#3602,#89,.T.);
#2960=EDGE_CURVE('',#3562,#3603,#3880,.F.);
#2961=EDGE_CURVE('',#3570,#3490,#3881,.F.);
#2962=EDGE_CURVE('',#3485,#3575,#3882,.F.);
#2963=EDGE_CURVE('',#3582,#3604,#3883,.F.);
#2964=EDGE_CURVE('',#3605,#3585,#3884,.F.);
#2965=EDGE_CURVE('',#3606,#3605,#90,.T.);
#2966=EDGE_CURVE('',#3607,#3606,#423,.T.);
#2967=EDGE_CURVE('',#3604,#3607,#91,.T.);
#2968=EDGE_CURVE('',#3503,#3599,#3885,.F.);
#2969=EDGE_CURVE('',#3594,#3477,#3886,.F.);
#2970=EDGE_CURVE('',#3608,#3481,#3887,.T.);
#2971=EDGE_CURVE('',#3609,#3328,#3888,.T.);
#2972=EDGE_CURVE('',#3610,#3609,#424,.T.);
#2973=EDGE_CURVE('',#3611,#3610,#425,.T.);
#2974=EDGE_CURVE('',#3608,#3611,#426,.T.);
#2975=EDGE_CURVE('',#3493,#3322,#427,.T.);
#2976=EDGE_CURVE('',#3320,#3612,#92,.T.);
#2977=EDGE_CURVE('',#3613,#3336,#93,.T.);
#2978=EDGE_CURVE('',#3614,#3613,#3889,.T.);
#2979=EDGE_CURVE('',#3615,#3614,#428,.T.);
#2980=EDGE_CURVE('',#3612,#3615,#3890,.T.);
#2981=EDGE_CURVE('',#3615,#3616,#429,.T.);
#2982=EDGE_CURVE('',#3617,#3614,#430,.T.);
#2983=EDGE_CURVE('',#3616,#3617,#431,.T.);
#2984=EDGE_CURVE('',#3616,#3618,#432,.T.);
#2985=EDGE_CURVE('',#3619,#3617,#433,.T.);
#2986=EDGE_CURVE('',#3618,#3619,#434,.T.);
#2987=EDGE_CURVE('',#3618,#3620,#435,.T.);
#2988=EDGE_CURVE('',#3621,#3619,#436,.T.);
#2989=EDGE_CURVE('',#3620,#3621,#437,.T.);
#2990=EDGE_CURVE('',#3496,#3622,#94,.T.);
#2991=EDGE_CURVE('',#3622,#3620,#3891,.T.);
#2992=EDGE_CURVE('',#3621,#3623,#3892,.T.);
#2993=EDGE_CURVE('',#3623,#3497,#95,.T.);
#2994=EDGE_CURVE('',#3624,#3327,#3893,.T.);
#2995=EDGE_CURVE('',#3625,#3482,#3894,.T.);
#2996=EDGE_CURVE('',#3625,#3626,#438,.T.);
#2997=EDGE_CURVE('',#3626,#3627,#439,.T.);
#2998=EDGE_CURVE('',#3627,#3624,#440,.T.);
#2999=EDGE_CURVE('',#3500,#3333,#441,.T.);
#3000=EDGE_CURVE('',#3625,#3608,#442,.T.);
#3001=EDGE_CURVE('',#3626,#3611,#443,.T.);
#3002=EDGE_CURVE('',#3627,#3610,#444,.T.);
#3003=EDGE_CURVE('',#3624,#3609,#445,.T.);
#3004=EDGE_CURVE('',#3613,#3623,#446,.T.);
#3005=EDGE_CURVE('',#3498,#3335,#447,.T.);
#3006=EDGE_CURVE('',#3612,#3622,#448,.T.);
#3007=EDGE_CURVE('',#3495,#3319,#449,.T.);
#3008=EDGE_CURVE('',#3499,#3334,#450,.T.);
#3009=EDGE_CURVE('',#3494,#3321,#451,.T.);
#3010=EDGE_CURVE('',#3488,#3601,#452,.T.);
#3011=EDGE_CURVE('',#3487,#3602,#453,.T.);
#3012=EDGE_CURVE('',#3489,#3600,#454,.T.);
#3013=EDGE_CURVE('',#3564,#3571,#455,.T.);
#3014=EDGE_CURVE('',#3486,#3603,#456,.T.);
#3015=EDGE_CURVE('',#3563,#3574,#457,.T.);
#3016=EDGE_CURVE('',#3595,#3584,#458,.T.);
#3017=EDGE_CURVE('',#3478,#3605,#459,.T.);
#3018=EDGE_CURVE('',#3504,#3604,#460,.T.);
#3019=EDGE_CURVE('',#3598,#3583,#461,.T.);
#3020=EDGE_CURVE('',#3505,#3607,#462,.T.);
#3021=EDGE_CURVE('',#3506,#3606,#463,.T.);
#3022=EDGE_CURVE('',#3596,#3628,#464,.T.);
#3023=EDGE_CURVE('',#3597,#3629,#465,.T.);
#3024=EDGE_CURVE('',#3628,#3629,#466,.T.);
#3025=EDGE_CURVE('',#3630,#3573,#467,.T.);
#3026=EDGE_CURVE('',#3630,#3631,#468,.T.);
#3027=EDGE_CURVE('',#3631,#3572,#469,.T.);
#3028=EDGE_CURVE('',#3389,#3552,#470,.T.);
#3029=EDGE_CURVE('',#3388,#3553,#471,.T.);
#3030=EDGE_CURVE('',#3551,#3554,#472,.T.);
#3031=EDGE_CURVE('',#3550,#3555,#473,.T.);
#3032=EDGE_CURVE('',#3552,#3474,#474,.T.);
#3033=EDGE_CURVE('',#3547,#3371,#475,.T.);
#3034=EDGE_CURVE('',#3546,#3372,#476,.T.);
#3035=EDGE_CURVE('',#3548,#3545,#477,.T.);
#3036=EDGE_CURVE('',#3544,#3549,#478,.T.);
#3037=EDGE_CURVE('',#3547,#3469,#479,.T.);
#3038=EDGE_CURVE('',#3512,#3350,#480,.T.);
#3039=EDGE_CURVE('',#3511,#3351,#481,.T.);
#3040=EDGE_CURVE('',#3520,#3358,#482,.T.);
#3041=EDGE_CURVE('',#3632,#3342,#483,.T.);
#3042=EDGE_CURVE('',#3632,#3633,#3895,.T.);
#3043=EDGE_CURVE('',#3633,#3340,#484,.T.);
#3044=EDGE_CURVE('',#3519,#3343,#485,.T.);
#3045=EDGE_CURVE('',#3634,#3634,#3896,.T.);
#3046=EDGE_CURVE('',#3635,#3635,#3897,.F.);
#3047=EDGE_CURVE('',#3636,#3636,#3898,.T.);
#3048=EDGE_CURVE('',#3573,#3377,#486,.T.);
#3049=EDGE_CURVE('',#3572,#3379,#487,.T.);
#3050=EDGE_CURVE('',#3380,#3637,#488,.T.);
#3051=EDGE_CURVE('',#3638,#3637,#489,.T.);
#3052=EDGE_CURVE('',#3378,#3638,#490,.T.);
#3053=EDGE_CURVE('',#3637,#3631,#491,.T.);
#3054=EDGE_CURVE('',#3638,#3630,#492,.T.);
#3055=EDGE_CURVE('',#3359,#3596,#493,.T.);
#3056=EDGE_CURVE('',#3360,#3597,#494,.T.);
#3057=EDGE_CURVE('',#3628,#3639,#495,.T.);
#3058=EDGE_CURVE('',#3639,#3361,#496,.T.);
#3059=EDGE_CURVE('',#3640,#3362,#497,.T.);
#3060=EDGE_CURVE('',#3629,#3640,#498,.T.);
#3061=EDGE_CURVE('',#3639,#3640,#499,.T.);
#3062=EDGE_CURVE('',#3363,#3641,#500,.T.);
#3063=EDGE_CURVE('',#3641,#3406,#501,.T.);
#3064=EDGE_CURVE('',#3642,#3423,#502,.T.);
#3065=EDGE_CURVE('',#3642,#3376,#503,.T.);
#3066=EDGE_CURVE('',#3643,#3408,#504,.T.);
#3067=EDGE_CURVE('',#3643,#3383,#505,.T.);
#3068=EDGE_CURVE('',#3384,#3644,#506,.T.);
#3069=EDGE_CURVE('',#3644,#3412,#507,.T.);
#3070=EDGE_CURVE('',#3641,#3443,#508,.T.);
#3071=EDGE_CURVE('',#3450,#3643,#509,.T.);
#3072=EDGE_CURVE('',#3645,#3415,#510,.T.);
#3073=EDGE_CURVE('',#3645,#3463,#511,.T.);
#3074=EDGE_CURVE('',#3466,#3646,#512,.T.);
#3075=EDGE_CURVE('',#3646,#3420,#513,.T.);
#3076=EDGE_CURVE('',#3644,#3647,#514,.T.);
#3077=EDGE_CURVE('',#3647,#3413,#515,.T.);
#3078=EDGE_CURVE('',#3647,#3648,#3899,.T.);
#3079=EDGE_CURVE('',#3648,#3414,#516,.T.);
#3080=EDGE_CURVE('',#3648,#3645,#517,.T.);
#3081=EDGE_CURVE('',#3646,#3649,#518,.T.);
#3082=EDGE_CURVE('',#3649,#3421,#519,.T.);
#3083=EDGE_CURVE('',#3649,#3650,#3900,.T.);
#3084=EDGE_CURVE('',#3650,#3422,#520,.T.);
#3085=EDGE_CURVE('',#3650,#3642,#521,.T.);
#3086=EDGE_CURVE('',#3651,#3651,#3901,.T.);
#3087=EDGE_CURVE('',#3652,#3652,#3902,.T.);
#3088=EDGE_CURVE('',#3653,#3653,#3903,.T.);
#3089=EDGE_CURVE('',#3654,#3654,#3904,.T.);
#3090=EDGE_CURVE('',#3655,#3449,#522,.T.);
#3091=EDGE_CURVE('',#3655,#3656,#523,.T.);
#3092=EDGE_CURVE('',#3656,#3448,#524,.T.);
#3093=EDGE_CURVE('',#3657,#3447,#525,.T.);
#3094=EDGE_CURVE('',#3657,#3658,#526,.T.);
#3095=EDGE_CURVE('',#3658,#3446,#527,.T.);
#3096=EDGE_CURVE('',#3659,#3445,#528,.T.);
#3097=EDGE_CURVE('',#3659,#3660,#529,.T.);
#3098=EDGE_CURVE('',#3660,#3444,#530,.T.);
#3099=EDGE_CURVE('',#3661,#3465,#531,.T.);
#3100=EDGE_CURVE('',#3662,#3661,#532,.T.);
#3101=EDGE_CURVE('',#3662,#3464,#533,.T.);
#3102=EDGE_CURVE('',#3663,#3663,#3905,.T.);
#3103=EDGE_CURVE('',#3664,#3664,#3906,.T.);
#3104=EDGE_CURVE('',#3665,#3665,#3907,.T.);
#3105=EDGE_CURVE('',#3666,#3666,#3908,.T.);
#3106=EDGE_CURVE('',#3667,#3462,#534,.T.);
#3107=EDGE_CURVE('',#3668,#3461,#535,.T.);
#3108=EDGE_CURVE('',#3668,#3667,#536,.T.);
#3109=EDGE_CURVE('',#3459,#3669,#537,.T.);
#3110=EDGE_CURVE('',#3460,#3670,#538,.T.);
#3111=EDGE_CURVE('',#3669,#3670,#539,.T.);
#3112=EDGE_CURVE('',#3671,#3465,#540,.T.);
#3113=EDGE_CURVE('',#3672,#3464,#541,.T.);
#3114=EDGE_CURVE('',#3672,#3671,#542,.T.);
#3115=EDGE_CURVE('',#3673,#3669,#3909,.T.);
#3116=EDGE_CURVE('',#3673,#3674,#543,.T.);
#3117=EDGE_CURVE('',#3672,#3674,#3910,.T.);
#3118=EDGE_CURVE('',#3662,#3675,#544,.T.);
#3119=EDGE_CURVE('',#3675,#3676,#545,.T.);
#3120=EDGE_CURVE('',#3676,#3677,#3911,.T.);
#3121=EDGE_CURVE('',#3677,#3678,#546,.T.);
#3122=EDGE_CURVE('',#3678,#3668,#3912,.T.);
#3123=EDGE_CURVE('',#3679,#3667,#3913,.T.);
#3124=EDGE_CURVE('',#3680,#3679,#547,.T.);
#3125=EDGE_CURVE('',#3681,#3680,#3914,.T.);
#3126=EDGE_CURVE('',#3682,#3681,#548,.T.);
#3127=EDGE_CURVE('',#3661,#3682,#549,.T.);
#3128=EDGE_CURVE('',#3671,#3683,#3915,.T.);
#3129=EDGE_CURVE('',#3684,#3683,#550,.T.);
#3130=EDGE_CURVE('',#3684,#3670,#3916,.T.);
#3131=EDGE_CURVE('',#3673,#3684,#551,.T.);
#3132=EDGE_CURVE('',#3674,#3683,#552,.T.);
#3133=EDGE_CURVE('',#3675,#3682,#553,.T.);
#3134=EDGE_CURVE('',#3676,#3681,#554,.T.);
#3135=EDGE_CURVE('',#3677,#3680,#555,.T.);
#3136=EDGE_CURVE('',#3678,#3679,#556,.T.);
#3137=EDGE_CURVE('',#3439,#3685,#557,.T.);
#3138=EDGE_CURVE('',#3440,#3686,#558,.T.);
#3139=EDGE_CURVE('',#3685,#3686,#559,.T.);
#3140=EDGE_CURVE('',#3445,#3687,#560,.T.);
#3141=EDGE_CURVE('',#3444,#3688,#561,.T.);
#3142=EDGE_CURVE('',#3687,#3688,#562,.T.);
#3143=EDGE_CURVE('',#3689,#3442,#563,.T.);
#3144=EDGE_CURVE('',#3690,#3441,#564,.T.);
#3145=EDGE_CURVE('',#3690,#3689,#565,.T.);
#3146=EDGE_CURVE('',#3685,#3691,#3917,.T.);
#3147=EDGE_CURVE('',#3691,#3692,#566,.T.);
#3148=EDGE_CURVE('',#3692,#3693,#3918,.T.);
#3149=EDGE_CURVE('',#3693,#3694,#567,.T.);
#3150=EDGE_CURVE('',#3694,#3659,#568,.T.);
#3151=EDGE_CURVE('',#3695,#3687,#3919,.T.);
#3152=EDGE_CURVE('',#3695,#3696,#569,.T.);
#3153=EDGE_CURVE('',#3690,#3696,#3920,.T.);
#3154=EDGE_CURVE('',#3689,#3697,#3921,.T.);
#3155=EDGE_CURVE('',#3698,#3697,#570,.T.);
#3156=EDGE_CURVE('',#3698,#3688,#3922,.T.);
#3157=EDGE_CURVE('',#3699,#3660,#571,.T.);
#3158=EDGE_CURVE('',#3700,#3699,#572,.T.);
#3159=EDGE_CURVE('',#3701,#3700,#3923,.T.);
#3160=EDGE_CURVE('',#3702,#3701,#573,.T.);
#3161=EDGE_CURVE('',#3686,#3702,#3924,.T.);
#3162=EDGE_CURVE('',#3691,#3702,#574,.T.);
#3163=EDGE_CURVE('',#3692,#3701,#575,.T.);
#3164=EDGE_CURVE('',#3693,#3700,#576,.T.);
#3165=EDGE_CURVE('',#3694,#3699,#577,.T.);
#3166=EDGE_CURVE('',#3695,#3698,#578,.T.);
#3167=EDGE_CURVE('',#3696,#3697,#579,.T.);
#3168=EDGE_CURVE('',#3435,#3703,#580,.T.);
#3169=EDGE_CURVE('',#3436,#3704,#581,.T.);
#3170=EDGE_CURVE('',#3703,#3704,#582,.T.);
#3171=EDGE_CURVE('',#3447,#3705,#583,.T.);
#3172=EDGE_CURVE('',#3446,#3706,#584,.T.);
#3173=EDGE_CURVE('',#3705,#3706,#585,.T.);
#3174=EDGE_CURVE('',#3707,#3438,#586,.T.);
#3175=EDGE_CURVE('',#3708,#3437,#587,.T.);
#3176=EDGE_CURVE('',#3708,#3707,#588,.T.);
#3177=EDGE_CURVE('',#3703,#3709,#3925,.T.);
#3178=EDGE_CURVE('',#3709,#3710,#589,.T.);
#3179=EDGE_CURVE('',#3710,#3711,#3926,.T.);
#3180=EDGE_CURVE('',#3711,#3712,#590,.T.);
#3181=EDGE_CURVE('',#3712,#3657,#591,.T.);
#3182=EDGE_CURVE('',#3713,#3705,#3927,.T.);
#3183=EDGE_CURVE('',#3713,#3714,#592,.T.);
#3184=EDGE_CURVE('',#3708,#3714,#3928,.T.);
#3185=EDGE_CURVE('',#3707,#3715,#3929,.T.);
#3186=EDGE_CURVE('',#3716,#3715,#593,.T.);
#3187=EDGE_CURVE('',#3716,#3706,#3930,.T.);
#3188=EDGE_CURVE('',#3717,#3658,#594,.T.);
#3189=EDGE_CURVE('',#3718,#3717,#595,.T.);
#3190=EDGE_CURVE('',#3719,#3718,#3931,.T.);
#3191=EDGE_CURVE('',#3720,#3719,#596,.T.);
#3192=EDGE_CURVE('',#3704,#3720,#3932,.T.);
#3193=EDGE_CURVE('',#3709,#3720,#597,.T.);
#3194=EDGE_CURVE('',#3710,#3719,#598,.T.);
#3195=EDGE_CURVE('',#3711,#3718,#599,.T.);
#3196=EDGE_CURVE('',#3712,#3717,#600,.T.);
#3197=EDGE_CURVE('',#3713,#3716,#601,.T.);
#3198=EDGE_CURVE('',#3714,#3715,#602,.T.);
#3199=EDGE_CURVE('',#3431,#3721,#603,.T.);
#3200=EDGE_CURVE('',#3432,#3722,#604,.T.);
#3201=EDGE_CURVE('',#3721,#3722,#605,.T.);
#3202=EDGE_CURVE('',#3449,#3723,#606,.T.);
#3203=EDGE_CURVE('',#3448,#3724,#607,.T.);
#3204=EDGE_CURVE('',#3723,#3724,#608,.T.);
#3205=EDGE_CURVE('',#3725,#3434,#609,.T.);
#3206=EDGE_CURVE('',#3726,#3433,#610,.T.);
#3207=EDGE_CURVE('',#3726,#3725,#611,.T.);
#3208=EDGE_CURVE('',#3721,#3727,#3933,.T.);
#3209=EDGE_CURVE('',#3727,#3728,#612,.T.);
#3210=EDGE_CURVE('',#3728,#3729,#3934,.T.);
#3211=EDGE_CURVE('',#3729,#3730,#613,.T.);
#3212=EDGE_CURVE('',#3730,#3655,#614,.T.);
#3213=EDGE_CURVE('',#3731,#3723,#3935,.T.);
#3214=EDGE_CURVE('',#3731,#3732,#615,.T.);
#3215=EDGE_CURVE('',#3726,#3732,#3936,.T.);
#3216=EDGE_CURVE('',#3725,#3733,#3937,.T.);
#3217=EDGE_CURVE('',#3734,#3733,#616,.T.);
#3218=EDGE_CURVE('',#3734,#3724,#3938,.T.);
#3219=EDGE_CURVE('',#3735,#3656,#617,.T.);
#3220=EDGE_CURVE('',#3736,#3735,#618,.T.);
#3221=EDGE_CURVE('',#3737,#3736,#3939,.T.);
#3222=EDGE_CURVE('',#3738,#3737,#619,.T.);
#3223=EDGE_CURVE('',#3722,#3738,#3940,.T.);
#3224=EDGE_CURVE('',#3727,#3738,#620,.T.);
#3225=EDGE_CURVE('',#3728,#3737,#621,.T.);
#3226=EDGE_CURVE('',#3729,#3736,#622,.T.);
#3227=EDGE_CURVE('',#3730,#3735,#623,.T.);
#3228=EDGE_CURVE('',#3731,#3734,#624,.T.);
#3229=EDGE_CURVE('',#3732,#3733,#625,.T.);
#3230=EDGE_CURVE('',#3739,#3739,#3941,.T.);
#3231=EDGE_CURVE('',#3740,#3740,#3942,.T.);
#3232=EDGE_CURVE('',#3741,#3633,#626,.T.);
#3233=EDGE_CURVE('',#3741,#3339,#627,.T.);
#3234=EDGE_CURVE('',#3742,#3741,#628,.T.);
#3235=EDGE_CURVE('',#3742,#3341,#629,.T.);
#3236=EDGE_CURVE('',#3632,#3742,#630,.T.);
#3237=EDGE_CURVE('',#3743,#3744,#631,.T.);
#3238=EDGE_CURVE('',#3745,#3743,#632,.T.);
#3239=EDGE_CURVE('',#3744,#3745,#3943,.T.);
#3240=EDGE_CURVE('',#3746,#3747,#633,.T.);
#3241=EDGE_CURVE('',#3746,#3743,#634,.T.);
#3242=EDGE_CURVE('',#3744,#3748,#96,.T.);
#3243=EDGE_CURVE('',#3747,#3748,#635,.F.);
#3244=EDGE_CURVE('',#3749,#3745,#97,.T.);
#3245=EDGE_CURVE('',#3748,#3749,#3944,.T.);
#3246=EDGE_CURVE('',#3750,#3751,#3945,.F.);
#3247=EDGE_CURVE('',#3751,#3752,#636,.F.);
#3248=EDGE_CURVE('',#3752,#3753,#3946,.T.);
#3249=EDGE_CURVE('',#3753,#3754,#637,.T.);
#3250=EDGE_CURVE('',#3754,#3755,#3947,.F.);
#3251=EDGE_CURVE('',#3756,#3755,#46,.F.);
#3252=EDGE_CURVE('',#3757,#3756,#3948,.F.);
#3253=EDGE_CURVE('',#3750,#3757,#47,.F.);
#3254=EDGE_CURVE('',#3758,#3759,#638,.T.);
#3255=EDGE_CURVE('',#3758,#3760,#639,.T.);
#3256=EDGE_CURVE('',#3760,#3761,#3949,.T.);
#3257=EDGE_CURVE('',#3759,#3761,#640,.T.);
#3258=EDGE_CURVE('',#3762,#3763,#641,.T.);
#3259=EDGE_CURVE('',#3762,#3764,#3950,.F.);
#3260=EDGE_CURVE('',#3764,#3765,#642,.T.);
#3261=EDGE_CURVE('',#3765,#3763,#3951,.T.);
#3262=EDGE_CURVE('',#3766,#3767,#643,.T.);
#3263=EDGE_CURVE('',#3768,#3766,#644,.T.);
#3264=EDGE_CURVE('',#3768,#3769,#3952,.T.);
#3265=EDGE_CURVE('',#3769,#3767,#645,.T.);
#3266=EDGE_CURVE('',#3770,#3771,#646,.T.);
#3267=EDGE_CURVE('',#3770,#3772,#3953,.T.);
#3268=EDGE_CURVE('',#3772,#3773,#647,.T.);
#3269=EDGE_CURVE('',#3751,#3773,#648,.T.);
#3270=EDGE_CURVE('',#3774,#3750,#649,.T.);
#3271=EDGE_CURVE('',#3774,#3775,#3954,.T.);
#3272=EDGE_CURVE('',#3775,#3755,#650,.T.);
#3273=EDGE_CURVE('',#3754,#3776,#651,.T.);
#3274=EDGE_CURVE('',#3776,#3777,#652,.T.);
#3275=EDGE_CURVE('',#3777,#3778,#653,.T.);
#3276=EDGE_CURVE('',#3778,#3779,#3955,.T.);
#3277=EDGE_CURVE('',#3780,#3779,#654,.T.);
#3278=EDGE_CURVE('',#3746,#3780,#655,.T.);
#3279=EDGE_CURVE('',#3781,#3747,#3956,.F.);
#3280=EDGE_CURVE('',#3781,#3782,#656,.T.);
#3281=EDGE_CURVE('',#3782,#3783,#3957,.T.);
#3282=EDGE_CURVE('',#3784,#3783,#657,.T.);
#3283=EDGE_CURVE('',#3785,#3784,#3958,.F.);
#3284=EDGE_CURVE('',#3771,#3785,#658,.T.);
#3285=EDGE_CURVE('',#3786,#3786,#3959,.T.);
#3286=EDGE_CURVE('',#3767,#3771,#659,.T.);
#3287=EDGE_CURVE('',#3769,#3770,#48,.T.);
#3288=EDGE_CURVE('',#3780,#3758,#660,.T.);
#3289=EDGE_CURVE('',#3779,#3760,#49,.T.);
#3290=EDGE_CURVE('',#3773,#3766,#661,.T.);
#3291=EDGE_CURVE('',#3772,#3768,#50,.T.);
#3292=EDGE_CURVE('',#3759,#3777,#662,.T.);
#3293=EDGE_CURVE('',#3761,#3778,#51,.T.);
#3294=EDGE_CURVE('',#3787,#3757,#663,.T.);
#3295=EDGE_CURVE('',#3788,#3756,#664,.T.);
#3296=EDGE_CURVE('',#3788,#3787,#3960,.T.);
#3297=EDGE_CURVE('',#3775,#3788,#52,.T.);
#3298=EDGE_CURVE('',#3787,#3774,#53,.T.);
#3299=EDGE_CURVE('',#3764,#3784,#54,.F.);
#3300=EDGE_CURVE('',#3783,#3765,#55,.T.);
#3301=EDGE_CURVE('',#3781,#3762,#56,.F.);
#3302=EDGE_CURVE('',#3763,#3782,#57,.T.);
#3303=EDGE_CURVE('',#3789,#3790,#3961,.T.);
#3304=EDGE_CURVE('',#3791,#3789,#665,.T.);
#3305=EDGE_CURVE('',#3790,#3791,#666,.T.);
#3306=EDGE_CURVE('',#3789,#3752,#98,.T.);
#3307=EDGE_CURVE('',#3753,#3790,#99,.T.);
#3308=EDGE_CURVE('',#3749,#3785,#667,.T.);
#3309=EDGE_CURVE('',#3791,#3776,#668,.T.);
#3310=EDGE_CURVE('',#3792,#3780,#669,.T.);
#3311=EDGE_CURVE('',#3793,#3792,#670,.T.);
#3312=EDGE_CURVE('',#3793,#3771,#671,.T.);
#3313=EDGE_CURVE('',#3794,#3777,#672,.T.);
#3314=EDGE_CURVE('',#3792,#3794,#673,.T.);
#3315=EDGE_CURVE('',#3795,#3773,#674,.T.);
#3316=EDGE_CURVE('',#3794,#3795,#675,.T.);
#3317=EDGE_CURVE('',#3795,#3793,#676,.T.);
#3318=EDGE_CURVE('',#3796,#3796,#3962,.T.);
#3319=VERTEX_POINT('',#8317);
#3320=VERTEX_POINT('',#8318);
#3321=VERTEX_POINT('',#8320);
#3322=VERTEX_POINT('',#8322);
#3323=VERTEX_POINT('',#8324);
#3324=VERTEX_POINT('',#8326);
#3325=VERTEX_POINT('',#8328);
#3326=VERTEX_POINT('',#8330);
#3327=VERTEX_POINT('',#8332);
#3328=VERTEX_POINT('',#8334);
#3329=VERTEX_POINT('',#8336);
#3330=VERTEX_POINT('',#8338);
#3331=VERTEX_POINT('',#8340);
#3332=VERTEX_POINT('',#8342);
#3333=VERTEX_POINT('',#8344);
#3334=VERTEX_POINT('',#8346);
#3335=VERTEX_POINT('',#8348);
#3336=VERTEX_POINT('',#8350);
#3337=VERTEX_POINT('',#8353);
#3338=VERTEX_POINT('',#8355);
#3339=VERTEX_POINT('',#8357);
#3340=VERTEX_POINT('',#8358);
#3341=VERTEX_POINT('',#8360);
#3342=VERTEX_POINT('',#8362);
#3343=VERTEX_POINT('',#8364);
#3344=VERTEX_POINT('',#8366);
#3345=VERTEX_POINT('',#8368);
#3346=VERTEX_POINT('',#8370);
#3347=VERTEX_POINT('',#8372);
#3348=VERTEX_POINT('',#8374);
#3349=VERTEX_POINT('',#8376);
#3350=VERTEX_POINT('',#8378);
#3351=VERTEX_POINT('',#8380);
#3352=VERTEX_POINT('',#8382);
#3353=VERTEX_POINT('',#8384);
#3354=VERTEX_POINT('',#8386);
#3355=VERTEX_POINT('',#8388);
#3356=VERTEX_POINT('',#8390);
#3357=VERTEX_POINT('',#8392);
#3358=VERTEX_POINT('',#8394);
#3359=VERTEX_POINT('',#8398);
#3360=VERTEX_POINT('',#8399);
#3361=VERTEX_POINT('',#8401);
#3362=VERTEX_POINT('',#8403);
#3363=VERTEX_POINT('',#8406);
#3364=VERTEX_POINT('',#8407);
#3365=VERTEX_POINT('',#8409);
#3366=VERTEX_POINT('',#8411);
#3367=VERTEX_POINT('',#8413);
#3368=VERTEX_POINT('',#8415);
#3369=VERTEX_POINT('',#8417);
#3370=VERTEX_POINT('',#8419);
#3371=VERTEX_POINT('',#8421);
#3372=VERTEX_POINT('',#8423);
#3373=VERTEX_POINT('',#8425);
#3374=VERTEX_POINT('',#8427);
#3375=VERTEX_POINT('',#8429);
#3376=VERTEX_POINT('',#8431);
#3377=VERTEX_POINT('',#8435);
#3378=VERTEX_POINT('',#8436);
#3379=VERTEX_POINT('',#8438);
#3380=VERTEX_POINT('',#8440);
#3381=VERTEX_POINT('',#8443);
#3382=VERTEX_POINT('',#8444);
#3383=VERTEX_POINT('',#8446);
#3384=VERTEX_POINT('',#8448);
#3385=VERTEX_POINT('',#8450);
#3386=VERTEX_POINT('',#8452);
#3387=VERTEX_POINT('',#8454);
#3388=VERTEX_POINT('',#8456);
#3389=VERTEX_POINT('',#8458);
#3390=VERTEX_POINT('',#8460);
#3391=VERTEX_POINT('',#8462);
#3392=VERTEX_POINT('',#8464);
#3393=VERTEX_POINT('',#8466);
#3394=VERTEX_POINT('',#8468);
#3395=VERTEX_POINT('',#8472);
#3396=VERTEX_POINT('',#8473);
#3397=VERTEX_POINT('',#8475);
#3398=VERTEX_POINT('',#8480);
#3399=VERTEX_POINT('',#8482);
#3400=VERTEX_POINT('',#8486);
#3401=VERTEX_POINT('',#8487);
#3402=VERTEX_POINT('',#8489);
#3403=VERTEX_POINT('',#8491);
#3404=VERTEX_POINT('',#8496);
#3405=VERTEX_POINT('',#8500);
#3406=VERTEX_POINT('',#8501);
#3407=VERTEX_POINT('',#8504);
#3408=VERTEX_POINT('',#8508);
#3409=VERTEX_POINT('',#8510);
#3410=VERTEX_POINT('',#8512);
#3411=VERTEX_POINT('',#8516);
#3412=VERTEX_POINT('',#8517);
#3413=VERTEX_POINT('',#8519);
#3414=VERTEX_POINT('',#8521);
#3415=VERTEX_POINT('',#8523);
#3416=VERTEX_POINT('',#8525);
#3417=VERTEX_POINT('',#8527);
#3418=VERTEX_POINT('',#8529);
#3419=VERTEX_POINT('',#8533);
#3420=VERTEX_POINT('',#8534);
#3421=VERTEX_POINT('',#8536);
#3422=VERTEX_POINT('',#8538);
#3423=VERTEX_POINT('',#8540);
#3424=VERTEX_POINT('',#8542);
#3425=VERTEX_POINT('',#8544);
#3426=VERTEX_POINT('',#8546);
#3427=VERTEX_POINT('',#8551);
#3428=VERTEX_POINT('',#8562);
#3429=VERTEX_POINT('',#8570);
#3430=VERTEX_POINT('',#8575);
#3431=VERTEX_POINT('',#8582);
#3432=VERTEX_POINT('',#8583);
#3433=VERTEX_POINT('',#8585);
#3434=VERTEX_POINT('',#8587);
#3435=VERTEX_POINT('',#8590);
#3436=VERTEX_POINT('',#8591);
#3437=VERTEX_POINT('',#8593);
#3438=VERTEX_POINT('',#8595);
#3439=VERTEX_POINT('',#8598);
#3440=VERTEX_POINT('',#8599);
#3441=VERTEX_POINT('',#8601);
#3442=VERTEX_POINT('',#8603);
#3443=VERTEX_POINT('',#8606);
#3444=VERTEX_POINT('',#8608);
#3445=VERTEX_POINT('',#8610);
#3446=VERTEX_POINT('',#8612);
#3447=VERTEX_POINT('',#8614);
#3448=VERTEX_POINT('',#8616);
#3449=VERTEX_POINT('',#8618);
#3450=VERTEX_POINT('',#8620);
#3451=VERTEX_POINT('',#8623);
#3452=VERTEX_POINT('',#8625);
#3453=VERTEX_POINT('',#8629);
#3454=VERTEX_POINT('',#8631);
#3455=VERTEX_POINT('',#8636);
#3456=VERTEX_POINT('',#8640);
#3457=VERTEX_POINT('',#8642);
#3458=VERTEX_POINT('',#8647);
#3459=VERTEX_POINT('',#8651);
#3460=VERTEX_POINT('',#8652);
#3461=VERTEX_POINT('',#8654);
#3462=VERTEX_POINT('',#8656);
#3463=VERTEX_POINT('',#8659);
#3464=VERTEX_POINT('',#8661);
#3465=VERTEX_POINT('',#8663);
#3466=VERTEX_POINT('',#8665);
#3467=VERTEX_POINT('',#8668);
#3468=VERTEX_POINT('',#8670);
#3469=VERTEX_POINT('',#8672);
#3470=VERTEX_POINT('',#8674);
#3471=VERTEX_POINT('',#8676);
#3472=VERTEX_POINT('',#8678);
#3473=VERTEX_POINT('',#8680);
#3474=VERTEX_POINT('',#8682);
#3475=VERTEX_POINT('',#8684);
#3476=VERTEX_POINT('',#8686);
#3477=VERTEX_POINT('',#8690);
#3478=VERTEX_POINT('',#8691);
#3479=VERTEX_POINT('',#8693);
#3480=VERTEX_POINT('',#8695);
#3481=VERTEX_POINT('',#8697);
#3482=VERTEX_POINT('',#8699);
#3483=VERTEX_POINT('',#8701);
#3484=VERTEX_POINT('',#8703);
#3485=VERTEX_POINT('',#8705);
#3486=VERTEX_POINT('',#8707);
#3487=VERTEX_POINT('',#8709);
#3488=VERTEX_POINT('',#8711);
#3489=VERTEX_POINT('',#8713);
#3490=VERTEX_POINT('',#8715);
#3491=VERTEX_POINT('',#8717);
#3492=VERTEX_POINT('',#8719);
#3493=VERTEX_POINT('',#8721);
#3494=VERTEX_POINT('',#8723);
#3495=VERTEX_POINT('',#8725);
#3496=VERTEX_POINT('',#8727);
#3497=VERTEX_POINT('',#8729);
#3498=VERTEX_POINT('',#8731);
#3499=VERTEX_POINT('',#8733);
#3500=VERTEX_POINT('',#8735);
#3501=VERTEX_POINT('',#8737);
#3502=VERTEX_POINT('',#8739);
#3503=VERTEX_POINT('',#8741);
#3504=VERTEX_POINT('',#8743);
#3505=VERTEX_POINT('',#8745);
#3506=VERTEX_POINT('',#8747);
#3507=VERTEX_POINT('',#8750);
#3508=VERTEX_POINT('',#8752);
#3509=VERTEX_POINT('',#8753);
#3510=VERTEX_POINT('',#8755);
#3511=VERTEX_POINT('',#8757);
#3512=VERTEX_POINT('',#8759);
#3513=VERTEX_POINT('',#8761);
#3514=VERTEX_POINT('',#8763);
#3515=VERTEX_POINT('',#8765);
#3516=VERTEX_POINT('',#8767);
#3517=VERTEX_POINT('',#8769);
#3518=VERTEX_POINT('',#8771);
#3519=VERTEX_POINT('',#8773);
#3520=VERTEX_POINT('',#8775);
#3521=VERTEX_POINT('',#8777);
#3522=VERTEX_POINT('',#8779);
#3523=VERTEX_POINT('',#8781);
#3524=VERTEX_POINT('',#8789);
#3525=VERTEX_POINT('',#8790);
#3526=VERTEX_POINT('',#8792);
#3527=VERTEX_POINT('',#8798);
#3528=VERTEX_POINT('',#8817);
#3529=VERTEX_POINT('',#8818);
#3530=VERTEX_POINT('',#8820);
#3531=VERTEX_POINT('',#8826);
#3532=VERTEX_POINT('',#8880);
#3533=VERTEX_POINT('',#8882);
#3534=VERTEX_POINT('',#8884);
#3535=VERTEX_POINT('',#8885);
#3536=VERTEX_POINT('',#8887);
#3537=VERTEX_POINT('',#8889);
#3538=VERTEX_POINT('',#8894);
#3539=VERTEX_POINT('',#8896);
#3540=VERTEX_POINT('',#8901);
#3541=VERTEX_POINT('',#8902);
#3542=VERTEX_POINT('',#8905);
#3543=VERTEX_POINT('',#8907);
#3544=VERTEX_POINT('',#8911);
#3545=VERTEX_POINT('',#8912);
#3546=VERTEX_POINT('',#8917);
#3547=VERTEX_POINT('',#8918);
#3548=VERTEX_POINT('',#8920);
#3549=VERTEX_POINT('',#8922);
#3550=VERTEX_POINT('',#8926);
#3551=VERTEX_POINT('',#8927);
#3552=VERTEX_POINT('',#8929);
#3553=VERTEX_POINT('',#8931);
#3554=VERTEX_POINT('',#8935);
#3555=VERTEX_POINT('',#8937);
#3556=VERTEX_POINT('',#8987);
#3557=VERTEX_POINT('',#8988);
#3558=VERTEX_POINT('',#8990);
#3559=VERTEX_POINT('',#8992);
#3560=VERTEX_POINT('',#8994);
#3561=VERTEX_POINT('',#8996);
#3562=VERTEX_POINT('',#8998);
#3563=VERTEX_POINT('',#9000);
#3564=VERTEX_POINT('',#9002);
#3565=VERTEX_POINT('',#9004);
#3566=VERTEX_POINT('',#9008);
#3567=VERTEX_POINT('',#9009);
#3568=VERTEX_POINT('',#9011);
#3569=VERTEX_POINT('',#9013);
#3570=VERTEX_POINT('',#9015);
#3571=VERTEX_POINT('',#9017);
#3572=VERTEX_POINT('',#9019);
#3573=VERTEX_POINT('',#9021);
#3574=VERTEX_POINT('',#9023);
#3575=VERTEX_POINT('',#9025);
#3576=VERTEX_POINT('',#9027);
#3577=VERTEX_POINT('',#9029);
#3578=VERTEX_POINT('',#9033);
#3579=VERTEX_POINT('',#9034);
#3580=VERTEX_POINT('',#9036);
#3581=VERTEX_POINT('',#9038);
#3582=VERTEX_POINT('',#9040);
#3583=VERTEX_POINT('',#9042);
#3584=VERTEX_POINT('',#9044);
#3585=VERTEX_POINT('',#9046);
#3586=VERTEX_POINT('',#9048);
#3587=VERTEX_POINT('',#9050);
#3588=VERTEX_POINT('',#9054);
#3589=VERTEX_POINT('',#9055);
#3590=VERTEX_POINT('',#9057);
#3591=VERTEX_POINT('',#9059);
#3592=VERTEX_POINT('',#9061);
#3593=VERTEX_POINT('',#9063);
#3594=VERTEX_POINT('',#9065);
#3595=VERTEX_POINT('',#9067);
#3596=VERTEX_POINT('',#9069);
#3597=VERTEX_POINT('',#9071);
#3598=VERTEX_POINT('',#9073);
#3599=VERTEX_POINT('',#9075);
#3600=VERTEX_POINT('',#9105);
#3601=VERTEX_POINT('',#9111);
#3602=VERTEX_POINT('',#9113);
#3603=VERTEX_POINT('',#9119);
#3604=VERTEX_POINT('',#9127);
#3605=VERTEX_POINT('',#9129);
#3606=VERTEX_POINT('',#9135);
#3607=VERTEX_POINT('',#9137);
#3608=VERTEX_POINT('',#9149);
#3609=VERTEX_POINT('',#9151);
#3610=VERTEX_POINT('',#9153);
#3611=VERTEX_POINT('',#9155);
#3612=VERTEX_POINT('',#9164);
#3613=VERTEX_POINT('',#9169);
#3614=VERTEX_POINT('',#9171);
#3615=VERTEX_POINT('',#9173);
#3616=VERTEX_POINT('',#9177);
#3617=VERTEX_POINT('',#9179);
#3618=VERTEX_POINT('',#9183);
#3619=VERTEX_POINT('',#9185);
#3620=VERTEX_POINT('',#9189);
#3621=VERTEX_POINT('',#9191);
#3622=VERTEX_POINT('',#9198);
#3623=VERTEX_POINT('',#9201);
#3624=VERTEX_POINT('',#9208);
#3625=VERTEX_POINT('',#9210);
#3626=VERTEX_POINT('',#9212);
#3627=VERTEX_POINT('',#9214);
#3628=VERTEX_POINT('',#9265);
#3629=VERTEX_POINT('',#9267);
#3630=VERTEX_POINT('',#9271);
#3631=VERTEX_POINT('',#9273);
#3632=VERTEX_POINT('',#9317);
#3633=VERTEX_POINT('',#9319);
#3634=VERTEX_POINT('',#9325);
#3635=VERTEX_POINT('',#9328);
#3636=VERTEX_POINT('',#9331);
#3637=VERTEX_POINT('',#9342);
#3638=VERTEX_POINT('',#9344);
#3639=VERTEX_POINT('',#9356);
#3640=VERTEX_POINT('',#9360);
#3641=VERTEX_POINT('',#9367);
#3642=VERTEX_POINT('',#9371);
#3643=VERTEX_POINT('',#9375);
#3644=VERTEX_POINT('',#9379);
#3645=VERTEX_POINT('',#9387);
#3646=VERTEX_POINT('',#9391);
#3647=VERTEX_POINT('',#9395);
#3648=VERTEX_POINT('',#9399);
#3649=VERTEX_POINT('',#9405);
#3650=VERTEX_POINT('',#9409);
#3651=VERTEX_POINT('',#9415);
#3652=VERTEX_POINT('',#9417);
#3653=VERTEX_POINT('',#9419);
#3654=VERTEX_POINT('',#9421);
#3655=VERTEX_POINT('',#9423);
#3656=VERTEX_POINT('',#9425);
#3657=VERTEX_POINT('',#9428);
#3658=VERTEX_POINT('',#9430);
#3659=VERTEX_POINT('',#9433);
#3660=VERTEX_POINT('',#9435);
#3661=VERTEX_POINT('',#9438);
#3662=VERTEX_POINT('',#9440);
#3663=VERTEX_POINT('',#9444);
#3664=VERTEX_POINT('',#9448);
#3665=VERTEX_POINT('',#9452);
#3666=VERTEX_POINT('',#9456);
#3667=VERTEX_POINT('',#9460);
#3668=VERTEX_POINT('',#9462);
#3669=VERTEX_POINT('',#9466);
#3670=VERTEX_POINT('',#9468);
#3671=VERTEX_POINT('',#9472);
#3672=VERTEX_POINT('',#9474);
#3673=VERTEX_POINT('',#9478);
#3674=VERTEX_POINT('',#9480);
#3675=VERTEX_POINT('',#9483);
#3676=VERTEX_POINT('',#9485);
#3677=VERTEX_POINT('',#9487);
#3678=VERTEX_POINT('',#9489);
#3679=VERTEX_POINT('',#9493);
#3680=VERTEX_POINT('',#9495);
#3681=VERTEX_POINT('',#9497);
#3682=VERTEX_POINT('',#9499);
#3683=VERTEX_POINT('',#9502);
#3684=VERTEX_POINT('',#9504);
#3685=VERTEX_POINT('',#9522);
#3686=VERTEX_POINT('',#9524);
#3687=VERTEX_POINT('',#9528);
#3688=VERTEX_POINT('',#9530);
#3689=VERTEX_POINT('',#9534);
#3690=VERTEX_POINT('',#9536);
#3691=VERTEX_POINT('',#9540);
#3692=VERTEX_POINT('',#9542);
#3693=VERTEX_POINT('',#9544);
#3694=VERTEX_POINT('',#9546);
#3695=VERTEX_POINT('',#9549);
#3696=VERTEX_POINT('',#9551);
#3697=VERTEX_POINT('',#9555);
#3698=VERTEX_POINT('',#9557);
#3699=VERTEX_POINT('',#9560);
#3700=VERTEX_POINT('',#9562);
#3701=VERTEX_POINT('',#9564);
#3702=VERTEX_POINT('',#9566);
#3703=VERTEX_POINT('',#9584);
#3704=VERTEX_POINT('',#9586);
#3705=VERTEX_POINT('',#9590);
#3706=VERTEX_POINT('',#9592);
#3707=VERTEX_POINT('',#9596);
#3708=VERTEX_POINT('',#9598);
#3709=VERTEX_POINT('',#9602);
#3710=VERTEX_POINT('',#9604);
#3711=VERTEX_POINT('',#9606);
#3712=VERTEX_POINT('',#9608);
#3713=VERTEX_POINT('',#9611);
#3714=VERTEX_POINT('',#9613);
#3715=VERTEX_POINT('',#9617);
#3716=VERTEX_POINT('',#9619);
#3717=VERTEX_POINT('',#9622);
#3718=VERTEX_POINT('',#9624);
#3719=VERTEX_POINT('',#9626);
#3720=VERTEX_POINT('',#9628);
#3721=VERTEX_POINT('',#9646);
#3722=VERTEX_POINT('',#9648);
#3723=VERTEX_POINT('',#9652);
#3724=VERTEX_POINT('',#9654);
#3725=VERTEX_POINT('',#9658);
#3726=VERTEX_POINT('',#9660);
#3727=VERTEX_POINT('',#9664);
#3728=VERTEX_POINT('',#9666);
#3729=VERTEX_POINT('',#9668);
#3730=VERTEX_POINT('',#9670);
#3731=VERTEX_POINT('',#9673);
#3732=VERTEX_POINT('',#9675);
#3733=VERTEX_POINT('',#9679);
#3734=VERTEX_POINT('',#9681);
#3735=VERTEX_POINT('',#9684);
#3736=VERTEX_POINT('',#9686);
#3737=VERTEX_POINT('',#9688);
#3738=VERTEX_POINT('',#9690);
#3739=VERTEX_POINT('',#9708);
#3740=VERTEX_POINT('',#9712);
#3741=VERTEX_POINT('',#9716);
#3742=VERTEX_POINT('',#9720);
#3743=VERTEX_POINT('',#9728);
#3744=VERTEX_POINT('',#9729);
#3745=VERTEX_POINT('',#9731);
#3746=VERTEX_POINT('',#9735);
#3747=VERTEX_POINT('',#9736);
#3748=VERTEX_POINT('',#9742);
#3749=VERTEX_POINT('',#9749);
#3750=VERTEX_POINT('',#9753);
#3751=VERTEX_POINT('',#9754);
#3752=VERTEX_POINT('',#9756);
#3753=VERTEX_POINT('',#9758);
#3754=VERTEX_POINT('',#9760);
#3755=VERTEX_POINT('',#9762);
#3756=VERTEX_POINT('',#9764);
#3757=VERTEX_POINT('',#9766);
#3758=VERTEX_POINT('',#9770);
#3759=VERTEX_POINT('',#9771);
#3760=VERTEX_POINT('',#9773);
#3761=VERTEX_POINT('',#9775);
#3762=VERTEX_POINT('',#9779);
#3763=VERTEX_POINT('',#9780);
#3764=VERTEX_POINT('',#9782);
#3765=VERTEX_POINT('',#9784);
#3766=VERTEX_POINT('',#9788);
#3767=VERTEX_POINT('',#9789);
#3768=VERTEX_POINT('',#9791);
#3769=VERTEX_POINT('',#9793);
#3770=VERTEX_POINT('',#9797);
#3771=VERTEX_POINT('',#9798);
#3772=VERTEX_POINT('',#9800);
#3773=VERTEX_POINT('',#9802);
#3774=VERTEX_POINT('',#9805);
#3775=VERTEX_POINT('',#9807);
#3776=VERTEX_POINT('',#9810);
#3777=VERTEX_POINT('',#9812);
#3778=VERTEX_POINT('',#9814);
#3779=VERTEX_POINT('',#9816);
#3780=VERTEX_POINT('',#9818);
#3781=VERTEX_POINT('',#9821);
#3782=VERTEX_POINT('',#9823);
#3783=VERTEX_POINT('',#9825);
#3784=VERTEX_POINT('',#9827);
#3785=VERTEX_POINT('',#9829);
#3786=VERTEX_POINT('',#9832);
#3787=VERTEX_POINT('',#9847);
#3788=VERTEX_POINT('',#9849);
#3789=VERTEX_POINT('',#9863);
#3790=VERTEX_POINT('',#9864);
#3791=VERTEX_POINT('',#9866);
#3792=VERTEX_POINT('',#9883);
#3793=VERTEX_POINT('',#9885);
#3794=VERTEX_POINT('',#9889);
#3795=VERTEX_POINT('',#9893);
#3796=VERTEX_POINT('',#9904);
#3797=CIRCLE('',#6499,0.099999999999999);
#3798=CIRCLE('',#6500,0.0999999999999998);
#3799=CIRCLE('',#6501,0.15);
#3800=CIRCLE('',#6502,0.15);
#3801=CIRCLE('',#6503,1.7);
#3802=CIRCLE('',#6504,0.100000775340632);
#3803=CIRCLE('',#6505,1.5);
#3804=CIRCLE('',#6506,1.15);
#3805=CIRCLE('',#6507,1.5);
#3806=CIRCLE('',#6508,0.100000775340633);
#3807=CIRCLE('',#6509,1.7);
#3808=CIRCLE('',#6510,0.100000775340632);
#3809=CIRCLE('',#6511,1.5);
#3810=CIRCLE('',#6512,1.15);
#3811=CIRCLE('',#6513,1.5);
#3812=CIRCLE('',#6514,0.100000775340634);
#3813=CIRCLE('',#6515,1.7);
#3814=CIRCLE('',#6519,0.100000000000001);
#3815=CIRCLE('',#6520,0.0999999999999994);
#3816=CIRCLE('',#6522,0.100000000000001);
#3817=CIRCLE('',#6523,0.0999999999999998);
#3818=CIRCLE('',#6525,0.099999999999999);
#3819=CIRCLE('',#6527,0.099999999999999);
#3820=CIRCLE('',#6529,0.2);
#3821=CIRCLE('',#6530,0.099999999999999);
#3822=CIRCLE('',#6532,0.2);
#3823=CIRCLE('',#6533,0.099999999999999);
#3824=CIRCLE('',#6535,0.1);
#3825=CIRCLE('',#6536,0.0999999999999994);
#3826=CIRCLE('',#6538,0.1);
#3827=CIRCLE('',#6539,0.0999999999999994);
#3828=CIRCLE('',#6541,0.0999999999999994);
#3829=CIRCLE('',#6542,0.0999999999999998);
#3830=CIRCLE('',#6544,0.0999999999999994);
#3831=CIRCLE('',#6545,0.0999999999999994);
#3832=CIRCLE('',#6548,0.0999999999999994);
#3833=CIRCLE('',#6549,0.0999999999999998);
#3834=CIRCLE('',#6551,0.0999999999999994);
#3835=CIRCLE('',#6552,0.0999999999999994);
#3836=CIRCLE('',#6555,0.0999999999999998);
#3837=CIRCLE('',#6556,0.0999999999999999);
#3838=CIRCLE('',#6557,0.099999999999999);
#3839=CIRCLE('',#6558,0.0999999999999998);
#3840=CIRCLE('',#6559,0.100000000000001);
#3841=CIRCLE('',#6560,0.100000000000001);
#3842=CIRCLE('',#6561,0.2);
#3843=CIRCLE('',#6562,1.5);
#3844=CIRCLE('',#6563,0.100000775340632);
#3845=CIRCLE('',#6564,1.7);
#3846=CIRCLE('',#6565,0.100000775340633);
#3847=CIRCLE('',#6566,1.5);
#3848=CIRCLE('',#6567,1.15);
#3849=CIRCLE('',#6568,1.5);
#3850=CIRCLE('',#6569,0.100000775340632);
#3851=CIRCLE('',#6570,1.7);
#3852=CIRCLE('',#6571,0.100000775340634);
#3853=CIRCLE('',#6572,1.5);
#3854=CIRCLE('',#6573,1.15);
#3855=CIRCLE('',#6582,1.9);
#3856=CIRCLE('',#6583,0.2);
#3857=CIRCLE('',#6594,0.200000000000001);
#3858=CIRCLE('',#6597,0.200000000000001);
#3859=CIRCLE('',#6600,0.200000000000001);
#3860=CIRCLE('',#6603,0.200000000000001);
#3861=CIRCLE('',#6605,0.220000000000001);
#3862=CIRCLE('',#6607,0.220000000000001);
#3863=CIRCLE('',#6609,0.220000000000002);
#3864=CIRCLE('',#6610,0.220000000000002);
#3865=CIRCLE('',#6612,0.220000000000001);
#3866=CIRCLE('',#6613,0.220000000000001);
#3867=CIRCLE('',#6615,0.220000000000001);
#3868=CIRCLE('',#6616,0.220000000000001);
#3869=CIRCLE('',#6618,0.220000000000001);
#3870=CIRCLE('',#6619,0.220000000000001);
#3871=CIRCLE('',#6629,0.22);
#3872=CIRCLE('',#6630,0.0999999999999998);
#3873=CIRCLE('',#6632,0.0999999999999998);
#3874=CIRCLE('',#6633,0.219999999999999);
#3875=CIRCLE('',#6635,0.0999999999999998);
#3876=CIRCLE('',#6636,0.22);
#3877=CIRCLE('',#6638,0.219999999999999);
#3878=CIRCLE('',#6639,0.0999999999999998);
#3879=CIRCLE('',#6641,0.22);
#3880=CIRCLE('',#6642,0.22);
#3881=CIRCLE('',#6644,0.0999999999999998);
#3882=CIRCLE('',#6646,0.0999999999999998);
#3883=CIRCLE('',#6648,0.219999999999999);
#3884=CIRCLE('',#6649,0.219999999999999);
#3885=CIRCLE('',#6651,0.0999999999999998);
#3886=CIRCLE('',#6653,0.0999999999999998);
#3887=CIRCLE('',#6655,0.0800000000000003);
#3888=CIRCLE('',#6656,0.200000000000001);
#3889=CIRCLE('',#6659,0.200000000000001);
#3890=CIRCLE('',#6660,0.200000000000001);
#3891=CIRCLE('',#6665,0.0800000000000002);
#3892=CIRCLE('',#6666,0.0800000000000002);
#3893=CIRCLE('',#6668,0.200000000000001);
#3894=CIRCLE('',#6669,0.0800000000000003);
#3895=CIRCLE('',#6724,1.69999999999998);
#3896=CIRCLE('',#6727,1.9);
#3897=CIRCLE('',#6729,1.7);
#3898=CIRCLE('',#6731,1.7);
#3899=CIRCLE('',#6757,0.2);
#3900=CIRCLE('',#6761,0.2);
#3901=CIRCLE('',#6764,0.4);
#3902=CIRCLE('',#6765,0.4);
#3903=CIRCLE('',#6766,0.4);
#3904=CIRCLE('',#6767,0.4);
#3905=CIRCLE('',#6769,0.4);
#3906=CIRCLE('',#6772,0.4);
#3907=CIRCLE('',#6775,0.4);
#3908=CIRCLE('',#6778,0.4);
#3909=CIRCLE('',#6784,0.0999999999999994);
#3910=CIRCLE('',#6785,0.0999999999999994);
#3911=CIRCLE('',#6786,0.25);
#3912=CIRCLE('',#6787,0.25);
#3913=CIRCLE('',#6789,0.25);
#3914=CIRCLE('',#6790,0.25);
#3915=CIRCLE('',#6791,0.0999999999999994);
#3916=CIRCLE('',#6792,0.0999999999999994);
#3917=CIRCLE('',#6805,0.25);
#3918=CIRCLE('',#6806,0.25);
#3919=CIRCLE('',#6807,0.0999999999999985);
#3920=CIRCLE('',#6808,0.0999999999999994);
#3921=CIRCLE('',#6810,0.0999999999999994);
#3922=CIRCLE('',#6811,0.0999999999999985);
#3923=CIRCLE('',#6812,0.25);
#3924=CIRCLE('',#6813,0.25);
#3925=CIRCLE('',#6826,0.25);
#3926=CIRCLE('',#6827,0.25);
#3927=CIRCLE('',#6828,0.0999999999999985);
#3928=CIRCLE('',#6829,0.0999999999999994);
#3929=CIRCLE('',#6831,0.0999999999999994);
#3930=CIRCLE('',#6832,0.0999999999999985);
#3931=CIRCLE('',#6833,0.25);
#3932=CIRCLE('',#6834,0.25);
#3933=CIRCLE('',#6847,0.25);
#3934=CIRCLE('',#6848,0.25);
#3935=CIRCLE('',#6849,0.0999999999999985);
#3936=CIRCLE('',#6850,0.0999999999999994);
#3937=CIRCLE('',#6852,0.0999999999999994);
#3938=CIRCLE('',#6853,0.0999999999999985);
#3939=CIRCLE('',#6854,0.25);
#3940=CIRCLE('',#6855,0.25);
#3941=CIRCLE('',#6865,0.15);
#3942=CIRCLE('',#6868,0.15);
#3943=CIRCLE('',#6876,1.12);
#3944=CIRCLE('',#6879,1.15);
#3945=CIRCLE('',#6881,1.15);
#3946=CIRCLE('',#6882,1.15);
#3947=CIRCLE('',#6883,1.15);
#3948=CIRCLE('',#6885,1.15);
#3949=CIRCLE('',#6888,1.55);
#3950=CIRCLE('',#6890,1.15);
#3951=CIRCLE('',#6891,1.55);
#3952=CIRCLE('',#6893,1.55);
#3953=CIRCLE('',#6895,1.55);
#3954=CIRCLE('',#6896,1.55);
#3955=CIRCLE('',#6897,1.55);
#3956=CIRCLE('',#6898,1.15);
#3957=CIRCLE('',#6899,1.55);
#3958=CIRCLE('',#6900,1.15);
#3959=CIRCLE('',#6901,1.7);
#3960=CIRCLE('',#6911,1.55);
#3961=CIRCLE('',#6923,1.12);
#3962=CIRCLE('',#6937,1.7);
#3963=EDGE_LOOP('',(#1165,#1166,#1167,#1168,#1169,#1170,#1171,#1172,#1173,
#1174,#1175,#1176,#1177,#1178,#1179,#1180,#1181,#1182));
#3964=EDGE_LOOP('',(#1183));
#3965=EDGE_LOOP('',(#1184));
#3966=EDGE_LOOP('',(#1185,#1186,#1187,#1188,#1189,#1190,#1191,#1192,#1193,
#1194,#1195,#1196,#1197,#1198,#1199,#1200,#1201,#1202,#1203,#1204));
#3967=EDGE_LOOP('',(#1205,#1206,#1207,#1208));
#3968=EDGE_LOOP('',(#1209,#1210,#1211,#1212,#1213,#1214,#1215,#1216,#1217,
#1218,#1219,#1220,#1221,#1222));
#3969=EDGE_LOOP('',(#1223,#1224,#1225,#1226));
#3970=EDGE_LOOP('',(#1227,#1228,#1229,#1230,#1231,#1232,#1233,#1234,#1235,
#1236,#1237,#1238,#1239,#1240));
#3971=EDGE_LOOP('',(#1241,#1242,#1243,#1244,#1245));
#3972=EDGE_LOOP('',(#1246,#1247,#1248,#1249,#1250));
#3973=EDGE_LOOP('',(#1251,#1252,#1253,#1254,#1255));
#3974=EDGE_LOOP('',(#1256,#1257,#1258,#1259,#1260));
#3975=EDGE_LOOP('',(#1261,#1262,#1263,#1264,#1265,#1266,#1267,#1268));
#3976=EDGE_LOOP('',(#1269,#1270,#1271,#1272,#1273,#1274,#1275,#1276));
#3977=EDGE_LOOP('',(#1277,#1278,#1279,#1280,#1281));
#3978=EDGE_LOOP('',(#1282,#1283,#1284,#1285,#1286));
#3979=EDGE_LOOP('',(#1287,#1288,#1289,#1290,#1291));
#3980=EDGE_LOOP('',(#1292,#1293,#1294,#1295,#1296));
#3981=EDGE_LOOP('',(#1297,#1298,#1299,#1300));
#3982=EDGE_LOOP('',(#1301,#1302,#1303,#1304));
#3983=EDGE_LOOP('',(#1305,#1306,#1307,#1308));
#3984=EDGE_LOOP('',(#1309,#1310,#1311,#1312,#1313,#1314,#1315,#1316,#1317,
#1318,#1319,#1320,#1321,#1322));
#3985=EDGE_LOOP('',(#1323,#1324,#1325,#1326,#1327));
#3986=EDGE_LOOP('',(#1328,#1329,#1330,#1331,#1332));
#3987=EDGE_LOOP('',(#1333,#1334,#1335,#1336));
#3988=EDGE_LOOP('',(#1337,#1338,#1339,#1340,#1341,#1342,#1343,#1344,#1345,
#1346,#1347,#1348,#1349,#1350,#1351,#1352,#1353,#1354));
#3989=EDGE_LOOP('',(#1355,#1356,#1357,#1358,#1359,#1360,#1361,#1362,#1363,
#1364,#1365,#1366,#1367,#1368,#1369,#1370,#1371,#1372,#1373,#1374,#1375,
#1376,#1377,#1378,#1379,#1380,#1381,#1382,#1383,#1384));
#3990=EDGE_LOOP('',(#1385));
#3991=EDGE_LOOP('',(#1386,#1387,#1388,#1389,#1390,#1391,#1392,#1393,#1394,
#1395,#1396,#1397,#1398,#1399,#1400,#1401));
#3992=EDGE_LOOP('',(#1402,#1403,#1404,#1405));
#3993=EDGE_LOOP('',(#1406,#1407,#1408,#1409));
#3994=EDGE_LOOP('',(#1410,#1411,#1412,#1413));
#3995=EDGE_LOOP('',(#1414,#1415,#1416,#1417));
#3996=EDGE_LOOP('',(#1418,#1419,#1420,#1421));
#3997=EDGE_LOOP('',(#1422,#1423,#1424,#1425,#1426,#1427,#1428,#1429));
#3998=EDGE_LOOP('',(#1430,#1431,#1432,#1433,#1434,#1435,#1436,#1437,#1438,
#1439));
#3999=EDGE_LOOP('',(#1440,#1441,#1442,#1443,#1444,#1445,#1446,#1447,#1448,
#1449));
#4000=EDGE_LOOP('',(#1450));
#4001=EDGE_LOOP('',(#1451));
#4002=EDGE_LOOP('',(#1452,#1453,#1454,#1455));
#4003=EDGE_LOOP('',(#1456,#1457,#1458,#1459,#1460,#1461,#1462,#1463));
#4004=EDGE_LOOP('',(#1464,#1465,#1466,#1467,#1468,#1469));
#4005=EDGE_LOOP('',(#1470,#1471,#1472,#1473));
#4006=EDGE_LOOP('',(#1474,#1475,#1476,#1477));
#4007=EDGE_LOOP('',(#1478,#1479,#1480,#1481));
#4008=EDGE_LOOP('',(#1482,#1483,#1484,#1485));
#4009=EDGE_LOOP('',(#1486,#1487,#1488,#1489,#1490,#1491));
#4010=EDGE_LOOP('',(#1492,#1493,#1494,#1495,#1496,#1497));
#4011=EDGE_LOOP('',(#1498,#1499,#1500,#1501,#1502,#1503,#1504));
#4012=EDGE_LOOP('',(#1505,#1506,#1507,#1508,#1509,#1510,#1511));
#4013=EDGE_LOOP('',(#1512,#1513,#1514,#1515,#1516,#1517));
#4014=EDGE_LOOP('',(#1518,#1519,#1520,#1521,#1522,#1523));
#4015=EDGE_LOOP('',(#1524,#1525,#1526,#1527));
#4016=EDGE_LOOP('',(#1528,#1529,#1530,#1531));
#4017=EDGE_LOOP('',(#1532,#1533,#1534,#1535,#1536,#1537,#1538,#1539,#1540,
#1541));
#4018=EDGE_LOOP('',(#1542,#1543,#1544,#1545,#1546,#1547,#1548,#1549,#1550,
#1551,#1552,#1553));
#4019=EDGE_LOOP('',(#1554,#1555,#1556,#1557,#1558,#1559,#1560,#1561,#1562,
#1563));
#4020=EDGE_LOOP('',(#1564,#1565,#1566,#1567,#1568,#1569,#1570,#1571,#1572,
#1573,#1574,#1575));
#4021=EDGE_LOOP('',(#1576,#1577,#1578,#1579));
#4022=EDGE_LOOP('',(#1580,#1581,#1582,#1583));
#4023=EDGE_LOOP('',(#1584,#1585,#1586,#1587,#1588,#1589,#1590,#1591));
#4024=EDGE_LOOP('',(#1592,#1593,#1594,#1595,#1596,#1597,#1598,#1599));
#4025=EDGE_LOOP('',(#1600,#1601,#1602,#1603,#1604,#1605,#1606,#1607));
#4026=EDGE_LOOP('',(#1608,#1609,#1610,#1611,#1612,#1613,#1614,#1615));
#4027=EDGE_LOOP('',(#1616,#1617,#1618,#1619,#1620,#1621,#1622,#1623,#1624,
#1625));
#4028=EDGE_LOOP('',(#1626,#1627,#1628,#1629));
#4029=EDGE_LOOP('',(#1630,#1631,#1632,#1633));
#4030=EDGE_LOOP('',(#1634,#1635,#1636,#1637,#1638,#1639,#1640,#1641,#1642,
#1643));
#4031=EDGE_LOOP('',(#1644,#1645,#1646,#1647));
#4032=EDGE_LOOP('',(#1648,#1649,#1650,#1651));
#4033=EDGE_LOOP('',(#1652,#1653,#1654,#1655,#1656,#1657,#1658,#1659));
#4034=EDGE_LOOP('',(#1660,#1661,#1662,#1663));
#4035=EDGE_LOOP('',(#1664,#1665,#1666,#1667,#1668,#1669));
#4036=EDGE_LOOP('',(#1670,#1671,#1672,#1673));
#4037=EDGE_LOOP('',(#1674,#1675,#1676,#1677));
#4038=EDGE_LOOP('',(#1678,#1679,#1680,#1681));
#4039=EDGE_LOOP('',(#1682,#1683,#1684,#1685,#1686,#1687));
#4040=EDGE_LOOP('',(#1688,#1689,#1690,#1691,#1692,#1693,#1694,#1695));
#4041=EDGE_LOOP('',(#1696,#1697,#1698,#1699));
#4042=EDGE_LOOP('',(#1700,#1701,#1702,#1703));
#4043=EDGE_LOOP('',(#1704,#1705,#1706,#1707));
#4044=EDGE_LOOP('',(#1708,#1709,#1710,#1711));
#4045=EDGE_LOOP('',(#1712,#1713,#1714,#1715));
#4046=EDGE_LOOP('',(#1716,#1717,#1718,#1719));
#4047=EDGE_LOOP('',(#1720,#1721,#1722,#1723,#1724,#1725));
#4048=EDGE_LOOP('',(#1726,#1727,#1728,#1729,#1730,#1731));
#4049=EDGE_LOOP('',(#1732,#1733,#1734,#1735,#1736,#1737));
#4050=EDGE_LOOP('',(#1738,#1739,#1740,#1741,#1742,#1743));
#4051=EDGE_LOOP('',(#1744,#1745,#1746,#1747));
#4052=EDGE_LOOP('',(#1748,#1749,#1750,#1751));
#4053=EDGE_LOOP('',(#1752,#1753,#1754,#1755));
#4054=EDGE_LOOP('',(#1756,#1757,#1758,#1759));
#4055=EDGE_LOOP('',(#1760,#1761,#1762,#1763));
#4056=EDGE_LOOP('',(#1764,#1765,#1766,#1767));
#4057=EDGE_LOOP('',(#1768,#1769,#1770,#1771,#1772,#1773,#1774));
#4058=EDGE_LOOP('',(#1775,#1776,#1777,#1778,#1779,#1780,#1781));
#4059=EDGE_LOOP('',(#1782,#1783,#1784,#1785));
#4060=EDGE_LOOP('',(#1786,#1787,#1788,#1789,#1790,#1791,#1792));
#4061=EDGE_LOOP('',(#1793,#1794,#1795,#1796,#1797,#1798,#1799));
#4062=EDGE_LOOP('',(#1800,#1801,#1802,#1803));
#4063=EDGE_LOOP('',(#1804,#1805,#1806,#1807));
#4064=EDGE_LOOP('',(#1808,#1809,#1810,#1811));
#4065=EDGE_LOOP('',(#1812,#1813,#1814,#1815,#1816,#1817,#1818,#1819));
#4066=EDGE_LOOP('',(#1820,#1821,#1822,#1823,#1824,#1825,#1826,#1827));
#4067=EDGE_LOOP('',(#1828,#1829,#1830,#1831));
#4068=EDGE_LOOP('',(#1832,#1833,#1834,#1835));
#4069=EDGE_LOOP('',(#1836,#1837,#1838,#1839));
#4070=EDGE_LOOP('',(#1840,#1841,#1842,#1843));
#4071=EDGE_LOOP('',(#1844,#1845,#1846));
#4072=EDGE_LOOP('',(#1847,#1848,#1849));
#4073=EDGE_LOOP('',(#1850,#1851,#1852,#1853));
#4074=EDGE_LOOP('',(#1854,#1855,#1856,#1857));
#4075=EDGE_LOOP('',(#1858,#1859,#1860,#1861));
#4076=EDGE_LOOP('',(#1862,#1863,#1864,#1865));
#4077=EDGE_LOOP('',(#1866,#1867,#1868,#1869));
#4078=EDGE_LOOP('',(#1870,#1871,#1872,#1873));
#4079=EDGE_LOOP('',(#1874,#1875,#1876,#1877,#1878,#1879,#1880));
#4080=EDGE_LOOP('',(#1881,#1882,#1883,#1884,#1885));
#4081=EDGE_LOOP('',(#1886,#1887,#1888,#1889));
#4082=EDGE_LOOP('',(#1890,#1891,#1892,#1893));
#4083=EDGE_LOOP('',(#1894,#1895,#1896,#1897,#1898,#1899,#1900));
#4084=EDGE_LOOP('',(#1901,#1902,#1903,#1904,#1905));
#4085=EDGE_LOOP('',(#1906,#1907,#1908,#1909));
#4086=EDGE_LOOP('',(#1910,#1911,#1912,#1913));
#4087=EDGE_LOOP('',(#1914,#1915,#1916,#1917,#1918));
#4088=EDGE_LOOP('',(#1919,#1920,#1921,#1922,#1923));
#4089=EDGE_LOOP('',(#1924));
#4090=EDGE_LOOP('',(#1925));
#4091=EDGE_LOOP('',(#1926,#1927,#1928,#1929));
#4092=EDGE_LOOP('',(#1930,#1931,#1932,#1933));
#4093=EDGE_LOOP('',(#1934,#1935,#1936,#1937));
#4094=EDGE_LOOP('',(#1938,#1939,#1940,#1941));
#4095=EDGE_LOOP('',(#1942,#1943,#1944,#1945,#1946,#1947,#1948,#1949));
#4096=EDGE_LOOP('',(#1950,#1951,#1952,#1953));
#4097=EDGE_LOOP('',(#1954));
#4098=EDGE_LOOP('',(#1955));
#4099=EDGE_LOOP('',(#1956));
#4100=EDGE_LOOP('',(#1957));
#4101=EDGE_LOOP('',(#1958));
#4102=EDGE_LOOP('',(#1959));
#4103=EDGE_LOOP('',(#1960));
#4104=EDGE_LOOP('',(#1961,#1962,#1963,#1964));
#4105=EDGE_LOOP('',(#1965,#1966,#1967,#1968));
#4106=EDGE_LOOP('',(#1969,#1970,#1971,#1972));
#4107=EDGE_LOOP('',(#1973,#1974,#1975,#1976));
#4108=EDGE_LOOP('',(#1977,#1978,#1979,#1980));
#4109=EDGE_LOOP('',(#1981,#1982,#1983,#1984));
#4110=EDGE_LOOP('',(#1985,#1986,#1987,#1988));
#4111=EDGE_LOOP('',(#1989,#1990,#1991,#1992,#1993));
#4112=EDGE_LOOP('',(#1994,#1995,#1996,#1997,#1998));
#4113=EDGE_LOOP('',(#1999,#2000,#2001,#2002));
#4114=EDGE_LOOP('',(#2003,#2004,#2005,#2006,#2007));
#4115=EDGE_LOOP('',(#2008,#2009,#2010,#2011,#2012));
#4116=EDGE_LOOP('',(#2013,#2014,#2015,#2016));
#4117=EDGE_LOOP('',(#2017,#2018,#2019,#2020));
#4118=EDGE_LOOP('',(#2021,#2022,#2023,#2024,#2025));
#4119=EDGE_LOOP('',(#2026,#2027,#2028,#2029,#2030));
#4120=EDGE_LOOP('',(#2031,#2032,#2033,#2034,#2035));
#4121=EDGE_LOOP('',(#2036,#2037,#2038,#2039,#2040));
#4122=EDGE_LOOP('',(#2041,#2042,#2043,#2044,#2045));
#4123=EDGE_LOOP('',(#2046,#2047,#2048,#2049,#2050));
#4124=EDGE_LOOP('',(#2051,#2052,#2053,#2054,#2055));
#4125=EDGE_LOOP('',(#2056,#2057,#2058,#2059,#2060));
#4126=EDGE_LOOP('',(#2061,#2062,#2063,#2064));
#4127=EDGE_LOOP('',(#2065,#2066,#2067,#2068));
#4128=EDGE_LOOP('',(#2069,#2070,#2071,#2072));
#4129=EDGE_LOOP('',(#2073,#2074,#2075,#2076));
#4130=EDGE_LOOP('',(#2077,#2078,#2079,#2080));
#4131=EDGE_LOOP('',(#2081,#2082,#2083,#2084));
#4132=EDGE_LOOP('',(#2085));
#4133=EDGE_LOOP('',(#2086));
#4134=EDGE_LOOP('',(#2087));
#4135=EDGE_LOOP('',(#2088));
#4136=EDGE_LOOP('',(#2089,#2090,#2091,#2092,#2093,#2094,#2095,#2096,#2097,
#2098,#2099,#2100,#2101,#2102,#2103,#2104,#2105,#2106,#2107,#2108,#2109,
#2110,#2111,#2112,#2113,#2114,#2115,#2116,#2117,#2118,#2119,#2120,#2121,
#2122));
#4137=EDGE_LOOP('',(#2123));
#4138=EDGE_LOOP('',(#2124));
#4139=EDGE_LOOP('',(#2125));
#4140=EDGE_LOOP('',(#2126));
#4141=EDGE_LOOP('',(#2127));
#4142=EDGE_LOOP('',(#2128));
#4143=EDGE_LOOP('',(#2129));
#4144=EDGE_LOOP('',(#2130));
#4145=EDGE_LOOP('',(#2131));
#4146=EDGE_LOOP('',(#2132));
#4147=EDGE_LOOP('',(#2133));
#4148=EDGE_LOOP('',(#2134));
#4149=EDGE_LOOP('',(#2135,#2136,#2137,#2138));
#4150=EDGE_LOOP('',(#2139,#2140,#2141,#2142));
#4151=EDGE_LOOP('',(#2143,#2144,#2145,#2146));
#4152=EDGE_LOOP('',(#2147,#2148,#2149,#2150,#2151,#2152,#2153,#2154,#2155,
#2156,#2157,#2158,#2159));
#4153=EDGE_LOOP('',(#2160,#2161,#2162,#2163,#2164,#2165,#2166,#2167,#2168,
#2169,#2170,#2171,#2172));
#4154=EDGE_LOOP('',(#2173,#2174,#2175,#2176));
#4155=EDGE_LOOP('',(#2177,#2178,#2179,#2180));
#4156=EDGE_LOOP('',(#2181,#2182,#2183,#2184));
#4157=EDGE_LOOP('',(#2185,#2186,#2187,#2188));
#4158=EDGE_LOOP('',(#2189,#2190,#2191,#2192));
#4159=EDGE_LOOP('',(#2193,#2194,#2195,#2196));
#4160=EDGE_LOOP('',(#2197,#2198,#2199,#2200));
#4161=EDGE_LOOP('',(#2201,#2202,#2203,#2204));
#4162=EDGE_LOOP('',(#2205,#2206,#2207,#2208));
#4163=EDGE_LOOP('',(#2209,#2210,#2211,#2212));
#4164=EDGE_LOOP('',(#2213,#2214,#2215,#2216));
#4165=EDGE_LOOP('',(#2217,#2218,#2219,#2220,#2221,#2222,#2223,#2224,#2225,
#2226,#2227,#2228,#2229));
#4166=EDGE_LOOP('',(#2230,#2231,#2232,#2233,#2234,#2235,#2236,#2237,#2238,
#2239,#2240,#2241,#2242));
#4167=EDGE_LOOP('',(#2243,#2244,#2245,#2246));
#4168=EDGE_LOOP('',(#2247,#2248,#2249,#2250));
#4169=EDGE_LOOP('',(#2251,#2252,#2253,#2254));
#4170=EDGE_LOOP('',(#2255,#2256,#2257,#2258));
#4171=EDGE_LOOP('',(#2259,#2260,#2261,#2262));
#4172=EDGE_LOOP('',(#2263,#2264,#2265,#2266));
#4173=EDGE_LOOP('',(#2267,#2268,#2269,#2270));
#4174=EDGE_LOOP('',(#2271,#2272,#2273,#2274));
#4175=EDGE_LOOP('',(#2275,#2276,#2277,#2278));
#4176=EDGE_LOOP('',(#2279,#2280,#2281,#2282));
#4177=EDGE_LOOP('',(#2283,#2284,#2285,#2286));
#4178=EDGE_LOOP('',(#2287,#2288,#2289,#2290,#2291,#2292,#2293,#2294,#2295,
#2296,#2297,#2298,#2299));
#4179=EDGE_LOOP('',(#2300,#2301,#2302,#2303,#2304,#2305,#2306,#2307,#2308,
#2309,#2310,#2311,#2312));
#4180=EDGE_LOOP('',(#2313,#2314,#2315,#2316));
#4181=EDGE_LOOP('',(#2317,#2318,#2319,#2320));
#4182=EDGE_LOOP('',(#2321,#2322,#2323,#2324));
#4183=EDGE_LOOP('',(#2325,#2326,#2327,#2328));
#4184=EDGE_LOOP('',(#2329,#2330,#2331,#2332));
#4185=EDGE_LOOP('',(#2333,#2334,#2335,#2336));
#4186=EDGE_LOOP('',(#2337,#2338,#2339,#2340));
#4187=EDGE_LOOP('',(#2341,#2342,#2343,#2344));
#4188=EDGE_LOOP('',(#2345,#2346,#2347,#2348));
#4189=EDGE_LOOP('',(#2349,#2350,#2351,#2352));
#4190=EDGE_LOOP('',(#2353,#2354,#2355,#2356));
#4191=EDGE_LOOP('',(#2357,#2358,#2359,#2360,#2361,#2362,#2363,#2364,#2365,
#2366,#2367,#2368,#2369));
#4192=EDGE_LOOP('',(#2370,#2371,#2372,#2373,#2374,#2375,#2376,#2377,#2378,
#2379,#2380,#2381,#2382));
#4193=EDGE_LOOP('',(#2383,#2384,#2385,#2386));
#4194=EDGE_LOOP('',(#2387,#2388,#2389,#2390));
#4195=EDGE_LOOP('',(#2391,#2392,#2393,#2394));
#4196=EDGE_LOOP('',(#2395,#2396,#2397,#2398));
#4197=EDGE_LOOP('',(#2399,#2400,#2401,#2402));
#4198=EDGE_LOOP('',(#2403,#2404,#2405,#2406));
#4199=EDGE_LOOP('',(#2407,#2408,#2409,#2410));
#4200=EDGE_LOOP('',(#2411,#2412,#2413,#2414));
#4201=EDGE_LOOP('',(#2415));
#4202=EDGE_LOOP('',(#2416));
#4203=EDGE_LOOP('',(#2417));
#4204=EDGE_LOOP('',(#2418));
#4205=EDGE_LOOP('',(#2419));
#4206=EDGE_LOOP('',(#2420));
#4207=EDGE_LOOP('',(#2421,#2422,#2423,#2424));
#4208=EDGE_LOOP('',(#2425,#2426,#2427,#2428));
#4209=EDGE_LOOP('',(#2429,#2430,#2431,#2432));
#4210=EDGE_LOOP('',(#2433,#2434,#2435,#2436));
#4211=EDGE_LOOP('',(#2437,#2438,#2439));
#4212=EDGE_LOOP('',(#2440,#2441,#2442,#2443,#2444));
#4213=EDGE_LOOP('',(#2445,#2446,#2447,#2448));
#4214=EDGE_LOOP('',(#2449,#2450,#2451,#2452,#2453,#2454,#2455,#2456));
#4215=EDGE_LOOP('',(#2457,#2458,#2459,#2460));
#4216=EDGE_LOOP('',(#2461,#2462,#2463,#2464));
#4217=EDGE_LOOP('',(#2465,#2466,#2467,#2468));
#4218=EDGE_LOOP('',(#2469,#2470,#2471,#2472,#2473,#2474,#2475,#2476,#2477,
#2478,#2479,#2480,#2481,#2482,#2483,#2484,#2485,#2486,#2487,#2488,#2489,
#2490));
#4219=EDGE_LOOP('',(#2491));
#4220=EDGE_LOOP('',(#2492,#2493,#2494,#2495));
#4221=EDGE_LOOP('',(#2496,#2497,#2498,#2499));
#4222=EDGE_LOOP('',(#2500,#2501,#2502,#2503));
#4223=EDGE_LOOP('',(#2504,#2505,#2506,#2507));
#4224=EDGE_LOOP('',(#2508,#2509,#2510,#2511));
#4225=EDGE_LOOP('',(#2512,#2513,#2514,#2515));
#4226=EDGE_LOOP('',(#2516,#2517,#2518,#2519));
#4227=EDGE_LOOP('',(#2520,#2521,#2522,#2523));
#4228=EDGE_LOOP('',(#2524,#2525,#2526,#2527));
#4229=EDGE_LOOP('',(#2528,#2529,#2530));
#4230=EDGE_LOOP('',(#2531,#2532,#2533,#2534));
#4231=EDGE_LOOP('',(#2535,#2536,#2537,#2538,#2539,#2540,#2541,#2542));
#4232=EDGE_LOOP('',(#2543,#2544,#2545,#2546,#2547));
#4233=EDGE_LOOP('',(#2548,#2549,#2550,#2551,#2552,#2553,#2554,#2555,#2556));
#4234=EDGE_LOOP('',(#2557,#2558,#2559,#2560,#2561,#2562));
#4235=EDGE_LOOP('',(#2563,#2564,#2565,#2566,#2567,#2568,#2569,#2570,#2571));
#4236=EDGE_LOOP('',(#2572,#2573,#2574,#2575,#2576,#2577));
#4237=EDGE_LOOP('',(#2578,#2579,#2580,#2581));
#4238=EDGE_LOOP('',(#2582,#2583,#2584,#2585));
#4239=EDGE_LOOP('',(#2586,#2587,#2588,#2589));
#4240=EDGE_LOOP('',(#2590,#2591,#2592,#2593));
#4241=EDGE_LOOP('',(#2594,#2595,#2596,#2597));
#4242=EDGE_LOOP('',(#2598));
#4243=EDGE_LOOP('',(#2599));
#4244=EDGE_LOOP('',(#2600));
#4245=FACE_BOUND('',#3963,.T.);
#4246=FACE_BOUND('',#3964,.T.);
#4247=FACE_BOUND('',#3965,.T.);
#4248=FACE_BOUND('',#3966,.T.);
#4249=FACE_BOUND('',#3967,.T.);
#4250=FACE_BOUND('',#3968,.T.);
#4251=FACE_BOUND('',#3969,.T.);
#4252=FACE_BOUND('',#3970,.T.);
#4253=FACE_BOUND('',#3971,.T.);
#4254=FACE_BOUND('',#3972,.T.);
#4255=FACE_BOUND('',#3973,.T.);
#4256=FACE_BOUND('',#3974,.T.);
#4257=FACE_BOUND('',#3975,.T.);
#4258=FACE_BOUND('',#3976,.T.);
#4259=FACE_BOUND('',#3977,.T.);
#4260=FACE_BOUND('',#3978,.T.);
#4261=FACE_BOUND('',#3979,.T.);
#4262=FACE_BOUND('',#3980,.T.);
#4263=FACE_BOUND('',#3981,.T.);
#4264=FACE_BOUND('',#3982,.T.);
#4265=FACE_BOUND('',#3983,.T.);
#4266=FACE_BOUND('',#3984,.T.);
#4267=FACE_BOUND('',#3985,.T.);
#4268=FACE_BOUND('',#3986,.T.);
#4269=FACE_BOUND('',#3987,.T.);
#4270=FACE_BOUND('',#3988,.T.);
#4271=FACE_BOUND('',#3989,.T.);
#4272=FACE_BOUND('',#3990,.T.);
#4273=FACE_BOUND('',#3991,.T.);
#4274=FACE_BOUND('',#3992,.T.);
#4275=FACE_BOUND('',#3993,.T.);
#4276=FACE_BOUND('',#3994,.T.);
#4277=FACE_BOUND('',#3995,.T.);
#4278=FACE_BOUND('',#3996,.T.);
#4279=FACE_BOUND('',#3997,.T.);
#4280=FACE_BOUND('',#3998,.T.);
#4281=FACE_BOUND('',#3999,.T.);
#4282=FACE_BOUND('',#4000,.T.);
#4283=FACE_BOUND('',#4001,.T.);
#4284=FACE_BOUND('',#4002,.T.);
#4285=FACE_BOUND('',#4003,.T.);
#4286=FACE_BOUND('',#4004,.T.);
#4287=FACE_BOUND('',#4005,.T.);
#4288=FACE_BOUND('',#4006,.T.);
#4289=FACE_BOUND('',#4007,.T.);
#4290=FACE_BOUND('',#4008,.T.);
#4291=FACE_BOUND('',#4009,.T.);
#4292=FACE_BOUND('',#4010,.T.);
#4293=FACE_BOUND('',#4011,.T.);
#4294=FACE_BOUND('',#4012,.T.);
#4295=FACE_BOUND('',#4013,.T.);
#4296=FACE_BOUND('',#4014,.T.);
#4297=FACE_BOUND('',#4015,.T.);
#4298=FACE_BOUND('',#4016,.T.);
#4299=FACE_BOUND('',#4017,.T.);
#4300=FACE_BOUND('',#4018,.T.);
#4301=FACE_BOUND('',#4019,.T.);
#4302=FACE_BOUND('',#4020,.T.);
#4303=FACE_BOUND('',#4021,.T.);
#4304=FACE_BOUND('',#4022,.T.);
#4305=FACE_BOUND('',#4023,.T.);
#4306=FACE_BOUND('',#4024,.T.);
#4307=FACE_BOUND('',#4025,.T.);
#4308=FACE_BOUND('',#4026,.T.);
#4309=FACE_BOUND('',#4027,.T.);
#4310=FACE_BOUND('',#4028,.T.);
#4311=FACE_BOUND('',#4029,.T.);
#4312=FACE_BOUND('',#4030,.T.);
#4313=FACE_BOUND('',#4031,.T.);
#4314=FACE_BOUND('',#4032,.T.);
#4315=FACE_BOUND('',#4033,.T.);
#4316=FACE_BOUND('',#4034,.T.);
#4317=FACE_BOUND('',#4035,.T.);
#4318=FACE_BOUND('',#4036,.T.);
#4319=FACE_BOUND('',#4037,.T.);
#4320=FACE_BOUND('',#4038,.T.);
#4321=FACE_BOUND('',#4039,.T.);
#4322=FACE_BOUND('',#4040,.T.);
#4323=FACE_BOUND('',#4041,.T.);
#4324=FACE_BOUND('',#4042,.T.);
#4325=FACE_BOUND('',#4043,.T.);
#4326=FACE_BOUND('',#4044,.T.);
#4327=FACE_BOUND('',#4045,.T.);
#4328=FACE_BOUND('',#4046,.T.);
#4329=FACE_BOUND('',#4047,.T.);
#4330=FACE_BOUND('',#4048,.T.);
#4331=FACE_BOUND('',#4049,.T.);
#4332=FACE_BOUND('',#4050,.T.);
#4333=FACE_BOUND('',#4051,.T.);
#4334=FACE_BOUND('',#4052,.T.);
#4335=FACE_BOUND('',#4053,.T.);
#4336=FACE_BOUND('',#4054,.T.);
#4337=FACE_BOUND('',#4055,.T.);
#4338=FACE_BOUND('',#4056,.T.);
#4339=FACE_BOUND('',#4057,.T.);
#4340=FACE_BOUND('',#4058,.T.);
#4341=FACE_BOUND('',#4059,.T.);
#4342=FACE_BOUND('',#4060,.T.);
#4343=FACE_BOUND('',#4061,.T.);
#4344=FACE_BOUND('',#4062,.T.);
#4345=FACE_BOUND('',#4063,.T.);
#4346=FACE_BOUND('',#4064,.T.);
#4347=FACE_BOUND('',#4065,.T.);
#4348=FACE_BOUND('',#4066,.T.);
#4349=FACE_BOUND('',#4067,.T.);
#4350=FACE_BOUND('',#4068,.T.);
#4351=FACE_BOUND('',#4069,.T.);
#4352=FACE_BOUND('',#4070,.T.);
#4353=FACE_BOUND('',#4071,.T.);
#4354=FACE_BOUND('',#4072,.T.);
#4355=FACE_BOUND('',#4073,.T.);
#4356=FACE_BOUND('',#4074,.T.);
#4357=FACE_BOUND('',#4075,.T.);
#4358=FACE_BOUND('',#4076,.T.);
#4359=FACE_BOUND('',#4077,.T.);
#4360=FACE_BOUND('',#4078,.T.);
#4361=FACE_BOUND('',#4079,.T.);
#4362=FACE_BOUND('',#4080,.T.);
#4363=FACE_BOUND('',#4081,.T.);
#4364=FACE_BOUND('',#4082,.T.);
#4365=FACE_BOUND('',#4083,.T.);
#4366=FACE_BOUND('',#4084,.T.);
#4367=FACE_BOUND('',#4085,.T.);
#4368=FACE_BOUND('',#4086,.T.);
#4369=FACE_BOUND('',#4087,.T.);
#4370=FACE_BOUND('',#4088,.T.);
#4371=FACE_BOUND('',#4089,.T.);
#4372=FACE_BOUND('',#4090,.T.);
#4373=FACE_BOUND('',#4091,.T.);
#4374=FACE_BOUND('',#4092,.T.);
#4375=FACE_BOUND('',#4093,.T.);
#4376=FACE_BOUND('',#4094,.T.);
#4377=FACE_BOUND('',#4095,.T.);
#4378=FACE_BOUND('',#4096,.T.);
#4379=FACE_BOUND('',#4097,.T.);
#4380=FACE_BOUND('',#4098,.T.);
#4381=FACE_BOUND('',#4099,.T.);
#4382=FACE_BOUND('',#4100,.T.);
#4383=FACE_BOUND('',#4101,.T.);
#4384=FACE_BOUND('',#4102,.T.);
#4385=FACE_BOUND('',#4103,.T.);
#4386=FACE_BOUND('',#4104,.T.);
#4387=FACE_BOUND('',#4105,.T.);
#4388=FACE_BOUND('',#4106,.T.);
#4389=FACE_BOUND('',#4107,.T.);
#4390=FACE_BOUND('',#4108,.T.);
#4391=FACE_BOUND('',#4109,.T.);
#4392=FACE_BOUND('',#4110,.T.);
#4393=FACE_BOUND('',#4111,.T.);
#4394=FACE_BOUND('',#4112,.T.);
#4395=FACE_BOUND('',#4113,.T.);
#4396=FACE_BOUND('',#4114,.T.);
#4397=FACE_BOUND('',#4115,.T.);
#4398=FACE_BOUND('',#4116,.T.);
#4399=FACE_BOUND('',#4117,.T.);
#4400=FACE_BOUND('',#4118,.T.);
#4401=FACE_BOUND('',#4119,.T.);
#4402=FACE_BOUND('',#4120,.T.);
#4403=FACE_BOUND('',#4121,.T.);
#4404=FACE_BOUND('',#4122,.T.);
#4405=FACE_BOUND('',#4123,.T.);
#4406=FACE_BOUND('',#4124,.T.);
#4407=FACE_BOUND('',#4125,.T.);
#4408=FACE_BOUND('',#4126,.T.);
#4409=FACE_BOUND('',#4127,.T.);
#4410=FACE_BOUND('',#4128,.T.);
#4411=FACE_BOUND('',#4129,.T.);
#4412=FACE_BOUND('',#4130,.T.);
#4413=FACE_BOUND('',#4131,.T.);
#4414=FACE_BOUND('',#4132,.T.);
#4415=FACE_BOUND('',#4133,.T.);
#4416=FACE_BOUND('',#4134,.T.);
#4417=FACE_BOUND('',#4135,.T.);
#4418=FACE_BOUND('',#4136,.T.);
#4419=FACE_BOUND('',#4137,.T.);
#4420=FACE_BOUND('',#4138,.T.);
#4421=FACE_BOUND('',#4139,.T.);
#4422=FACE_BOUND('',#4140,.T.);
#4423=FACE_BOUND('',#4141,.T.);
#4424=FACE_BOUND('',#4142,.T.);
#4425=FACE_BOUND('',#4143,.T.);
#4426=FACE_BOUND('',#4144,.T.);
#4427=FACE_BOUND('',#4145,.T.);
#4428=FACE_BOUND('',#4146,.T.);
#4429=FACE_BOUND('',#4147,.T.);
#4430=FACE_BOUND('',#4148,.T.);
#4431=FACE_BOUND('',#4149,.T.);
#4432=FACE_BOUND('',#4150,.T.);
#4433=FACE_BOUND('',#4151,.T.);
#4434=FACE_BOUND('',#4152,.T.);
#4435=FACE_BOUND('',#4153,.T.);
#4436=FACE_BOUND('',#4154,.T.);
#4437=FACE_BOUND('',#4155,.T.);
#4438=FACE_BOUND('',#4156,.T.);
#4439=FACE_BOUND('',#4157,.T.);
#4440=FACE_BOUND('',#4158,.T.);
#4441=FACE_BOUND('',#4159,.T.);
#4442=FACE_BOUND('',#4160,.T.);
#4443=FACE_BOUND('',#4161,.T.);
#4444=FACE_BOUND('',#4162,.T.);
#4445=FACE_BOUND('',#4163,.T.);
#4446=FACE_BOUND('',#4164,.T.);
#4447=FACE_BOUND('',#4165,.T.);
#4448=FACE_BOUND('',#4166,.T.);
#4449=FACE_BOUND('',#4167,.T.);
#4450=FACE_BOUND('',#4168,.T.);
#4451=FACE_BOUND('',#4169,.T.);
#4452=FACE_BOUND('',#4170,.T.);
#4453=FACE_BOUND('',#4171,.T.);
#4454=FACE_BOUND('',#4172,.T.);
#4455=FACE_BOUND('',#4173,.T.);
#4456=FACE_BOUND('',#4174,.T.);
#4457=FACE_BOUND('',#4175,.T.);
#4458=FACE_BOUND('',#4176,.T.);
#4459=FACE_BOUND('',#4177,.T.);
#4460=FACE_BOUND('',#4178,.T.);
#4461=FACE_BOUND('',#4179,.T.);
#4462=FACE_BOUND('',#4180,.T.);
#4463=FACE_BOUND('',#4181,.T.);
#4464=FACE_BOUND('',#4182,.T.);
#4465=FACE_BOUND('',#4183,.T.);
#4466=FACE_BOUND('',#4184,.T.);
#4467=FACE_BOUND('',#4185,.T.);
#4468=FACE_BOUND('',#4186,.T.);
#4469=FACE_BOUND('',#4187,.T.);
#4470=FACE_BOUND('',#4188,.T.);
#4471=FACE_BOUND('',#4189,.T.);
#4472=FACE_BOUND('',#4190,.T.);
#4473=FACE_BOUND('',#4191,.T.);
#4474=FACE_BOUND('',#4192,.T.);
#4475=FACE_BOUND('',#4193,.T.);
#4476=FACE_BOUND('',#4194,.T.);
#4477=FACE_BOUND('',#4195,.T.);
#4478=FACE_BOUND('',#4196,.T.);
#4479=FACE_BOUND('',#4197,.T.);
#4480=FACE_BOUND('',#4198,.T.);
#4481=FACE_BOUND('',#4199,.T.);
#4482=FACE_BOUND('',#4200,.T.);
#4483=FACE_BOUND('',#4201,.T.);
#4484=FACE_BOUND('',#4202,.T.);
#4485=FACE_BOUND('',#4203,.T.);
#4486=FACE_BOUND('',#4204,.T.);
#4487=FACE_BOUND('',#4205,.T.);
#4488=FACE_BOUND('',#4206,.T.);
#4489=FACE_BOUND('',#4207,.T.);
#4490=FACE_BOUND('',#4208,.T.);
#4491=FACE_BOUND('',#4209,.T.);
#4492=FACE_BOUND('',#4210,.T.);
#4493=FACE_BOUND('',#4211,.T.);
#4494=FACE_BOUND('',#4212,.T.);
#4495=FACE_BOUND('',#4213,.T.);
#4496=FACE_BOUND('',#4214,.T.);
#4497=FACE_BOUND('',#4215,.T.);
#4498=FACE_BOUND('',#4216,.T.);
#4499=FACE_BOUND('',#4217,.T.);
#4500=FACE_BOUND('',#4218,.T.);
#4501=FACE_BOUND('',#4219,.T.);
#4502=FACE_BOUND('',#4220,.T.);
#4503=FACE_BOUND('',#4221,.T.);
#4504=FACE_BOUND('',#4222,.T.);
#4505=FACE_BOUND('',#4223,.T.);
#4506=FACE_BOUND('',#4224,.T.);
#4507=FACE_BOUND('',#4225,.T.);
#4508=FACE_BOUND('',#4226,.T.);
#4509=FACE_BOUND('',#4227,.T.);
#4510=FACE_BOUND('',#4228,.T.);
#4511=FACE_BOUND('',#4229,.T.);
#4512=FACE_BOUND('',#4230,.T.);
#4513=FACE_BOUND('',#4231,.T.);
#4514=FACE_BOUND('',#4232,.T.);
#4515=FACE_BOUND('',#4233,.T.);
#4516=FACE_BOUND('',#4234,.T.);
#4517=FACE_BOUND('',#4235,.T.);
#4518=FACE_BOUND('',#4236,.T.);
#4519=FACE_BOUND('',#4237,.T.);
#4520=FACE_BOUND('',#4238,.T.);
#4521=FACE_BOUND('',#4239,.T.);
#4522=FACE_BOUND('',#4240,.T.);
#4523=FACE_BOUND('',#4241,.T.);
#4524=FACE_BOUND('',#4242,.T.);
#4525=FACE_BOUND('',#4243,.T.);
#4526=FACE_BOUND('',#4244,.T.);
#4527=PLANE('',#6498);
#4528=PLANE('',#6516);
#4529=PLANE('',#6517);
#4530=PLANE('',#6524);
#4531=PLANE('',#6526);
#4532=PLANE('',#6528);
#4533=PLANE('',#6531);
#4534=PLANE('',#6546);
#4535=PLANE('',#6553);
#4536=PLANE('',#6554);
#4537=PLANE('',#6581);
#4538=PLANE('',#6584);
#4539=PLANE('',#6587);
#4540=PLANE('',#6620);
#4541=PLANE('',#6621);
#4542=PLANE('',#6622);
#4543=PLANE('',#6623);
#4544=PLANE('',#6624);
#4545=PLANE('',#6625);
#4546=PLANE('',#6626);
#4547=PLANE('',#6627);
#4548=PLANE('',#6628);
#4549=PLANE('',#6631);
#4550=PLANE('',#6634);
#4551=PLANE('',#6637);
#4552=PLANE('',#6654);
#4553=PLANE('',#6657);
#4554=PLANE('',#6661);
#4555=PLANE('',#6662);
#4556=PLANE('',#6663);
#4557=PLANE('',#6667);
#4558=PLANE('',#6670);
#4559=PLANE('',#6672);
#4560=PLANE('',#6673);
#4561=PLANE('',#6674);
#4562=PLANE('',#6676);
#4563=PLANE('',#6678);
#4564=PLANE('',#6680);
#4565=PLANE('',#6681);
#4566=PLANE('',#6682);
#4567=PLANE('',#6683);
#4568=PLANE('',#6684);
#4569=PLANE('',#6686);
#4570=PLANE('',#6687);
#4571=PLANE('',#6689);
#4572=PLANE('',#6690);
#4573=PLANE('',#6692);
#4574=PLANE('',#6694);
#4575=PLANE('',#6695);
#4576=PLANE('',#6696);
#4577=PLANE('',#6697);
#4578=PLANE('',#6698);
#4579=PLANE('',#6699);
#4580=PLANE('',#6700);
#4581=PLANE('',#6701);
#4582=PLANE('',#6706);
#4583=PLANE('',#6707);
#4584=PLANE('',#6708);
#4585=PLANE('',#6709);
#4586=PLANE('',#6710);
#4587=PLANE('',#6711);
#4588=PLANE('',#6712);
#4589=PLANE('',#6713);
#4590=PLANE('',#6728);
#4591=PLANE('',#6730);
#4592=PLANE('',#6737);
#4593=PLANE('',#6738);
#4594=PLANE('',#6739);
#4595=PLANE('',#6740);
#4596=PLANE('',#6741);
#4597=PLANE('',#6742);
#4598=PLANE('',#6743);
#4599=PLANE('',#6744);
#4600=PLANE('',#6745);
#4601=PLANE('',#6746);
#4602=PLANE('',#6747);
#4603=PLANE('',#6748);
#4604=PLANE('',#6749);
#4605=PLANE('',#6750);
#4606=PLANE('',#6751);
#4607=PLANE('',#6752);
#4608=PLANE('',#6753);
#4609=PLANE('',#6754);
#4610=PLANE('',#6755);
#4611=PLANE('',#6758);
#4612=PLANE('',#6759);
#4613=PLANE('',#6762);
#4614=PLANE('',#6763);
#4615=PLANE('',#6770);
#4616=PLANE('',#6773);
#4617=PLANE('',#6776);
#4618=PLANE('',#6779);
#4619=PLANE('',#6780);
#4620=PLANE('',#6781);
#4621=PLANE('',#6782);
#4622=PLANE('',#6783);
#4623=PLANE('',#6788);
#4624=PLANE('',#6794);
#4625=PLANE('',#6796);
#4626=PLANE('',#6797);
#4627=PLANE('',#6799);
#4628=PLANE('',#6801);
#4629=PLANE('',#6802);
#4630=PLANE('',#6803);
#4631=PLANE('',#6804);
#4632=PLANE('',#6809);
#4633=PLANE('',#6815);
#4634=PLANE('',#6817);
#4635=PLANE('',#6818);
#4636=PLANE('',#6820);
#4637=PLANE('',#6822);
#4638=PLANE('',#6823);
#4639=PLANE('',#6824);
#4640=PLANE('',#6825);
#4641=PLANE('',#6830);
#4642=PLANE('',#6836);
#4643=PLANE('',#6838);
#4644=PLANE('',#6839);
#4645=PLANE('',#6841);
#4646=PLANE('',#6843);
#4647=PLANE('',#6844);
#4648=PLANE('',#6845);
#4649=PLANE('',#6846);
#4650=PLANE('',#6851);
#4651=PLANE('',#6857);
#4652=PLANE('',#6859);
#4653=PLANE('',#6860);
#4654=PLANE('',#6862);
#4655=PLANE('',#6866);
#4656=PLANE('',#6869);
#4657=PLANE('',#6870);
#4658=PLANE('',#6871);
#4659=PLANE('',#6872);
#4660=PLANE('',#6873);
#4661=PLANE('',#6875);
#4662=PLANE('',#6877);
#4663=PLANE('',#6887);
#4664=PLANE('',#6889);
#4665=PLANE('',#6892);
#4666=PLANE('',#6894);
#4667=PLANE('',#6902);
#4668=PLANE('',#6904);
#4669=PLANE('',#6906);
#4670=PLANE('',#6908);
#4671=PLANE('',#6910);
#4672=PLANE('',#6912);
#4673=PLANE('',#6914);
#4674=PLANE('',#6916);
#4675=PLANE('',#6919);
#4676=PLANE('',#6922);
#4677=PLANE('',#6926);
#4678=PLANE('',#6927);
#4679=PLANE('',#6928);
#4680=PLANE('',#6929);
#4681=PLANE('',#6930);
#4682=PLANE('',#6931);
#4683=PLANE('',#6936);
#4684=STYLED_ITEM('',(#4905),#6235);
#4685=STYLED_ITEM('',(#4906),#6236);
#4686=STYLED_ITEM('',(#4907),#6237);
#4687=STYLED_ITEM('',(#4908),#6238);
#4688=STYLED_ITEM('',(#4909),#6239);
#4689=STYLED_ITEM('',(#4910),#6240);
#4690=STYLED_ITEM('',(#4911),#6241);
#4691=STYLED_ITEM('',(#4912),#6242);
#4692=STYLED_ITEM('',(#4913),#6243);
#4693=STYLED_ITEM('',(#4914),#6244);
#4694=STYLED_ITEM('',(#4915),#6245);
#4695=STYLED_ITEM('',(#4916),#6246);
#4696=STYLED_ITEM('',(#4917),#6247);
#4697=STYLED_ITEM('',(#4918),#6248);
#4698=STYLED_ITEM('',(#4919),#6249);
#4699=STYLED_ITEM('',(#4920),#6250);
#4700=STYLED_ITEM('',(#4921),#6251);
#4701=STYLED_ITEM('',(#4922),#6252);
#4702=STYLED_ITEM('',(#4923),#6253);
#4703=STYLED_ITEM('',(#4924),#6254);
#4704=STYLED_ITEM('',(#4925),#6255);
#4705=STYLED_ITEM('',(#4926),#6256);
#4706=STYLED_ITEM('',(#4927),#6257);
#4707=STYLED_ITEM('',(#4928),#6258);
#4708=STYLED_ITEM('',(#4929),#6259);
#4709=STYLED_ITEM('',(#4930),#6260);
#4710=STYLED_ITEM('',(#4931),#6261);
#4711=STYLED_ITEM('',(#4932),#6262);
#4712=STYLED_ITEM('',(#4933),#6263);
#4713=STYLED_ITEM('',(#4934),#6264);
#4714=STYLED_ITEM('',(#4935),#6265);
#4715=STYLED_ITEM('',(#4936),#6266);
#4716=STYLED_ITEM('',(#4937),#6267);
#4717=STYLED_ITEM('',(#4938),#6268);
#4718=STYLED_ITEM('',(#4939),#6269);
#4719=STYLED_ITEM('',(#4940),#6270);
#4720=STYLED_ITEM('',(#4941),#6271);
#4721=STYLED_ITEM('',(#4942),#6272);
#4722=STYLED_ITEM('',(#4943),#6273);
#4723=STYLED_ITEM('',(#4944),#6274);
#4724=STYLED_ITEM('',(#4945),#6275);
#4725=STYLED_ITEM('',(#4946),#6276);
#4726=STYLED_ITEM('',(#4947),#6277);
#4727=STYLED_ITEM('',(#4948),#6278);
#4728=STYLED_ITEM('',(#4949),#6279);
#4729=STYLED_ITEM('',(#4950),#6280);
#4730=STYLED_ITEM('',(#4951),#6281);
#4731=STYLED_ITEM('',(#4952),#6282);
#4732=STYLED_ITEM('',(#4953),#6283);
#4733=STYLED_ITEM('',(#4954),#6284);
#4734=STYLED_ITEM('',(#4955),#6285);
#4735=STYLED_ITEM('',(#4956),#6286);
#4736=STYLED_ITEM('',(#4957),#6287);
#4737=STYLED_ITEM('',(#4958),#6288);
#4738=STYLED_ITEM('',(#4959),#6289);
#4739=STYLED_ITEM('',(#4960),#6290);
#4740=STYLED_ITEM('',(#4961),#6291);
#4741=STYLED_ITEM('',(#4962),#6292);
#4742=STYLED_ITEM('',(#4963),#6293);
#4743=STYLED_ITEM('',(#4964),#6294);
#4744=STYLED_ITEM('',(#4965),#6295);
#4745=STYLED_ITEM('',(#4966),#6296);
#4746=STYLED_ITEM('',(#4967),#6297);
#4747=STYLED_ITEM('',(#4968),#6298);
#4748=STYLED_ITEM('',(#4969),#6299);
#4749=STYLED_ITEM('',(#4970),#6300);
#4750=STYLED_ITEM('',(#4971),#6301);
#4751=STYLED_ITEM('',(#4972),#6302);
#4752=STYLED_ITEM('',(#4973),#6303);
#4753=STYLED_ITEM('',(#4974),#6304);
#4754=STYLED_ITEM('',(#4975),#6305);
#4755=STYLED_ITEM('',(#4976),#6306);
#4756=STYLED_ITEM('',(#4977),#6307);
#4757=STYLED_ITEM('',(#4978),#6308);
#4758=STYLED_ITEM('',(#4979),#6309);
#4759=STYLED_ITEM('',(#4980),#6310);
#4760=STYLED_ITEM('',(#4981),#6311);
#4761=STYLED_ITEM('',(#4982),#6312);
#4762=STYLED_ITEM('',(#4983),#6313);
#4763=STYLED_ITEM('',(#4984),#6314);
#4764=STYLED_ITEM('',(#4985),#6315);
#4765=STYLED_ITEM('',(#4986),#6316);
#4766=STYLED_ITEM('',(#4987),#6317);
#4767=STYLED_ITEM('',(#4988),#6318);
#4768=STYLED_ITEM('',(#4989),#6319);
#4769=STYLED_ITEM('',(#4990),#6320);
#4770=STYLED_ITEM('',(#4991),#6321);
#4771=STYLED_ITEM('',(#4992),#6322);
#4772=STYLED_ITEM('',(#4993),#6323);
#4773=STYLED_ITEM('',(#4994),#6324);
#4774=STYLED_ITEM('',(#4995),#6325);
#4775=STYLED_ITEM('',(#4996),#6326);
#4776=STYLED_ITEM('',(#4997),#6327);
#4777=STYLED_ITEM('',(#4998),#6328);
#4778=STYLED_ITEM('',(#4999),#6329);
#4779=STYLED_ITEM('',(#5000),#6330);
#4780=STYLED_ITEM('',(#5001),#6331);
#4781=STYLED_ITEM('',(#5002),#6332);
#4782=STYLED_ITEM('',(#5003),#6333);
#4783=STYLED_ITEM('',(#5004),#6334);
#4784=STYLED_ITEM('',(#5005),#6335);
#4785=STYLED_ITEM('',(#5006),#6336);
#4786=STYLED_ITEM('',(#5007),#6337);
#4787=STYLED_ITEM('',(#5008),#6338);
#4788=STYLED_ITEM('',(#5009),#6339);
#4789=STYLED_ITEM('',(#5010),#6340);
#4790=STYLED_ITEM('',(#5011),#6341);
#4791=STYLED_ITEM('',(#5012),#6342);
#4792=STYLED_ITEM('',(#5013),#6343);
#4793=STYLED_ITEM('',(#5014),#6344);
#4794=STYLED_ITEM('',(#5015),#6345);
#4795=STYLED_ITEM('',(#5016),#6346);
#4796=STYLED_ITEM('',(#5017),#6347);
#4797=STYLED_ITEM('',(#5018),#6348);
#4798=STYLED_ITEM('',(#5019),#6349);
#4799=STYLED_ITEM('',(#5020),#6350);
#4800=STYLED_ITEM('',(#5021),#6351);
#4801=STYLED_ITEM('',(#5022),#6352);
#4802=STYLED_ITEM('',(#5023),#6353);
#4803=STYLED_ITEM('',(#5024),#6354);
#4804=STYLED_ITEM('',(#5025),#6355);
#4805=STYLED_ITEM('',(#5026),#6356);
#4806=STYLED_ITEM('',(#5027),#6357);
#4807=STYLED_ITEM('',(#5028),#6358);
#4808=STYLED_ITEM('',(#5029),#6359);
#4809=STYLED_ITEM('',(#5030),#6360);
#4810=STYLED_ITEM('',(#5031),#6361);
#4811=STYLED_ITEM('',(#5032),#6362);
#4812=STYLED_ITEM('',(#5033),#6363);
#4813=STYLED_ITEM('',(#5034),#6364);
#4814=STYLED_ITEM('',(#5035),#6365);
#4815=STYLED_ITEM('',(#5036),#6366);
#4816=STYLED_ITEM('',(#5037),#6367);
#4817=STYLED_ITEM('',(#5038),#6368);
#4818=STYLED_ITEM('',(#5039),#6369);
#4819=STYLED_ITEM('',(#5040),#6370);
#4820=STYLED_ITEM('',(#5041),#6371);
#4821=STYLED_ITEM('',(#5042),#6372);
#4822=STYLED_ITEM('',(#5043),#6373);
#4823=STYLED_ITEM('',(#5044),#6374);
#4824=STYLED_ITEM('',(#5045),#6375);
#4825=STYLED_ITEM('',(#5046),#6376);
#4826=STYLED_ITEM('',(#5047),#6377);
#4827=STYLED_ITEM('',(#5048),#6378);
#4828=STYLED_ITEM('',(#5049),#6379);
#4829=STYLED_ITEM('',(#5050),#6380);
#4830=STYLED_ITEM('',(#5051),#6381);
#4831=STYLED_ITEM('',(#5052),#6382);
#4832=STYLED_ITEM('',(#5053),#6383);
#4833=STYLED_ITEM('',(#5054),#6384);
#4834=STYLED_ITEM('',(#5055),#6385);
#4835=STYLED_ITEM('',(#5056),#6386);
#4836=STYLED_ITEM('',(#5057),#6387);
#4837=STYLED_ITEM('',(#5058),#6388);
#4838=STYLED_ITEM('',(#5059),#6389);
#4839=STYLED_ITEM('',(#5060),#6390);
#4840=STYLED_ITEM('',(#5061),#6391);
#4841=STYLED_ITEM('',(#5062),#6392);
#4842=STYLED_ITEM('',(#5063),#6393);
#4843=STYLED_ITEM('',(#5064),#6394);
#4844=STYLED_ITEM('',(#5065),#6395);
#4845=STYLED_ITEM('',(#5066),#6396);
#4846=STYLED_ITEM('',(#5067),#6397);
#4847=STYLED_ITEM('',(#5068),#6398);
#4848=STYLED_ITEM('',(#5069),#6399);
#4849=STYLED_ITEM('',(#5070),#6400);
#4850=STYLED_ITEM('',(#5071),#6401);
#4851=STYLED_ITEM('',(#5072),#6402);
#4852=STYLED_ITEM('',(#5073),#6403);
#4853=STYLED_ITEM('',(#5074),#6404);
#4854=STYLED_ITEM('',(#5075),#6405);
#4855=STYLED_ITEM('',(#5076),#6406);
#4856=STYLED_ITEM('',(#5077),#6407);
#4857=STYLED_ITEM('',(#5078),#6408);
#4858=STYLED_ITEM('',(#5079),#6409);
#4859=STYLED_ITEM('',(#5080),#6410);
#4860=STYLED_ITEM('',(#5081),#6411);
#4861=STYLED_ITEM('',(#5082),#6412);
#4862=STYLED_ITEM('',(#5083),#6413);
#4863=STYLED_ITEM('',(#5084),#6414);
#4864=STYLED_ITEM('',(#5085),#6415);
#4865=STYLED_ITEM('',(#5086),#6416);
#4866=STYLED_ITEM('',(#5087),#6417);
#4867=STYLED_ITEM('',(#5088),#6418);
#4868=STYLED_ITEM('',(#5089),#6419);
#4869=STYLED_ITEM('',(#5090),#6420);
#4870=STYLED_ITEM('',(#5091),#6421);
#4871=STYLED_ITEM('',(#5092),#6422);
#4872=STYLED_ITEM('',(#5093),#6423);
#4873=STYLED_ITEM('',(#5094),#6424);
#4874=STYLED_ITEM('',(#5095),#6425);
#4875=STYLED_ITEM('',(#5096),#6426);
#4876=STYLED_ITEM('',(#5097),#6427);
#4877=STYLED_ITEM('',(#5098),#6428);
#4878=STYLED_ITEM('',(#5099),#6429);
#4879=STYLED_ITEM('',(#5100),#6430);
#4880=STYLED_ITEM('',(#5101),#6431);
#4881=STYLED_ITEM('',(#5102),#6432);
#4882=STYLED_ITEM('',(#5103),#6433);
#4883=STYLED_ITEM('',(#5104),#6434);
#4884=STYLED_ITEM('',(#5105),#6435);
#4885=STYLED_ITEM('',(#5106),#6436);
#4886=STYLED_ITEM('',(#5107),#6437);
#4887=STYLED_ITEM('',(#5108),#6438);
#4888=STYLED_ITEM('',(#5109),#6439);
#4889=STYLED_ITEM('',(#5110),#6440);
#4890=STYLED_ITEM('',(#5111),#6441);
#4891=STYLED_ITEM('',(#5112),#6442);
#4892=STYLED_ITEM('',(#5113),#6443);
#4893=STYLED_ITEM('',(#5114),#6444);
#4894=STYLED_ITEM('',(#5115),#6445);
#4895=STYLED_ITEM('',(#5116),#6446);
#4896=STYLED_ITEM('',(#5117),#6447);
#4897=STYLED_ITEM('',(#5118),#6448);
#4898=STYLED_ITEM('',(#5119),#6449);
#4899=STYLED_ITEM('',(#5120),#6450);
#4900=STYLED_ITEM('',(#5121),#6451);
#4901=STYLED_ITEM('',(#5122),#6452);
#4902=STYLED_ITEM('',(#5123),#6453);
#4903=STYLED_ITEM('',(#5124),#6454);
#4904=STYLED_ITEM('',(#5125),#6490);
#4905=PRESENTATION_STYLE_ASSIGNMENT((#5126));
#4906=PRESENTATION_STYLE_ASSIGNMENT((#5127));
#4907=PRESENTATION_STYLE_ASSIGNMENT((#5128));
#4908=PRESENTATION_STYLE_ASSIGNMENT((#5129));
#4909=PRESENTATION_STYLE_ASSIGNMENT((#5130));
#4910=PRESENTATION_STYLE_ASSIGNMENT((#5131));
#4911=PRESENTATION_STYLE_ASSIGNMENT((#5132));
#4912=PRESENTATION_STYLE_ASSIGNMENT((#5133));
#4913=PRESENTATION_STYLE_ASSIGNMENT((#5134));
#4914=PRESENTATION_STYLE_ASSIGNMENT((#5135));
#4915=PRESENTATION_STYLE_ASSIGNMENT((#5136));
#4916=PRESENTATION_STYLE_ASSIGNMENT((#5137));
#4917=PRESENTATION_STYLE_ASSIGNMENT((#5138));
#4918=PRESENTATION_STYLE_ASSIGNMENT((#5139));
#4919=PRESENTATION_STYLE_ASSIGNMENT((#5140));
#4920=PRESENTATION_STYLE_ASSIGNMENT((#5141));
#4921=PRESENTATION_STYLE_ASSIGNMENT((#5142));
#4922=PRESENTATION_STYLE_ASSIGNMENT((#5143));
#4923=PRESENTATION_STYLE_ASSIGNMENT((#5144));
#4924=PRESENTATION_STYLE_ASSIGNMENT((#5145));
#4925=PRESENTATION_STYLE_ASSIGNMENT((#5146));
#4926=PRESENTATION_STYLE_ASSIGNMENT((#5147));
#4927=PRESENTATION_STYLE_ASSIGNMENT((#5148));
#4928=PRESENTATION_STYLE_ASSIGNMENT((#5149));
#4929=PRESENTATION_STYLE_ASSIGNMENT((#5150));
#4930=PRESENTATION_STYLE_ASSIGNMENT((#5151));
#4931=PRESENTATION_STYLE_ASSIGNMENT((#5152));
#4932=PRESENTATION_STYLE_ASSIGNMENT((#5153));
#4933=PRESENTATION_STYLE_ASSIGNMENT((#5154));
#4934=PRESENTATION_STYLE_ASSIGNMENT((#5155));
#4935=PRESENTATION_STYLE_ASSIGNMENT((#5156));
#4936=PRESENTATION_STYLE_ASSIGNMENT((#5157));
#4937=PRESENTATION_STYLE_ASSIGNMENT((#5158));
#4938=PRESENTATION_STYLE_ASSIGNMENT((#5159));
#4939=PRESENTATION_STYLE_ASSIGNMENT((#5160));
#4940=PRESENTATION_STYLE_ASSIGNMENT((#5161));
#4941=PRESENTATION_STYLE_ASSIGNMENT((#5162));
#4942=PRESENTATION_STYLE_ASSIGNMENT((#5163));
#4943=PRESENTATION_STYLE_ASSIGNMENT((#5164));
#4944=PRESENTATION_STYLE_ASSIGNMENT((#5165));
#4945=PRESENTATION_STYLE_ASSIGNMENT((#5166));
#4946=PRESENTATION_STYLE_ASSIGNMENT((#5167));
#4947=PRESENTATION_STYLE_ASSIGNMENT((#5168));
#4948=PRESENTATION_STYLE_ASSIGNMENT((#5169));
#4949=PRESENTATION_STYLE_ASSIGNMENT((#5170));
#4950=PRESENTATION_STYLE_ASSIGNMENT((#5171));
#4951=PRESENTATION_STYLE_ASSIGNMENT((#5172));
#4952=PRESENTATION_STYLE_ASSIGNMENT((#5173));
#4953=PRESENTATION_STYLE_ASSIGNMENT((#5174));
#4954=PRESENTATION_STYLE_ASSIGNMENT((#5175));
#4955=PRESENTATION_STYLE_ASSIGNMENT((#5176));
#4956=PRESENTATION_STYLE_ASSIGNMENT((#5177));
#4957=PRESENTATION_STYLE_ASSIGNMENT((#5178));
#4958=PRESENTATION_STYLE_ASSIGNMENT((#5179));
#4959=PRESENTATION_STYLE_ASSIGNMENT((#5180));
#4960=PRESENTATION_STYLE_ASSIGNMENT((#5181));
#4961=PRESENTATION_STYLE_ASSIGNMENT((#5182));
#4962=PRESENTATION_STYLE_ASSIGNMENT((#5183));
#4963=PRESENTATION_STYLE_ASSIGNMENT((#5184));
#4964=PRESENTATION_STYLE_ASSIGNMENT((#5185));
#4965=PRESENTATION_STYLE_ASSIGNMENT((#5186));
#4966=PRESENTATION_STYLE_ASSIGNMENT((#5187));
#4967=PRESENTATION_STYLE_ASSIGNMENT((#5188));
#4968=PRESENTATION_STYLE_ASSIGNMENT((#5189));
#4969=PRESENTATION_STYLE_ASSIGNMENT((#5190));
#4970=PRESENTATION_STYLE_ASSIGNMENT((#5191));
#4971=PRESENTATION_STYLE_ASSIGNMENT((#5192));
#4972=PRESENTATION_STYLE_ASSIGNMENT((#5193));
#4973=PRESENTATION_STYLE_ASSIGNMENT((#5194));
#4974=PRESENTATION_STYLE_ASSIGNMENT((#5195));
#4975=PRESENTATION_STYLE_ASSIGNMENT((#5196));
#4976=PRESENTATION_STYLE_ASSIGNMENT((#5197));
#4977=PRESENTATION_STYLE_ASSIGNMENT((#5198));
#4978=PRESENTATION_STYLE_ASSIGNMENT((#5199));
#4979=PRESENTATION_STYLE_ASSIGNMENT((#5200));
#4980=PRESENTATION_STYLE_ASSIGNMENT((#5201));
#4981=PRESENTATION_STYLE_ASSIGNMENT((#5202));
#4982=PRESENTATION_STYLE_ASSIGNMENT((#5203));
#4983=PRESENTATION_STYLE_ASSIGNMENT((#5204));
#4984=PRESENTATION_STYLE_ASSIGNMENT((#5205));
#4985=PRESENTATION_STYLE_ASSIGNMENT((#5206));
#4986=PRESENTATION_STYLE_ASSIGNMENT((#5207));
#4987=PRESENTATION_STYLE_ASSIGNMENT((#5208));
#4988=PRESENTATION_STYLE_ASSIGNMENT((#5209));
#4989=PRESENTATION_STYLE_ASSIGNMENT((#5210));
#4990=PRESENTATION_STYLE_ASSIGNMENT((#5211));
#4991=PRESENTATION_STYLE_ASSIGNMENT((#5212));
#4992=PRESENTATION_STYLE_ASSIGNMENT((#5213));
#4993=PRESENTATION_STYLE_ASSIGNMENT((#5214));
#4994=PRESENTATION_STYLE_ASSIGNMENT((#5215));
#4995=PRESENTATION_STYLE_ASSIGNMENT((#5216));
#4996=PRESENTATION_STYLE_ASSIGNMENT((#5217));
#4997=PRESENTATION_STYLE_ASSIGNMENT((#5218));
#4998=PRESENTATION_STYLE_ASSIGNMENT((#5219));
#4999=PRESENTATION_STYLE_ASSIGNMENT((#5220));
#5000=PRESENTATION_STYLE_ASSIGNMENT((#5221));
#5001=PRESENTATION_STYLE_ASSIGNMENT((#5222));
#5002=PRESENTATION_STYLE_ASSIGNMENT((#5223));
#5003=PRESENTATION_STYLE_ASSIGNMENT((#5224));
#5004=PRESENTATION_STYLE_ASSIGNMENT((#5225));
#5005=PRESENTATION_STYLE_ASSIGNMENT((#5226));
#5006=PRESENTATION_STYLE_ASSIGNMENT((#5227));
#5007=PRESENTATION_STYLE_ASSIGNMENT((#5228));
#5008=PRESENTATION_STYLE_ASSIGNMENT((#5229));
#5009=PRESENTATION_STYLE_ASSIGNMENT((#5230));
#5010=PRESENTATION_STYLE_ASSIGNMENT((#5231));
#5011=PRESENTATION_STYLE_ASSIGNMENT((#5232));
#5012=PRESENTATION_STYLE_ASSIGNMENT((#5233));
#5013=PRESENTATION_STYLE_ASSIGNMENT((#5234));
#5014=PRESENTATION_STYLE_ASSIGNMENT((#5235));
#5015=PRESENTATION_STYLE_ASSIGNMENT((#5236));
#5016=PRESENTATION_STYLE_ASSIGNMENT((#5237));
#5017=PRESENTATION_STYLE_ASSIGNMENT((#5238));
#5018=PRESENTATION_STYLE_ASSIGNMENT((#5239));
#5019=PRESENTATION_STYLE_ASSIGNMENT((#5240));
#5020=PRESENTATION_STYLE_ASSIGNMENT((#5241));
#5021=PRESENTATION_STYLE_ASSIGNMENT((#5242));
#5022=PRESENTATION_STYLE_ASSIGNMENT((#5243));
#5023=PRESENTATION_STYLE_ASSIGNMENT((#5244));
#5024=PRESENTATION_STYLE_ASSIGNMENT((#5245));
#5025=PRESENTATION_STYLE_ASSIGNMENT((#5246));
#5026=PRESENTATION_STYLE_ASSIGNMENT((#5247));
#5027=PRESENTATION_STYLE_ASSIGNMENT((#5248));
#5028=PRESENTATION_STYLE_ASSIGNMENT((#5249));
#5029=PRESENTATION_STYLE_ASSIGNMENT((#5250));
#5030=PRESENTATION_STYLE_ASSIGNMENT((#5251));
#5031=PRESENTATION_STYLE_ASSIGNMENT((#5252));
#5032=PRESENTATION_STYLE_ASSIGNMENT((#5253));
#5033=PRESENTATION_STYLE_ASSIGNMENT((#5254));
#5034=PRESENTATION_STYLE_ASSIGNMENT((#5255));
#5035=PRESENTATION_STYLE_ASSIGNMENT((#5256));
#5036=PRESENTATION_STYLE_ASSIGNMENT((#5257));
#5037=PRESENTATION_STYLE_ASSIGNMENT((#5258));
#5038=PRESENTATION_STYLE_ASSIGNMENT((#5259));
#5039=PRESENTATION_STYLE_ASSIGNMENT((#5260));
#5040=PRESENTATION_STYLE_ASSIGNMENT((#5261));
#5041=PRESENTATION_STYLE_ASSIGNMENT((#5262));
#5042=PRESENTATION_STYLE_ASSIGNMENT((#5263));
#5043=PRESENTATION_STYLE_ASSIGNMENT((#5264));
#5044=PRESENTATION_STYLE_ASSIGNMENT((#5265));
#5045=PRESENTATION_STYLE_ASSIGNMENT((#5266));
#5046=PRESENTATION_STYLE_ASSIGNMENT((#5267));
#5047=PRESENTATION_STYLE_ASSIGNMENT((#5268));
#5048=PRESENTATION_STYLE_ASSIGNMENT((#5269));
#5049=PRESENTATION_STYLE_ASSIGNMENT((#5270));
#5050=PRESENTATION_STYLE_ASSIGNMENT((#5271));
#5051=PRESENTATION_STYLE_ASSIGNMENT((#5272));
#5052=PRESENTATION_STYLE_ASSIGNMENT((#5273));
#5053=PRESENTATION_STYLE_ASSIGNMENT((#5274));
#5054=PRESENTATION_STYLE_ASSIGNMENT((#5275));
#5055=PRESENTATION_STYLE_ASSIGNMENT((#5276));
#5056=PRESENTATION_STYLE_ASSIGNMENT((#5277));
#5057=PRESENTATION_STYLE_ASSIGNMENT((#5278));
#5058=PRESENTATION_STYLE_ASSIGNMENT((#5279));
#5059=PRESENTATION_STYLE_ASSIGNMENT((#5280));
#5060=PRESENTATION_STYLE_ASSIGNMENT((#5281));
#5061=PRESENTATION_STYLE_ASSIGNMENT((#5282));
#5062=PRESENTATION_STYLE_ASSIGNMENT((#5283));
#5063=PRESENTATION_STYLE_ASSIGNMENT((#5284));
#5064=PRESENTATION_STYLE_ASSIGNMENT((#5285));
#5065=PRESENTATION_STYLE_ASSIGNMENT((#5286));
#5066=PRESENTATION_STYLE_ASSIGNMENT((#5287));
#5067=PRESENTATION_STYLE_ASSIGNMENT((#5288));
#5068=PRESENTATION_STYLE_ASSIGNMENT((#5289));
#5069=PRESENTATION_STYLE_ASSIGNMENT((#5290));
#5070=PRESENTATION_STYLE_ASSIGNMENT((#5291));
#5071=PRESENTATION_STYLE_ASSIGNMENT((#5292));
#5072=PRESENTATION_STYLE_ASSIGNMENT((#5293));
#5073=PRESENTATION_STYLE_ASSIGNMENT((#5294));
#5074=PRESENTATION_STYLE_ASSIGNMENT((#5295));
#5075=PRESENTATION_STYLE_ASSIGNMENT((#5296));
#5076=PRESENTATION_STYLE_ASSIGNMENT((#5297));
#5077=PRESENTATION_STYLE_ASSIGNMENT((#5298));
#5078=PRESENTATION_STYLE_ASSIGNMENT((#5299));
#5079=PRESENTATION_STYLE_ASSIGNMENT((#5300));
#5080=PRESENTATION_STYLE_ASSIGNMENT((#5301));
#5081=PRESENTATION_STYLE_ASSIGNMENT((#5302));
#5082=PRESENTATION_STYLE_ASSIGNMENT((#5303));
#5083=PRESENTATION_STYLE_ASSIGNMENT((#5304));
#5084=PRESENTATION_STYLE_ASSIGNMENT((#5305));
#5085=PRESENTATION_STYLE_ASSIGNMENT((#5306));
#5086=PRESENTATION_STYLE_ASSIGNMENT((#5307));
#5087=PRESENTATION_STYLE_ASSIGNMENT((#5308));
#5088=PRESENTATION_STYLE_ASSIGNMENT((#5309));
#5089=PRESENTATION_STYLE_ASSIGNMENT((#5310));
#5090=PRESENTATION_STYLE_ASSIGNMENT((#5311));
#5091=PRESENTATION_STYLE_ASSIGNMENT((#5312));
#5092=PRESENTATION_STYLE_ASSIGNMENT((#5313));
#5093=PRESENTATION_STYLE_ASSIGNMENT((#5314));
#5094=PRESENTATION_STYLE_ASSIGNMENT((#5315));
#5095=PRESENTATION_STYLE_ASSIGNMENT((#5316));
#5096=PRESENTATION_STYLE_ASSIGNMENT((#5317));
#5097=PRESENTATION_STYLE_ASSIGNMENT((#5318));
#5098=PRESENTATION_STYLE_ASSIGNMENT((#5319));
#5099=PRESENTATION_STYLE_ASSIGNMENT((#5320));
#5100=PRESENTATION_STYLE_ASSIGNMENT((#5321));
#5101=PRESENTATION_STYLE_ASSIGNMENT((#5322));
#5102=PRESENTATION_STYLE_ASSIGNMENT((#5323));
#5103=PRESENTATION_STYLE_ASSIGNMENT((#5324));
#5104=PRESENTATION_STYLE_ASSIGNMENT((#5325));
#5105=PRESENTATION_STYLE_ASSIGNMENT((#5326));
#5106=PRESENTATION_STYLE_ASSIGNMENT((#5327));
#5107=PRESENTATION_STYLE_ASSIGNMENT((#5328));
#5108=PRESENTATION_STYLE_ASSIGNMENT((#5329));
#5109=PRESENTATION_STYLE_ASSIGNMENT((#5330));
#5110=PRESENTATION_STYLE_ASSIGNMENT((#5331));
#5111=PRESENTATION_STYLE_ASSIGNMENT((#5332));
#5112=PRESENTATION_STYLE_ASSIGNMENT((#5333));
#5113=PRESENTATION_STYLE_ASSIGNMENT((#5334));
#5114=PRESENTATION_STYLE_ASSIGNMENT((#5335));
#5115=PRESENTATION_STYLE_ASSIGNMENT((#5336));
#5116=PRESENTATION_STYLE_ASSIGNMENT((#5337));
#5117=PRESENTATION_STYLE_ASSIGNMENT((#5338));
#5118=PRESENTATION_STYLE_ASSIGNMENT((#5339));
#5119=PRESENTATION_STYLE_ASSIGNMENT((#5340));
#5120=PRESENTATION_STYLE_ASSIGNMENT((#5341));
#5121=PRESENTATION_STYLE_ASSIGNMENT((#5342));
#5122=PRESENTATION_STYLE_ASSIGNMENT((#5343));
#5123=PRESENTATION_STYLE_ASSIGNMENT((#5344));
#5124=PRESENTATION_STYLE_ASSIGNMENT((#5345));
#5125=PRESENTATION_STYLE_ASSIGNMENT((#5346));
#5126=SURFACE_STYLE_USAGE(.BOTH.,#5347);
#5127=SURFACE_STYLE_USAGE(.BOTH.,#5348);
#5128=SURFACE_STYLE_USAGE(.BOTH.,#5349);
#5129=SURFACE_STYLE_USAGE(.BOTH.,#5350);
#5130=SURFACE_STYLE_USAGE(.BOTH.,#5351);
#5131=SURFACE_STYLE_USAGE(.BOTH.,#5352);
#5132=SURFACE_STYLE_USAGE(.BOTH.,#5353);
#5133=SURFACE_STYLE_USAGE(.BOTH.,#5354);
#5134=SURFACE_STYLE_USAGE(.BOTH.,#5355);
#5135=SURFACE_STYLE_USAGE(.BOTH.,#5356);
#5136=SURFACE_STYLE_USAGE(.BOTH.,#5357);
#5137=SURFACE_STYLE_USAGE(.BOTH.,#5358);
#5138=SURFACE_STYLE_USAGE(.BOTH.,#5359);
#5139=SURFACE_STYLE_USAGE(.BOTH.,#5360);
#5140=SURFACE_STYLE_USAGE(.BOTH.,#5361);
#5141=SURFACE_STYLE_USAGE(.BOTH.,#5362);
#5142=SURFACE_STYLE_USAGE(.BOTH.,#5363);
#5143=SURFACE_STYLE_USAGE(.BOTH.,#5364);
#5144=SURFACE_STYLE_USAGE(.BOTH.,#5365);
#5145=SURFACE_STYLE_USAGE(.BOTH.,#5366);
#5146=SURFACE_STYLE_USAGE(.BOTH.,#5367);
#5147=SURFACE_STYLE_USAGE(.BOTH.,#5368);
#5148=SURFACE_STYLE_USAGE(.BOTH.,#5369);
#5149=SURFACE_STYLE_USAGE(.BOTH.,#5370);
#5150=SURFACE_STYLE_USAGE(.BOTH.,#5371);
#5151=SURFACE_STYLE_USAGE(.BOTH.,#5372);
#5152=SURFACE_STYLE_USAGE(.BOTH.,#5373);
#5153=SURFACE_STYLE_USAGE(.BOTH.,#5374);
#5154=SURFACE_STYLE_USAGE(.BOTH.,#5375);
#5155=SURFACE_STYLE_USAGE(.BOTH.,#5376);
#5156=SURFACE_STYLE_USAGE(.BOTH.,#5377);
#5157=SURFACE_STYLE_USAGE(.BOTH.,#5378);
#5158=SURFACE_STYLE_USAGE(.BOTH.,#5379);
#5159=SURFACE_STYLE_USAGE(.BOTH.,#5380);
#5160=SURFACE_STYLE_USAGE(.BOTH.,#5381);
#5161=SURFACE_STYLE_USAGE(.BOTH.,#5382);
#5162=SURFACE_STYLE_USAGE(.BOTH.,#5383);
#5163=SURFACE_STYLE_USAGE(.BOTH.,#5384);
#5164=SURFACE_STYLE_USAGE(.BOTH.,#5385);
#5165=SURFACE_STYLE_USAGE(.BOTH.,#5386);
#5166=SURFACE_STYLE_USAGE(.BOTH.,#5387);
#5167=SURFACE_STYLE_USAGE(.BOTH.,#5388);
#5168=SURFACE_STYLE_USAGE(.BOTH.,#5389);
#5169=SURFACE_STYLE_USAGE(.BOTH.,#5390);
#5170=SURFACE_STYLE_USAGE(.BOTH.,#5391);
#5171=SURFACE_STYLE_USAGE(.BOTH.,#5392);
#5172=SURFACE_STYLE_USAGE(.BOTH.,#5393);
#5173=SURFACE_STYLE_USAGE(.BOTH.,#5394);
#5174=SURFACE_STYLE_USAGE(.BOTH.,#5395);
#5175=SURFACE_STYLE_USAGE(.BOTH.,#5396);
#5176=SURFACE_STYLE_USAGE(.BOTH.,#5397);
#5177=SURFACE_STYLE_USAGE(.BOTH.,#5398);
#5178=SURFACE_STYLE_USAGE(.BOTH.,#5399);
#5179=SURFACE_STYLE_USAGE(.BOTH.,#5400);
#5180=SURFACE_STYLE_USAGE(.BOTH.,#5401);
#5181=SURFACE_STYLE_USAGE(.BOTH.,#5402);
#5182=SURFACE_STYLE_USAGE(.BOTH.,#5403);
#5183=SURFACE_STYLE_USAGE(.BOTH.,#5404);
#5184=SURFACE_STYLE_USAGE(.BOTH.,#5405);
#5185=SURFACE_STYLE_USAGE(.BOTH.,#5406);
#5186=SURFACE_STYLE_USAGE(.BOTH.,#5407);
#5187=SURFACE_STYLE_USAGE(.BOTH.,#5408);
#5188=SURFACE_STYLE_USAGE(.BOTH.,#5409);
#5189=SURFACE_STYLE_USAGE(.BOTH.,#5410);
#5190=SURFACE_STYLE_USAGE(.BOTH.,#5411);
#5191=SURFACE_STYLE_USAGE(.BOTH.,#5412);
#5192=SURFACE_STYLE_USAGE(.BOTH.,#5413);
#5193=SURFACE_STYLE_USAGE(.BOTH.,#5414);
#5194=SURFACE_STYLE_USAGE(.BOTH.,#5415);
#5195=SURFACE_STYLE_USAGE(.BOTH.,#5416);
#5196=SURFACE_STYLE_USAGE(.BOTH.,#5417);
#5197=SURFACE_STYLE_USAGE(.BOTH.,#5418);
#5198=SURFACE_STYLE_USAGE(.BOTH.,#5419);
#5199=SURFACE_STYLE_USAGE(.BOTH.,#5420);
#5200=SURFACE_STYLE_USAGE(.BOTH.,#5421);
#5201=SURFACE_STYLE_USAGE(.BOTH.,#5422);
#5202=SURFACE_STYLE_USAGE(.BOTH.,#5423);
#5203=SURFACE_STYLE_USAGE(.BOTH.,#5424);
#5204=SURFACE_STYLE_USAGE(.BOTH.,#5425);
#5205=SURFACE_STYLE_USAGE(.BOTH.,#5426);
#5206=SURFACE_STYLE_USAGE(.BOTH.,#5427);
#5207=SURFACE_STYLE_USAGE(.BOTH.,#5428);
#5208=SURFACE_STYLE_USAGE(.BOTH.,#5429);
#5209=SURFACE_STYLE_USAGE(.BOTH.,#5430);
#5210=SURFACE_STYLE_USAGE(.BOTH.,#5431);
#5211=SURFACE_STYLE_USAGE(.BOTH.,#5432);
#5212=SURFACE_STYLE_USAGE(.BOTH.,#5433);
#5213=SURFACE_STYLE_USAGE(.BOTH.,#5434);
#5214=SURFACE_STYLE_USAGE(.BOTH.,#5435);
#5215=SURFACE_STYLE_USAGE(.BOTH.,#5436);
#5216=SURFACE_STYLE_USAGE(.BOTH.,#5437);
#5217=SURFACE_STYLE_USAGE(.BOTH.,#5438);
#5218=SURFACE_STYLE_USAGE(.BOTH.,#5439);
#5219=SURFACE_STYLE_USAGE(.BOTH.,#5440);
#5220=SURFACE_STYLE_USAGE(.BOTH.,#5441);
#5221=SURFACE_STYLE_USAGE(.BOTH.,#5442);
#5222=SURFACE_STYLE_USAGE(.BOTH.,#5443);
#5223=SURFACE_STYLE_USAGE(.BOTH.,#5444);
#5224=SURFACE_STYLE_USAGE(.BOTH.,#5445);
#5225=SURFACE_STYLE_USAGE(.BOTH.,#5446);
#5226=SURFACE_STYLE_USAGE(.BOTH.,#5447);
#5227=SURFACE_STYLE_USAGE(.BOTH.,#5448);
#5228=SURFACE_STYLE_USAGE(.BOTH.,#5449);
#5229=SURFACE_STYLE_USAGE(.BOTH.,#5450);
#5230=SURFACE_STYLE_USAGE(.BOTH.,#5451);
#5231=SURFACE_STYLE_USAGE(.BOTH.,#5452);
#5232=SURFACE_STYLE_USAGE(.BOTH.,#5453);
#5233=SURFACE_STYLE_USAGE(.BOTH.,#5454);
#5234=SURFACE_STYLE_USAGE(.BOTH.,#5455);
#5235=SURFACE_STYLE_USAGE(.BOTH.,#5456);
#5236=SURFACE_STYLE_USAGE(.BOTH.,#5457);
#5237=SURFACE_STYLE_USAGE(.BOTH.,#5458);
#5238=SURFACE_STYLE_USAGE(.BOTH.,#5459);
#5239=SURFACE_STYLE_USAGE(.BOTH.,#5460);
#5240=SURFACE_STYLE_USAGE(.BOTH.,#5461);
#5241=SURFACE_STYLE_USAGE(.BOTH.,#5462);
#5242=SURFACE_STYLE_USAGE(.BOTH.,#5463);
#5243=SURFACE_STYLE_USAGE(.BOTH.,#5464);
#5244=SURFACE_STYLE_USAGE(.BOTH.,#5465);
#5245=SURFACE_STYLE_USAGE(.BOTH.,#5466);
#5246=SURFACE_STYLE_USAGE(.BOTH.,#5467);
#5247=SURFACE_STYLE_USAGE(.BOTH.,#5468);
#5248=SURFACE_STYLE_USAGE(.BOTH.,#5469);
#5249=SURFACE_STYLE_USAGE(.BOTH.,#5470);
#5250=SURFACE_STYLE_USAGE(.BOTH.,#5471);
#5251=SURFACE_STYLE_USAGE(.BOTH.,#5472);
#5252=SURFACE_STYLE_USAGE(.BOTH.,#5473);
#5253=SURFACE_STYLE_USAGE(.BOTH.,#5474);
#5254=SURFACE_STYLE_USAGE(.BOTH.,#5475);
#5255=SURFACE_STYLE_USAGE(.BOTH.,#5476);
#5256=SURFACE_STYLE_USAGE(.BOTH.,#5477);
#5257=SURFACE_STYLE_USAGE(.BOTH.,#5478);
#5258=SURFACE_STYLE_USAGE(.BOTH.,#5479);
#5259=SURFACE_STYLE_USAGE(.BOTH.,#5480);
#5260=SURFACE_STYLE_USAGE(.BOTH.,#5481);
#5261=SURFACE_STYLE_USAGE(.BOTH.,#5482);
#5262=SURFACE_STYLE_USAGE(.BOTH.,#5483);
#5263=SURFACE_STYLE_USAGE(.BOTH.,#5484);
#5264=SURFACE_STYLE_USAGE(.BOTH.,#5485);
#5265=SURFACE_STYLE_USAGE(.BOTH.,#5486);
#5266=SURFACE_STYLE_USAGE(.BOTH.,#5487);
#5267=SURFACE_STYLE_USAGE(.BOTH.,#5488);
#5268=SURFACE_STYLE_USAGE(.BOTH.,#5489);
#5269=SURFACE_STYLE_USAGE(.BOTH.,#5490);
#5270=SURFACE_STYLE_USAGE(.BOTH.,#5491);
#5271=SURFACE_STYLE_USAGE(.BOTH.,#5492);
#5272=SURFACE_STYLE_USAGE(.BOTH.,#5493);
#5273=SURFACE_STYLE_USAGE(.BOTH.,#5494);
#5274=SURFACE_STYLE_USAGE(.BOTH.,#5495);
#5275=SURFACE_STYLE_USAGE(.BOTH.,#5496);
#5276=SURFACE_STYLE_USAGE(.BOTH.,#5497);
#5277=SURFACE_STYLE_USAGE(.BOTH.,#5498);
#5278=SURFACE_STYLE_USAGE(.BOTH.,#5499);
#5279=SURFACE_STYLE_USAGE(.BOTH.,#5500);
#5280=SURFACE_STYLE_USAGE(.BOTH.,#5501);
#5281=SURFACE_STYLE_USAGE(.BOTH.,#5502);
#5282=SURFACE_STYLE_USAGE(.BOTH.,#5503);
#5283=SURFACE_STYLE_USAGE(.BOTH.,#5504);
#5284=SURFACE_STYLE_USAGE(.BOTH.,#5505);
#5285=SURFACE_STYLE_USAGE(.BOTH.,#5506);
#5286=SURFACE_STYLE_USAGE(.BOTH.,#5507);
#5287=SURFACE_STYLE_USAGE(.BOTH.,#5508);
#5288=SURFACE_STYLE_USAGE(.BOTH.,#5509);
#5289=SURFACE_STYLE_USAGE(.BOTH.,#5510);
#5290=SURFACE_STYLE_USAGE(.BOTH.,#5511);
#5291=SURFACE_STYLE_USAGE(.BOTH.,#5512);
#5292=SURFACE_STYLE_USAGE(.BOTH.,#5513);
#5293=SURFACE_STYLE_USAGE(.BOTH.,#5514);
#5294=SURFACE_STYLE_USAGE(.BOTH.,#5515);
#5295=SURFACE_STYLE_USAGE(.BOTH.,#5516);
#5296=SURFACE_STYLE_USAGE(.BOTH.,#5517);
#5297=SURFACE_STYLE_USAGE(.BOTH.,#5518);
#5298=SURFACE_STYLE_USAGE(.BOTH.,#5519);
#5299=SURFACE_STYLE_USAGE(.BOTH.,#5520);
#5300=SURFACE_STYLE_USAGE(.BOTH.,#5521);
#5301=SURFACE_STYLE_USAGE(.BOTH.,#5522);
#5302=SURFACE_STYLE_USAGE(.BOTH.,#5523);
#5303=SURFACE_STYLE_USAGE(.BOTH.,#5524);
#5304=SURFACE_STYLE_USAGE(.BOTH.,#5525);
#5305=SURFACE_STYLE_USAGE(.BOTH.,#5526);
#5306=SURFACE_STYLE_USAGE(.BOTH.,#5527);
#5307=SURFACE_STYLE_USAGE(.BOTH.,#5528);
#5308=SURFACE_STYLE_USAGE(.BOTH.,#5529);
#5309=SURFACE_STYLE_USAGE(.BOTH.,#5530);
#5310=SURFACE_STYLE_USAGE(.BOTH.,#5531);
#5311=SURFACE_STYLE_USAGE(.BOTH.,#5532);
#5312=SURFACE_STYLE_USAGE(.BOTH.,#5533);
#5313=SURFACE_STYLE_USAGE(.BOTH.,#5534);
#5314=SURFACE_STYLE_USAGE(.BOTH.,#5535);
#5315=SURFACE_STYLE_USAGE(.BOTH.,#5536);
#5316=SURFACE_STYLE_USAGE(.BOTH.,#5537);
#5317=SURFACE_STYLE_USAGE(.BOTH.,#5538);
#5318=SURFACE_STYLE_USAGE(.BOTH.,#5539);
#5319=SURFACE_STYLE_USAGE(.BOTH.,#5540);
#5320=SURFACE_STYLE_USAGE(.BOTH.,#5541);
#5321=SURFACE_STYLE_USAGE(.BOTH.,#5542);
#5322=SURFACE_STYLE_USAGE(.BOTH.,#5543);
#5323=SURFACE_STYLE_USAGE(.BOTH.,#5544);
#5324=SURFACE_STYLE_USAGE(.BOTH.,#5545);
#5325=SURFACE_STYLE_USAGE(.BOTH.,#5546);
#5326=SURFACE_STYLE_USAGE(.BOTH.,#5547);
#5327=SURFACE_STYLE_USAGE(.BOTH.,#5548);
#5328=SURFACE_STYLE_USAGE(.BOTH.,#5549);
#5329=SURFACE_STYLE_USAGE(.BOTH.,#5550);
#5330=SURFACE_STYLE_USAGE(.BOTH.,#5551);
#5331=SURFACE_STYLE_USAGE(.BOTH.,#5552);
#5332=SURFACE_STYLE_USAGE(.BOTH.,#5553);
#5333=SURFACE_STYLE_USAGE(.BOTH.,#5554);
#5334=SURFACE_STYLE_USAGE(.BOTH.,#5555);
#5335=SURFACE_STYLE_USAGE(.BOTH.,#5556);
#5336=SURFACE_STYLE_USAGE(.BOTH.,#5557);
#5337=SURFACE_STYLE_USAGE(.BOTH.,#5558);
#5338=SURFACE_STYLE_USAGE(.BOTH.,#5559);
#5339=SURFACE_STYLE_USAGE(.BOTH.,#5560);
#5340=SURFACE_STYLE_USAGE(.BOTH.,#5561);
#5341=SURFACE_STYLE_USAGE(.BOTH.,#5562);
#5342=SURFACE_STYLE_USAGE(.BOTH.,#5563);
#5343=SURFACE_STYLE_USAGE(.BOTH.,#5564);
#5344=SURFACE_STYLE_USAGE(.BOTH.,#5565);
#5345=SURFACE_STYLE_USAGE(.BOTH.,#5566);
#5346=SURFACE_STYLE_USAGE(.BOTH.,#5567);
#5347=SURFACE_SIDE_STYLE('',(#5568));
#5348=SURFACE_SIDE_STYLE('',(#5569));
#5349=SURFACE_SIDE_STYLE('',(#5570));
#5350=SURFACE_SIDE_STYLE('',(#5571));
#5351=SURFACE_SIDE_STYLE('',(#5572));
#5352=SURFACE_SIDE_STYLE('',(#5573));
#5353=SURFACE_SIDE_STYLE('',(#5574));
#5354=SURFACE_SIDE_STYLE('',(#5575));
#5355=SURFACE_SIDE_STYLE('',(#5576));
#5356=SURFACE_SIDE_STYLE('',(#5577));
#5357=SURFACE_SIDE_STYLE('',(#5578));
#5358=SURFACE_SIDE_STYLE('',(#5579));
#5359=SURFACE_SIDE_STYLE('',(#5580));
#5360=SURFACE_SIDE_STYLE('',(#5581));
#5361=SURFACE_SIDE_STYLE('',(#5582));
#5362=SURFACE_SIDE_STYLE('',(#5583));
#5363=SURFACE_SIDE_STYLE('',(#5584));
#5364=SURFACE_SIDE_STYLE('',(#5585));
#5365=SURFACE_SIDE_STYLE('',(#5586));
#5366=SURFACE_SIDE_STYLE('',(#5587));
#5367=SURFACE_SIDE_STYLE('',(#5588));
#5368=SURFACE_SIDE_STYLE('',(#5589));
#5369=SURFACE_SIDE_STYLE('',(#5590));
#5370=SURFACE_SIDE_STYLE('',(#5591));
#5371=SURFACE_SIDE_STYLE('',(#5592));
#5372=SURFACE_SIDE_STYLE('',(#5593));
#5373=SURFACE_SIDE_STYLE('',(#5594));
#5374=SURFACE_SIDE_STYLE('',(#5595));
#5375=SURFACE_SIDE_STYLE('',(#5596));
#5376=SURFACE_SIDE_STYLE('',(#5597));
#5377=SURFACE_SIDE_STYLE('',(#5598));
#5378=SURFACE_SIDE_STYLE('',(#5599));
#5379=SURFACE_SIDE_STYLE('',(#5600));
#5380=SURFACE_SIDE_STYLE('',(#5601));
#5381=SURFACE_SIDE_STYLE('',(#5602));
#5382=SURFACE_SIDE_STYLE('',(#5603));
#5383=SURFACE_SIDE_STYLE('',(#5604));
#5384=SURFACE_SIDE_STYLE('',(#5605));
#5385=SURFACE_SIDE_STYLE('',(#5606));
#5386=SURFACE_SIDE_STYLE('',(#5607));
#5387=SURFACE_SIDE_STYLE('',(#5608));
#5388=SURFACE_SIDE_STYLE('',(#5609));
#5389=SURFACE_SIDE_STYLE('',(#5610));
#5390=SURFACE_SIDE_STYLE('',(#5611));
#5391=SURFACE_SIDE_STYLE('',(#5612));
#5392=SURFACE_SIDE_STYLE('',(#5613));
#5393=SURFACE_SIDE_STYLE('',(#5614));
#5394=SURFACE_SIDE_STYLE('',(#5615));
#5395=SURFACE_SIDE_STYLE('',(#5616));
#5396=SURFACE_SIDE_STYLE('',(#5617));
#5397=SURFACE_SIDE_STYLE('',(#5618));
#5398=SURFACE_SIDE_STYLE('',(#5619));
#5399=SURFACE_SIDE_STYLE('',(#5620));
#5400=SURFACE_SIDE_STYLE('',(#5621));
#5401=SURFACE_SIDE_STYLE('',(#5622));
#5402=SURFACE_SIDE_STYLE('',(#5623));
#5403=SURFACE_SIDE_STYLE('',(#5624));
#5404=SURFACE_SIDE_STYLE('',(#5625));
#5405=SURFACE_SIDE_STYLE('',(#5626));
#5406=SURFACE_SIDE_STYLE('',(#5627));
#5407=SURFACE_SIDE_STYLE('',(#5628));
#5408=SURFACE_SIDE_STYLE('',(#5629));
#5409=SURFACE_SIDE_STYLE('',(#5630));
#5410=SURFACE_SIDE_STYLE('',(#5631));
#5411=SURFACE_SIDE_STYLE('',(#5632));
#5412=SURFACE_SIDE_STYLE('',(#5633));
#5413=SURFACE_SIDE_STYLE('',(#5634));
#5414=SURFACE_SIDE_STYLE('',(#5635));
#5415=SURFACE_SIDE_STYLE('',(#5636));
#5416=SURFACE_SIDE_STYLE('',(#5637));
#5417=SURFACE_SIDE_STYLE('',(#5638));
#5418=SURFACE_SIDE_STYLE('',(#5639));
#5419=SURFACE_SIDE_STYLE('',(#5640));
#5420=SURFACE_SIDE_STYLE('',(#5641));
#5421=SURFACE_SIDE_STYLE('',(#5642));
#5422=SURFACE_SIDE_STYLE('',(#5643));
#5423=SURFACE_SIDE_STYLE('',(#5644));
#5424=SURFACE_SIDE_STYLE('',(#5645));
#5425=SURFACE_SIDE_STYLE('',(#5646));
#5426=SURFACE_SIDE_STYLE('',(#5647));
#5427=SURFACE_SIDE_STYLE('',(#5648));
#5428=SURFACE_SIDE_STYLE('',(#5649));
#5429=SURFACE_SIDE_STYLE('',(#5650));
#5430=SURFACE_SIDE_STYLE('',(#5651));
#5431=SURFACE_SIDE_STYLE('',(#5652));
#5432=SURFACE_SIDE_STYLE('',(#5653));
#5433=SURFACE_SIDE_STYLE('',(#5654));
#5434=SURFACE_SIDE_STYLE('',(#5655));
#5435=SURFACE_SIDE_STYLE('',(#5656));
#5436=SURFACE_SIDE_STYLE('',(#5657));
#5437=SURFACE_SIDE_STYLE('',(#5658));
#5438=SURFACE_SIDE_STYLE('',(#5659));
#5439=SURFACE_SIDE_STYLE('',(#5660));
#5440=SURFACE_SIDE_STYLE('',(#5661));
#5441=SURFACE_SIDE_STYLE('',(#5662));
#5442=SURFACE_SIDE_STYLE('',(#5663));
#5443=SURFACE_SIDE_STYLE('',(#5664));
#5444=SURFACE_SIDE_STYLE('',(#5665));
#5445=SURFACE_SIDE_STYLE('',(#5666));
#5446=SURFACE_SIDE_STYLE('',(#5667));
#5447=SURFACE_SIDE_STYLE('',(#5668));
#5448=SURFACE_SIDE_STYLE('',(#5669));
#5449=SURFACE_SIDE_STYLE('',(#5670));
#5450=SURFACE_SIDE_STYLE('',(#5671));
#5451=SURFACE_SIDE_STYLE('',(#5672));
#5452=SURFACE_SIDE_STYLE('',(#5673));
#5453=SURFACE_SIDE_STYLE('',(#5674));
#5454=SURFACE_SIDE_STYLE('',(#5675));
#5455=SURFACE_SIDE_STYLE('',(#5676));
#5456=SURFACE_SIDE_STYLE('',(#5677));
#5457=SURFACE_SIDE_STYLE('',(#5678));
#5458=SURFACE_SIDE_STYLE('',(#5679));
#5459=SURFACE_SIDE_STYLE('',(#5680));
#5460=SURFACE_SIDE_STYLE('',(#5681));
#5461=SURFACE_SIDE_STYLE('',(#5682));
#5462=SURFACE_SIDE_STYLE('',(#5683));
#5463=SURFACE_SIDE_STYLE('',(#5684));
#5464=SURFACE_SIDE_STYLE('',(#5685));
#5465=SURFACE_SIDE_STYLE('',(#5686));
#5466=SURFACE_SIDE_STYLE('',(#5687));
#5467=SURFACE_SIDE_STYLE('',(#5688));
#5468=SURFACE_SIDE_STYLE('',(#5689));
#5469=SURFACE_SIDE_STYLE('',(#5690));
#5470=SURFACE_SIDE_STYLE('',(#5691));
#5471=SURFACE_SIDE_STYLE('',(#5692));
#5472=SURFACE_SIDE_STYLE('',(#5693));
#5473=SURFACE_SIDE_STYLE('',(#5694));
#5474=SURFACE_SIDE_STYLE('',(#5695));
#5475=SURFACE_SIDE_STYLE('',(#5696));
#5476=SURFACE_SIDE_STYLE('',(#5697));
#5477=SURFACE_SIDE_STYLE('',(#5698));
#5478=SURFACE_SIDE_STYLE('',(#5699));
#5479=SURFACE_SIDE_STYLE('',(#5700));
#5480=SURFACE_SIDE_STYLE('',(#5701));
#5481=SURFACE_SIDE_STYLE('',(#5702));
#5482=SURFACE_SIDE_STYLE('',(#5703));
#5483=SURFACE_SIDE_STYLE('',(#5704));
#5484=SURFACE_SIDE_STYLE('',(#5705));
#5485=SURFACE_SIDE_STYLE('',(#5706));
#5486=SURFACE_SIDE_STYLE('',(#5707));
#5487=SURFACE_SIDE_STYLE('',(#5708));
#5488=SURFACE_SIDE_STYLE('',(#5709));
#5489=SURFACE_SIDE_STYLE('',(#5710));
#5490=SURFACE_SIDE_STYLE('',(#5711));
#5491=SURFACE_SIDE_STYLE('',(#5712));
#5492=SURFACE_SIDE_STYLE('',(#5713));
#5493=SURFACE_SIDE_STYLE('',(#5714));
#5494=SURFACE_SIDE_STYLE('',(#5715));
#5495=SURFACE_SIDE_STYLE('',(#5716));
#5496=SURFACE_SIDE_STYLE('',(#5717));
#5497=SURFACE_SIDE_STYLE('',(#5718));
#5498=SURFACE_SIDE_STYLE('',(#5719));
#5499=SURFACE_SIDE_STYLE('',(#5720));
#5500=SURFACE_SIDE_STYLE('',(#5721));
#5501=SURFACE_SIDE_STYLE('',(#5722));
#5502=SURFACE_SIDE_STYLE('',(#5723));
#5503=SURFACE_SIDE_STYLE('',(#5724));
#5504=SURFACE_SIDE_STYLE('',(#5725));
#5505=SURFACE_SIDE_STYLE('',(#5726));
#5506=SURFACE_SIDE_STYLE('',(#5727));
#5507=SURFACE_SIDE_STYLE('',(#5728));
#5508=SURFACE_SIDE_STYLE('',(#5729));
#5509=SURFACE_SIDE_STYLE('',(#5730));
#5510=SURFACE_SIDE_STYLE('',(#5731));
#5511=SURFACE_SIDE_STYLE('',(#5732));
#5512=SURFACE_SIDE_STYLE('',(#5733));
#5513=SURFACE_SIDE_STYLE('',(#5734));
#5514=SURFACE_SIDE_STYLE('',(#5735));
#5515=SURFACE_SIDE_STYLE('',(#5736));
#5516=SURFACE_SIDE_STYLE('',(#5737));
#5517=SURFACE_SIDE_STYLE('',(#5738));
#5518=SURFACE_SIDE_STYLE('',(#5739));
#5519=SURFACE_SIDE_STYLE('',(#5740));
#5520=SURFACE_SIDE_STYLE('',(#5741));
#5521=SURFACE_SIDE_STYLE('',(#5742));
#5522=SURFACE_SIDE_STYLE('',(#5743));
#5523=SURFACE_SIDE_STYLE('',(#5744));
#5524=SURFACE_SIDE_STYLE('',(#5745));
#5525=SURFACE_SIDE_STYLE('',(#5746));
#5526=SURFACE_SIDE_STYLE('',(#5747));
#5527=SURFACE_SIDE_STYLE('',(#5748));
#5528=SURFACE_SIDE_STYLE('',(#5749));
#5529=SURFACE_SIDE_STYLE('',(#5750));
#5530=SURFACE_SIDE_STYLE('',(#5751));
#5531=SURFACE_SIDE_STYLE('',(#5752));
#5532=SURFACE_SIDE_STYLE('',(#5753));
#5533=SURFACE_SIDE_STYLE('',(#5754));
#5534=SURFACE_SIDE_STYLE('',(#5755));
#5535=SURFACE_SIDE_STYLE('',(#5756));
#5536=SURFACE_SIDE_STYLE('',(#5757));
#5537=SURFACE_SIDE_STYLE('',(#5758));
#5538=SURFACE_SIDE_STYLE('',(#5759));
#5539=SURFACE_SIDE_STYLE('',(#5760));
#5540=SURFACE_SIDE_STYLE('',(#5761));
#5541=SURFACE_SIDE_STYLE('',(#5762));
#5542=SURFACE_SIDE_STYLE('',(#5763));
#5543=SURFACE_SIDE_STYLE('',(#5764));
#5544=SURFACE_SIDE_STYLE('',(#5765));
#5545=SURFACE_SIDE_STYLE('',(#5766));
#5546=SURFACE_SIDE_STYLE('',(#5767));
#5547=SURFACE_SIDE_STYLE('',(#5768));
#5548=SURFACE_SIDE_STYLE('',(#5769));
#5549=SURFACE_SIDE_STYLE('',(#5770));
#5550=SURFACE_SIDE_STYLE('',(#5771));
#5551=SURFACE_SIDE_STYLE('',(#5772));
#5552=SURFACE_SIDE_STYLE('',(#5773));
#5553=SURFACE_SIDE_STYLE('',(#5774));
#5554=SURFACE_SIDE_STYLE('',(#5775));
#5555=SURFACE_SIDE_STYLE('',(#5776));
#5556=SURFACE_SIDE_STYLE('',(#5777));
#5557=SURFACE_SIDE_STYLE('',(#5778));
#5558=SURFACE_SIDE_STYLE('',(#5779));
#5559=SURFACE_SIDE_STYLE('',(#5780));
#5560=SURFACE_SIDE_STYLE('',(#5781));
#5561=SURFACE_SIDE_STYLE('',(#5782));
#5562=SURFACE_SIDE_STYLE('',(#5783));
#5563=SURFACE_SIDE_STYLE('',(#5784));
#5564=SURFACE_SIDE_STYLE('',(#5785));
#5565=SURFACE_SIDE_STYLE('',(#5786));
#5566=SURFACE_SIDE_STYLE('',(#5787));
#5567=SURFACE_SIDE_STYLE('',(#5788));
#5568=SURFACE_STYLE_FILL_AREA(#5789);
#5569=SURFACE_STYLE_FILL_AREA(#5790);
#5570=SURFACE_STYLE_FILL_AREA(#5791);
#5571=SURFACE_STYLE_FILL_AREA(#5792);
#5572=SURFACE_STYLE_FILL_AREA(#5793);
#5573=SURFACE_STYLE_FILL_AREA(#5794);
#5574=SURFACE_STYLE_FILL_AREA(#5795);
#5575=SURFACE_STYLE_FILL_AREA(#5796);
#5576=SURFACE_STYLE_FILL_AREA(#5797);
#5577=SURFACE_STYLE_FILL_AREA(#5798);
#5578=SURFACE_STYLE_FILL_AREA(#5799);
#5579=SURFACE_STYLE_FILL_AREA(#5800);
#5580=SURFACE_STYLE_FILL_AREA(#5801);
#5581=SURFACE_STYLE_FILL_AREA(#5802);
#5582=SURFACE_STYLE_FILL_AREA(#5803);
#5583=SURFACE_STYLE_FILL_AREA(#5804);
#5584=SURFACE_STYLE_FILL_AREA(#5805);
#5585=SURFACE_STYLE_FILL_AREA(#5806);
#5586=SURFACE_STYLE_FILL_AREA(#5807);
#5587=SURFACE_STYLE_FILL_AREA(#5808);
#5588=SURFACE_STYLE_FILL_AREA(#5809);
#5589=SURFACE_STYLE_FILL_AREA(#5810);
#5590=SURFACE_STYLE_FILL_AREA(#5811);
#5591=SURFACE_STYLE_FILL_AREA(#5812);
#5592=SURFACE_STYLE_FILL_AREA(#5813);
#5593=SURFACE_STYLE_FILL_AREA(#5814);
#5594=SURFACE_STYLE_FILL_AREA(#5815);
#5595=SURFACE_STYLE_FILL_AREA(#5816);
#5596=SURFACE_STYLE_FILL_AREA(#5817);
#5597=SURFACE_STYLE_FILL_AREA(#5818);
#5598=SURFACE_STYLE_FILL_AREA(#5819);
#5599=SURFACE_STYLE_FILL_AREA(#5820);
#5600=SURFACE_STYLE_FILL_AREA(#5821);
#5601=SURFACE_STYLE_FILL_AREA(#5822);
#5602=SURFACE_STYLE_FILL_AREA(#5823);
#5603=SURFACE_STYLE_FILL_AREA(#5824);
#5604=SURFACE_STYLE_FILL_AREA(#5825);
#5605=SURFACE_STYLE_FILL_AREA(#5826);
#5606=SURFACE_STYLE_FILL_AREA(#5827);
#5607=SURFACE_STYLE_FILL_AREA(#5828);
#5608=SURFACE_STYLE_FILL_AREA(#5829);
#5609=SURFACE_STYLE_FILL_AREA(#5830);
#5610=SURFACE_STYLE_FILL_AREA(#5831);
#5611=SURFACE_STYLE_FILL_AREA(#5832);
#5612=SURFACE_STYLE_FILL_AREA(#5833);
#5613=SURFACE_STYLE_FILL_AREA(#5834);
#5614=SURFACE_STYLE_FILL_AREA(#5835);
#5615=SURFACE_STYLE_FILL_AREA(#5836);
#5616=SURFACE_STYLE_FILL_AREA(#5837);
#5617=SURFACE_STYLE_FILL_AREA(#5838);
#5618=SURFACE_STYLE_FILL_AREA(#5839);
#5619=SURFACE_STYLE_FILL_AREA(#5840);
#5620=SURFACE_STYLE_FILL_AREA(#5841);
#5621=SURFACE_STYLE_FILL_AREA(#5842);
#5622=SURFACE_STYLE_FILL_AREA(#5843);
#5623=SURFACE_STYLE_FILL_AREA(#5844);
#5624=SURFACE_STYLE_FILL_AREA(#5845);
#5625=SURFACE_STYLE_FILL_AREA(#5846);
#5626=SURFACE_STYLE_FILL_AREA(#5847);
#5627=SURFACE_STYLE_FILL_AREA(#5848);
#5628=SURFACE_STYLE_FILL_AREA(#5849);
#5629=SURFACE_STYLE_FILL_AREA(#5850);
#5630=SURFACE_STYLE_FILL_AREA(#5851);
#5631=SURFACE_STYLE_FILL_AREA(#5852);
#5632=SURFACE_STYLE_FILL_AREA(#5853);
#5633=SURFACE_STYLE_FILL_AREA(#5854);
#5634=SURFACE_STYLE_FILL_AREA(#5855);
#5635=SURFACE_STYLE_FILL_AREA(#5856);
#5636=SURFACE_STYLE_FILL_AREA(#5857);
#5637=SURFACE_STYLE_FILL_AREA(#5858);
#5638=SURFACE_STYLE_FILL_AREA(#5859);
#5639=SURFACE_STYLE_FILL_AREA(#5860);
#5640=SURFACE_STYLE_FILL_AREA(#5861);
#5641=SURFACE_STYLE_FILL_AREA(#5862);
#5642=SURFACE_STYLE_FILL_AREA(#5863);
#5643=SURFACE_STYLE_FILL_AREA(#5864);
#5644=SURFACE_STYLE_FILL_AREA(#5865);
#5645=SURFACE_STYLE_FILL_AREA(#5866);
#5646=SURFACE_STYLE_FILL_AREA(#5867);
#5647=SURFACE_STYLE_FILL_AREA(#5868);
#5648=SURFACE_STYLE_FILL_AREA(#5869);
#5649=SURFACE_STYLE_FILL_AREA(#5870);
#5650=SURFACE_STYLE_FILL_AREA(#5871);
#5651=SURFACE_STYLE_FILL_AREA(#5872);
#5652=SURFACE_STYLE_FILL_AREA(#5873);
#5653=SURFACE_STYLE_FILL_AREA(#5874);
#5654=SURFACE_STYLE_FILL_AREA(#5875);
#5655=SURFACE_STYLE_FILL_AREA(#5876);
#5656=SURFACE_STYLE_FILL_AREA(#5877);
#5657=SURFACE_STYLE_FILL_AREA(#5878);
#5658=SURFACE_STYLE_FILL_AREA(#5879);
#5659=SURFACE_STYLE_FILL_AREA(#5880);
#5660=SURFACE_STYLE_FILL_AREA(#5881);
#5661=SURFACE_STYLE_FILL_AREA(#5882);
#5662=SURFACE_STYLE_FILL_AREA(#5883);
#5663=SURFACE_STYLE_FILL_AREA(#5884);
#5664=SURFACE_STYLE_FILL_AREA(#5885);
#5665=SURFACE_STYLE_FILL_AREA(#5886);
#5666=SURFACE_STYLE_FILL_AREA(#5887);
#5667=SURFACE_STYLE_FILL_AREA(#5888);
#5668=SURFACE_STYLE_FILL_AREA(#5889);
#5669=SURFACE_STYLE_FILL_AREA(#5890);
#5670=SURFACE_STYLE_FILL_AREA(#5891);
#5671=SURFACE_STYLE_FILL_AREA(#5892);
#5672=SURFACE_STYLE_FILL_AREA(#5893);
#5673=SURFACE_STYLE_FILL_AREA(#5894);
#5674=SURFACE_STYLE_FILL_AREA(#5895);
#5675=SURFACE_STYLE_FILL_AREA(#5896);
#5676=SURFACE_STYLE_FILL_AREA(#5897);
#5677=SURFACE_STYLE_FILL_AREA(#5898);
#5678=SURFACE_STYLE_FILL_AREA(#5899);
#5679=SURFACE_STYLE_FILL_AREA(#5900);
#5680=SURFACE_STYLE_FILL_AREA(#5901);
#5681=SURFACE_STYLE_FILL_AREA(#5902);
#5682=SURFACE_STYLE_FILL_AREA(#5903);
#5683=SURFACE_STYLE_FILL_AREA(#5904);
#5684=SURFACE_STYLE_FILL_AREA(#5905);
#5685=SURFACE_STYLE_FILL_AREA(#5906);
#5686=SURFACE_STYLE_FILL_AREA(#5907);
#5687=SURFACE_STYLE_FILL_AREA(#5908);
#5688=SURFACE_STYLE_FILL_AREA(#5909);
#5689=SURFACE_STYLE_FILL_AREA(#5910);
#5690=SURFACE_STYLE_FILL_AREA(#5911);
#5691=SURFACE_STYLE_FILL_AREA(#5912);
#5692=SURFACE_STYLE_FILL_AREA(#5913);
#5693=SURFACE_STYLE_FILL_AREA(#5914);
#5694=SURFACE_STYLE_FILL_AREA(#5915);
#5695=SURFACE_STYLE_FILL_AREA(#5916);
#5696=SURFACE_STYLE_FILL_AREA(#5917);
#5697=SURFACE_STYLE_FILL_AREA(#5918);
#5698=SURFACE_STYLE_FILL_AREA(#5919);
#5699=SURFACE_STYLE_FILL_AREA(#5920);
#5700=SURFACE_STYLE_FILL_AREA(#5921);
#5701=SURFACE_STYLE_FILL_AREA(#5922);
#5702=SURFACE_STYLE_FILL_AREA(#5923);
#5703=SURFACE_STYLE_FILL_AREA(#5924);
#5704=SURFACE_STYLE_FILL_AREA(#5925);
#5705=SURFACE_STYLE_FILL_AREA(#5926);
#5706=SURFACE_STYLE_FILL_AREA(#5927);
#5707=SURFACE_STYLE_FILL_AREA(#5928);
#5708=SURFACE_STYLE_FILL_AREA(#5929);
#5709=SURFACE_STYLE_FILL_AREA(#5930);
#5710=SURFACE_STYLE_FILL_AREA(#5931);
#5711=SURFACE_STYLE_FILL_AREA(#5932);
#5712=SURFACE_STYLE_FILL_AREA(#5933);
#5713=SURFACE_STYLE_FILL_AREA(#5934);
#5714=SURFACE_STYLE_FILL_AREA(#5935);
#5715=SURFACE_STYLE_FILL_AREA(#5936);
#5716=SURFACE_STYLE_FILL_AREA(#5937);
#5717=SURFACE_STYLE_FILL_AREA(#5938);
#5718=SURFACE_STYLE_FILL_AREA(#5939);
#5719=SURFACE_STYLE_FILL_AREA(#5940);
#5720=SURFACE_STYLE_FILL_AREA(#5941);
#5721=SURFACE_STYLE_FILL_AREA(#5942);
#5722=SURFACE_STYLE_FILL_AREA(#5943);
#5723=SURFACE_STYLE_FILL_AREA(#5944);
#5724=SURFACE_STYLE_FILL_AREA(#5945);
#5725=SURFACE_STYLE_FILL_AREA(#5946);
#5726=SURFACE_STYLE_FILL_AREA(#5947);
#5727=SURFACE_STYLE_FILL_AREA(#5948);
#5728=SURFACE_STYLE_FILL_AREA(#5949);
#5729=SURFACE_STYLE_FILL_AREA(#5950);
#5730=SURFACE_STYLE_FILL_AREA(#5951);
#5731=SURFACE_STYLE_FILL_AREA(#5952);
#5732=SURFACE_STYLE_FILL_AREA(#5953);
#5733=SURFACE_STYLE_FILL_AREA(#5954);
#5734=SURFACE_STYLE_FILL_AREA(#5955);
#5735=SURFACE_STYLE_FILL_AREA(#5956);
#5736=SURFACE_STYLE_FILL_AREA(#5957);
#5737=SURFACE_STYLE_FILL_AREA(#5958);
#5738=SURFACE_STYLE_FILL_AREA(#5959);
#5739=SURFACE_STYLE_FILL_AREA(#5960);
#5740=SURFACE_STYLE_FILL_AREA(#5961);
#5741=SURFACE_STYLE_FILL_AREA(#5962);
#5742=SURFACE_STYLE_FILL_AREA(#5963);
#5743=SURFACE_STYLE_FILL_AREA(#5964);
#5744=SURFACE_STYLE_FILL_AREA(#5965);
#5745=SURFACE_STYLE_FILL_AREA(#5966);
#5746=SURFACE_STYLE_FILL_AREA(#5967);
#5747=SURFACE_STYLE_FILL_AREA(#5968);
#5748=SURFACE_STYLE_FILL_AREA(#5969);
#5749=SURFACE_STYLE_FILL_AREA(#5970);
#5750=SURFACE_STYLE_FILL_AREA(#5971);
#5751=SURFACE_STYLE_FILL_AREA(#5972);
#5752=SURFACE_STYLE_FILL_AREA(#5973);
#5753=SURFACE_STYLE_FILL_AREA(#5974);
#5754=SURFACE_STYLE_FILL_AREA(#5975);
#5755=SURFACE_STYLE_FILL_AREA(#5976);
#5756=SURFACE_STYLE_FILL_AREA(#5977);
#5757=SURFACE_STYLE_FILL_AREA(#5978);
#5758=SURFACE_STYLE_FILL_AREA(#5979);
#5759=SURFACE_STYLE_FILL_AREA(#5980);
#5760=SURFACE_STYLE_FILL_AREA(#5981);
#5761=SURFACE_STYLE_FILL_AREA(#5982);
#5762=SURFACE_STYLE_FILL_AREA(#5983);
#5763=SURFACE_STYLE_FILL_AREA(#5984);
#5764=SURFACE_STYLE_FILL_AREA(#5985);
#5765=SURFACE_STYLE_FILL_AREA(#5986);
#5766=SURFACE_STYLE_FILL_AREA(#5987);
#5767=SURFACE_STYLE_FILL_AREA(#5988);
#5768=SURFACE_STYLE_FILL_AREA(#5989);
#5769=SURFACE_STYLE_FILL_AREA(#5990);
#5770=SURFACE_STYLE_FILL_AREA(#5991);
#5771=SURFACE_STYLE_FILL_AREA(#5992);
#5772=SURFACE_STYLE_FILL_AREA(#5993);
#5773=SURFACE_STYLE_FILL_AREA(#5994);
#5774=SURFACE_STYLE_FILL_AREA(#5995);
#5775=SURFACE_STYLE_FILL_AREA(#5996);
#5776=SURFACE_STYLE_FILL_AREA(#5997);
#5777=SURFACE_STYLE_FILL_AREA(#5998);
#5778=SURFACE_STYLE_FILL_AREA(#5999);
#5779=SURFACE_STYLE_FILL_AREA(#6000);
#5780=SURFACE_STYLE_FILL_AREA(#6001);
#5781=SURFACE_STYLE_FILL_AREA(#6002);
#5782=SURFACE_STYLE_FILL_AREA(#6003);
#5783=SURFACE_STYLE_FILL_AREA(#6004);
#5784=SURFACE_STYLE_FILL_AREA(#6005);
#5785=SURFACE_STYLE_FILL_AREA(#6006);
#5786=SURFACE_STYLE_FILL_AREA(#6007);
#5787=SURFACE_STYLE_FILL_AREA(#6008);
#5788=SURFACE_STYLE_FILL_AREA(#6009);
#5789=FILL_AREA_STYLE('',(#6010));
#5790=FILL_AREA_STYLE('',(#6011));
#5791=FILL_AREA_STYLE('',(#6012));
#5792=FILL_AREA_STYLE('',(#6013));
#5793=FILL_AREA_STYLE('',(#6014));
#5794=FILL_AREA_STYLE('',(#6015));
#5795=FILL_AREA_STYLE('',(#6016));
#5796=FILL_AREA_STYLE('',(#6017));
#5797=FILL_AREA_STYLE('',(#6018));
#5798=FILL_AREA_STYLE('',(#6019));
#5799=FILL_AREA_STYLE('',(#6020));
#5800=FILL_AREA_STYLE('',(#6021));
#5801=FILL_AREA_STYLE('',(#6022));
#5802=FILL_AREA_STYLE('',(#6023));
#5803=FILL_AREA_STYLE('',(#6024));
#5804=FILL_AREA_STYLE('',(#6025));
#5805=FILL_AREA_STYLE('',(#6026));
#5806=FILL_AREA_STYLE('',(#6027));
#5807=FILL_AREA_STYLE('',(#6028));
#5808=FILL_AREA_STYLE('',(#6029));
#5809=FILL_AREA_STYLE('',(#6030));
#5810=FILL_AREA_STYLE('',(#6031));
#5811=FILL_AREA_STYLE('',(#6032));
#5812=FILL_AREA_STYLE('',(#6033));
#5813=FILL_AREA_STYLE('',(#6034));
#5814=FILL_AREA_STYLE('',(#6035));
#5815=FILL_AREA_STYLE('',(#6036));
#5816=FILL_AREA_STYLE('',(#6037));
#5817=FILL_AREA_STYLE('',(#6038));
#5818=FILL_AREA_STYLE('',(#6039));
#5819=FILL_AREA_STYLE('',(#6040));
#5820=FILL_AREA_STYLE('',(#6041));
#5821=FILL_AREA_STYLE('',(#6042));
#5822=FILL_AREA_STYLE('',(#6043));
#5823=FILL_AREA_STYLE('',(#6044));
#5824=FILL_AREA_STYLE('',(#6045));
#5825=FILL_AREA_STYLE('',(#6046));
#5826=FILL_AREA_STYLE('',(#6047));
#5827=FILL_AREA_STYLE('',(#6048));
#5828=FILL_AREA_STYLE('',(#6049));
#5829=FILL_AREA_STYLE('',(#6050));
#5830=FILL_AREA_STYLE('',(#6051));
#5831=FILL_AREA_STYLE('',(#6052));
#5832=FILL_AREA_STYLE('',(#6053));
#5833=FILL_AREA_STYLE('',(#6054));
#5834=FILL_AREA_STYLE('',(#6055));
#5835=FILL_AREA_STYLE('',(#6056));
#5836=FILL_AREA_STYLE('',(#6057));
#5837=FILL_AREA_STYLE('',(#6058));
#5838=FILL_AREA_STYLE('',(#6059));
#5839=FILL_AREA_STYLE('',(#6060));
#5840=FILL_AREA_STYLE('',(#6061));
#5841=FILL_AREA_STYLE('',(#6062));
#5842=FILL_AREA_STYLE('',(#6063));
#5843=FILL_AREA_STYLE('',(#6064));
#5844=FILL_AREA_STYLE('',(#6065));
#5845=FILL_AREA_STYLE('',(#6066));
#5846=FILL_AREA_STYLE('',(#6067));
#5847=FILL_AREA_STYLE('',(#6068));
#5848=FILL_AREA_STYLE('',(#6069));
#5849=FILL_AREA_STYLE('',(#6070));
#5850=FILL_AREA_STYLE('',(#6071));
#5851=FILL_AREA_STYLE('',(#6072));
#5852=FILL_AREA_STYLE('',(#6073));
#5853=FILL_AREA_STYLE('',(#6074));
#5854=FILL_AREA_STYLE('',(#6075));
#5855=FILL_AREA_STYLE('',(#6076));
#5856=FILL_AREA_STYLE('',(#6077));
#5857=FILL_AREA_STYLE('',(#6078));
#5858=FILL_AREA_STYLE('',(#6079));
#5859=FILL_AREA_STYLE('',(#6080));
#5860=FILL_AREA_STYLE('',(#6081));
#5861=FILL_AREA_STYLE('',(#6082));
#5862=FILL_AREA_STYLE('',(#6083));
#5863=FILL_AREA_STYLE('',(#6084));
#5864=FILL_AREA_STYLE('',(#6085));
#5865=FILL_AREA_STYLE('',(#6086));
#5866=FILL_AREA_STYLE('',(#6087));
#5867=FILL_AREA_STYLE('',(#6088));
#5868=FILL_AREA_STYLE('',(#6089));
#5869=FILL_AREA_STYLE('',(#6090));
#5870=FILL_AREA_STYLE('',(#6091));
#5871=FILL_AREA_STYLE('',(#6092));
#5872=FILL_AREA_STYLE('',(#6093));
#5873=FILL_AREA_STYLE('',(#6094));
#5874=FILL_AREA_STYLE('',(#6095));
#5875=FILL_AREA_STYLE('',(#6096));
#5876=FILL_AREA_STYLE('',(#6097));
#5877=FILL_AREA_STYLE('',(#6098));
#5878=FILL_AREA_STYLE('',(#6099));
#5879=FILL_AREA_STYLE('',(#6100));
#5880=FILL_AREA_STYLE('',(#6101));
#5881=FILL_AREA_STYLE('',(#6102));
#5882=FILL_AREA_STYLE('',(#6103));
#5883=FILL_AREA_STYLE('',(#6104));
#5884=FILL_AREA_STYLE('',(#6105));
#5885=FILL_AREA_STYLE('',(#6106));
#5886=FILL_AREA_STYLE('',(#6107));
#5887=FILL_AREA_STYLE('',(#6108));
#5888=FILL_AREA_STYLE('',(#6109));
#5889=FILL_AREA_STYLE('',(#6110));
#5890=FILL_AREA_STYLE('',(#6111));
#5891=FILL_AREA_STYLE('',(#6112));
#5892=FILL_AREA_STYLE('',(#6113));
#5893=FILL_AREA_STYLE('',(#6114));
#5894=FILL_AREA_STYLE('',(#6115));
#5895=FILL_AREA_STYLE('',(#6116));
#5896=FILL_AREA_STYLE('',(#6117));
#5897=FILL_AREA_STYLE('',(#6118));
#5898=FILL_AREA_STYLE('',(#6119));
#5899=FILL_AREA_STYLE('',(#6120));
#5900=FILL_AREA_STYLE('',(#6121));
#5901=FILL_AREA_STYLE('',(#6122));
#5902=FILL_AREA_STYLE('',(#6123));
#5903=FILL_AREA_STYLE('',(#6124));
#5904=FILL_AREA_STYLE('',(#6125));
#5905=FILL_AREA_STYLE('',(#6126));
#5906=FILL_AREA_STYLE('',(#6127));
#5907=FILL_AREA_STYLE('',(#6128));
#5908=FILL_AREA_STYLE('',(#6129));
#5909=FILL_AREA_STYLE('',(#6130));
#5910=FILL_AREA_STYLE('',(#6131));
#5911=FILL_AREA_STYLE('',(#6132));
#5912=FILL_AREA_STYLE('',(#6133));
#5913=FILL_AREA_STYLE('',(#6134));
#5914=FILL_AREA_STYLE('',(#6135));
#5915=FILL_AREA_STYLE('',(#6136));
#5916=FILL_AREA_STYLE('',(#6137));
#5917=FILL_AREA_STYLE('',(#6138));
#5918=FILL_AREA_STYLE('',(#6139));
#5919=FILL_AREA_STYLE('',(#6140));
#5920=FILL_AREA_STYLE('',(#6141));
#5921=FILL_AREA_STYLE('',(#6142));
#5922=FILL_AREA_STYLE('',(#6143));
#5923=FILL_AREA_STYLE('',(#6144));
#5924=FILL_AREA_STYLE('',(#6145));
#5925=FILL_AREA_STYLE('',(#6146));
#5926=FILL_AREA_STYLE('',(#6147));
#5927=FILL_AREA_STYLE('',(#6148));
#5928=FILL_AREA_STYLE('',(#6149));
#5929=FILL_AREA_STYLE('',(#6150));
#5930=FILL_AREA_STYLE('',(#6151));
#5931=FILL_AREA_STYLE('',(#6152));
#5932=FILL_AREA_STYLE('',(#6153));
#5933=FILL_AREA_STYLE('',(#6154));
#5934=FILL_AREA_STYLE('',(#6155));
#5935=FILL_AREA_STYLE('',(#6156));
#5936=FILL_AREA_STYLE('',(#6157));
#5937=FILL_AREA_STYLE('',(#6158));
#5938=FILL_AREA_STYLE('',(#6159));
#5939=FILL_AREA_STYLE('',(#6160));
#5940=FILL_AREA_STYLE('',(#6161));
#5941=FILL_AREA_STYLE('',(#6162));
#5942=FILL_AREA_STYLE('',(#6163));
#5943=FILL_AREA_STYLE('',(#6164));
#5944=FILL_AREA_STYLE('',(#6165));
#5945=FILL_AREA_STYLE('',(#6166));
#5946=FILL_AREA_STYLE('',(#6167));
#5947=FILL_AREA_STYLE('',(#6168));
#5948=FILL_AREA_STYLE('',(#6169));
#5949=FILL_AREA_STYLE('',(#6170));
#5950=FILL_AREA_STYLE('',(#6171));
#5951=FILL_AREA_STYLE('',(#6172));
#5952=FILL_AREA_STYLE('',(#6173));
#5953=FILL_AREA_STYLE('',(#6174));
#5954=FILL_AREA_STYLE('',(#6175));
#5955=FILL_AREA_STYLE('',(#6176));
#5956=FILL_AREA_STYLE('',(#6177));
#5957=FILL_AREA_STYLE('',(#6178));
#5958=FILL_AREA_STYLE('',(#6179));
#5959=FILL_AREA_STYLE('',(#6180));
#5960=FILL_AREA_STYLE('',(#6181));
#5961=FILL_AREA_STYLE('',(#6182));
#5962=FILL_AREA_STYLE('',(#6183));
#5963=FILL_AREA_STYLE('',(#6184));
#5964=FILL_AREA_STYLE('',(#6185));
#5965=FILL_AREA_STYLE('',(#6186));
#5966=FILL_AREA_STYLE('',(#6187));
#5967=FILL_AREA_STYLE('',(#6188));
#5968=FILL_AREA_STYLE('',(#6189));
#5969=FILL_AREA_STYLE('',(#6190));
#5970=FILL_AREA_STYLE('',(#6191));
#5971=FILL_AREA_STYLE('',(#6192));
#5972=FILL_AREA_STYLE('',(#6193));
#5973=FILL_AREA_STYLE('',(#6194));
#5974=FILL_AREA_STYLE('',(#6195));
#5975=FILL_AREA_STYLE('',(#6196));
#5976=FILL_AREA_STYLE('',(#6197));
#5977=FILL_AREA_STYLE('',(#6198));
#5978=FILL_AREA_STYLE('',(#6199));
#5979=FILL_AREA_STYLE('',(#6200));
#5980=FILL_AREA_STYLE('',(#6201));
#5981=FILL_AREA_STYLE('',(#6202));
#5982=FILL_AREA_STYLE('',(#6203));
#5983=FILL_AREA_STYLE('',(#6204));
#5984=FILL_AREA_STYLE('',(#6205));
#5985=FILL_AREA_STYLE('',(#6206));
#5986=FILL_AREA_STYLE('',(#6207));
#5987=FILL_AREA_STYLE('',(#6208));
#5988=FILL_AREA_STYLE('',(#6209));
#5989=FILL_AREA_STYLE('',(#6210));
#5990=FILL_AREA_STYLE('',(#6211));
#5991=FILL_AREA_STYLE('',(#6212));
#5992=FILL_AREA_STYLE('',(#6213));
#5993=FILL_AREA_STYLE('',(#6214));
#5994=FILL_AREA_STYLE('',(#6215));
#5995=FILL_AREA_STYLE('',(#6216));
#5996=FILL_AREA_STYLE('',(#6217));
#5997=FILL_AREA_STYLE('',(#6218));
#5998=FILL_AREA_STYLE('',(#6219));
#5999=FILL_AREA_STYLE('',(#6220));
#6000=FILL_AREA_STYLE('',(#6221));
#6001=FILL_AREA_STYLE('',(#6222));
#6002=FILL_AREA_STYLE('',(#6223));
#6003=FILL_AREA_STYLE('',(#6224));
#6004=FILL_AREA_STYLE('',(#6225));
#6005=FILL_AREA_STYLE('',(#6226));
#6006=FILL_AREA_STYLE('',(#6227));
#6007=FILL_AREA_STYLE('',(#6228));
#6008=FILL_AREA_STYLE('',(#6229));
#6009=FILL_AREA_STYLE('',(#6230));
#6010=FILL_AREA_STYLE_COLOUR('',#6231);
#6011=FILL_AREA_STYLE_COLOUR('',#6232);
#6012=FILL_AREA_STYLE_COLOUR('',#6232);
#6013=FILL_AREA_STYLE_COLOUR('',#6232);
#6014=FILL_AREA_STYLE_COLOUR('',#6232);
#6015=FILL_AREA_STYLE_COLOUR('',#6232);
#6016=FILL_AREA_STYLE_COLOUR('',#6232);
#6017=FILL_AREA_STYLE_COLOUR('',#6232);
#6018=FILL_AREA_STYLE_COLOUR('',#6232);
#6019=FILL_AREA_STYLE_COLOUR('',#6232);
#6020=FILL_AREA_STYLE_COLOUR('',#6232);
#6021=FILL_AREA_STYLE_COLOUR('',#6232);
#6022=FILL_AREA_STYLE_COLOUR('',#6232);
#6023=FILL_AREA_STYLE_COLOUR('',#6232);
#6024=FILL_AREA_STYLE_COLOUR('',#6232);
#6025=FILL_AREA_STYLE_COLOUR('',#6232);
#6026=FILL_AREA_STYLE_COLOUR('',#6232);
#6027=FILL_AREA_STYLE_COLOUR('',#6231);
#6028=FILL_AREA_STYLE_COLOUR('',#6231);
#6029=FILL_AREA_STYLE_COLOUR('',#6231);
#6030=FILL_AREA_STYLE_COLOUR('',#6231);
#6031=FILL_AREA_STYLE_COLOUR('',#6231);
#6032=FILL_AREA_STYLE_COLOUR('',#6231);
#6033=FILL_AREA_STYLE_COLOUR('',#6231);
#6034=FILL_AREA_STYLE_COLOUR('',#6231);
#6035=FILL_AREA_STYLE_COLOUR('',#6232);
#6036=FILL_AREA_STYLE_COLOUR('',#6232);
#6037=FILL_AREA_STYLE_COLOUR('',#6232);
#6038=FILL_AREA_STYLE_COLOUR('',#6232);
#6039=FILL_AREA_STYLE_COLOUR('',#6232);
#6040=FILL_AREA_STYLE_COLOUR('',#6232);
#6041=FILL_AREA_STYLE_COLOUR('',#6232);
#6042=FILL_AREA_STYLE_COLOUR('',#6232);
#6043=FILL_AREA_STYLE_COLOUR('',#6232);
#6044=FILL_AREA_STYLE_COLOUR('',#6232);
#6045=FILL_AREA_STYLE_COLOUR('',#6232);
#6046=FILL_AREA_STYLE_COLOUR('',#6232);
#6047=FILL_AREA_STYLE_COLOUR('',#6232);
#6048=FILL_AREA_STYLE_COLOUR('',#6232);
#6049=FILL_AREA_STYLE_COLOUR('',#6232);
#6050=FILL_AREA_STYLE_COLOUR('',#6231);
#6051=FILL_AREA_STYLE_COLOUR('',#6231);
#6052=FILL_AREA_STYLE_COLOUR('',#6231);
#6053=FILL_AREA_STYLE_COLOUR('',#6231);
#6054=FILL_AREA_STYLE_COLOUR('',#6231);
#6055=FILL_AREA_STYLE_COLOUR('',#6231);
#6056=FILL_AREA_STYLE_COLOUR('',#6231);
#6057=FILL_AREA_STYLE_COLOUR('',#6231);
#6058=FILL_AREA_STYLE_COLOUR('',#6231);
#6059=FILL_AREA_STYLE_COLOUR('',#6231);
#6060=FILL_AREA_STYLE_COLOUR('',#6231);
#6061=FILL_AREA_STYLE_COLOUR('',#6231);
#6062=FILL_AREA_STYLE_COLOUR('',#6231);
#6063=FILL_AREA_STYLE_COLOUR('',#6231);
#6064=FILL_AREA_STYLE_COLOUR('',#6231);
#6065=FILL_AREA_STYLE_COLOUR('',#6231);
#6066=FILL_AREA_STYLE_COLOUR('',#6231);
#6067=FILL_AREA_STYLE_COLOUR('',#6231);
#6068=FILL_AREA_STYLE_COLOUR('',#6231);
#6069=FILL_AREA_STYLE_COLOUR('',#6231);
#6070=FILL_AREA_STYLE_COLOUR('',#6231);
#6071=FILL_AREA_STYLE_COLOUR('',#6232);
#6072=FILL_AREA_STYLE_COLOUR('',#6232);
#6073=FILL_AREA_STYLE_COLOUR('',#6231);
#6074=FILL_AREA_STYLE_COLOUR('',#6231);
#6075=FILL_AREA_STYLE_COLOUR('',#6231);
#6076=FILL_AREA_STYLE_COLOUR('',#6231);
#6077=FILL_AREA_STYLE_COLOUR('',#6231);
#6078=FILL_AREA_STYLE_COLOUR('',#6231);
#6079=FILL_AREA_STYLE_COLOUR('',#6231);
#6080=FILL_AREA_STYLE_COLOUR('',#6231);
#6081=FILL_AREA_STYLE_COLOUR('',#6231);
#6082=FILL_AREA_STYLE_COLOUR('',#6231);
#6083=FILL_AREA_STYLE_COLOUR('',#6231);
#6084=FILL_AREA_STYLE_COLOUR('',#6231);
#6085=FILL_AREA_STYLE_COLOUR('',#6231);
#6086=FILL_AREA_STYLE_COLOUR('',#6231);
#6087=FILL_AREA_STYLE_COLOUR('',#6231);
#6088=FILL_AREA_STYLE_COLOUR('',#6231);
#6089=FILL_AREA_STYLE_COLOUR('',#6231);
#6090=FILL_AREA_STYLE_COLOUR('',#6231);
#6091=FILL_AREA_STYLE_COLOUR('',#6231);
#6092=FILL_AREA_STYLE_COLOUR('',#6231);
#6093=FILL_AREA_STYLE_COLOUR('',#6231);
#6094=FILL_AREA_STYLE_COLOUR('',#6231);
#6095=FILL_AREA_STYLE_COLOUR('',#6231);
#6096=FILL_AREA_STYLE_COLOUR('',#6231);
#6097=FILL_AREA_STYLE_COLOUR('',#6231);
#6098=FILL_AREA_STYLE_COLOUR('',#6231);
#6099=FILL_AREA_STYLE_COLOUR('',#6231);
#6100=FILL_AREA_STYLE_COLOUR('',#6231);
#6101=FILL_AREA_STYLE_COLOUR('',#6231);
#6102=FILL_AREA_STYLE_COLOUR('',#6231);
#6103=FILL_AREA_STYLE_COLOUR('',#6231);
#6104=FILL_AREA_STYLE_COLOUR('',#6232);
#6105=FILL_AREA_STYLE_COLOUR('',#6232);
#6106=FILL_AREA_STYLE_COLOUR('',#6232);
#6107=FILL_AREA_STYLE_COLOUR('',#6232);
#6108=FILL_AREA_STYLE_COLOUR('',#6232);
#6109=FILL_AREA_STYLE_COLOUR('',#6232);
#6110=FILL_AREA_STYLE_COLOUR('',#6232);
#6111=FILL_AREA_STYLE_COLOUR('',#6232);
#6112=FILL_AREA_STYLE_COLOUR('',#6232);
#6113=FILL_AREA_STYLE_COLOUR('',#6232);
#6114=FILL_AREA_STYLE_COLOUR('',#6232);
#6115=FILL_AREA_STYLE_COLOUR('',#6232);
#6116=FILL_AREA_STYLE_COLOUR('',#6232);
#6117=FILL_AREA_STYLE_COLOUR('',#6232);
#6118=FILL_AREA_STYLE_COLOUR('',#6232);
#6119=FILL_AREA_STYLE_COLOUR('',#6232);
#6120=FILL_AREA_STYLE_COLOUR('',#6232);
#6121=FILL_AREA_STYLE_COLOUR('',#6232);
#6122=FILL_AREA_STYLE_COLOUR('',#6232);
#6123=FILL_AREA_STYLE_COLOUR('',#6231);
#6124=FILL_AREA_STYLE_COLOUR('',#6231);
#6125=FILL_AREA_STYLE_COLOUR('',#6231);
#6126=FILL_AREA_STYLE_COLOUR('',#6231);
#6127=FILL_AREA_STYLE_COLOUR('',#6231);
#6128=FILL_AREA_STYLE_COLOUR('',#6231);
#6129=FILL_AREA_STYLE_COLOUR('',#6232);
#6130=FILL_AREA_STYLE_COLOUR('',#6232);
#6131=FILL_AREA_STYLE_COLOUR('',#6232);
#6132=FILL_AREA_STYLE_COLOUR('',#6232);
#6133=FILL_AREA_STYLE_COLOUR('',#6231);
#6134=FILL_AREA_STYLE_COLOUR('',#6231);
#6135=FILL_AREA_STYLE_COLOUR('',#6231);
#6136=FILL_AREA_STYLE_COLOUR('',#6231);
#6137=FILL_AREA_STYLE_COLOUR('',#6232);
#6138=FILL_AREA_STYLE_COLOUR('',#6232);
#6139=FILL_AREA_STYLE_COLOUR('',#6232);
#6140=FILL_AREA_STYLE_COLOUR('',#6232);
#6141=FILL_AREA_STYLE_COLOUR('',#6232);
#6142=FILL_AREA_STYLE_COLOUR('',#6232);
#6143=FILL_AREA_STYLE_COLOUR('',#6232);
#6144=FILL_AREA_STYLE_COLOUR('',#6232);
#6145=FILL_AREA_STYLE_COLOUR('',#6232);
#6146=FILL_AREA_STYLE_COLOUR('',#6232);
#6147=FILL_AREA_STYLE_COLOUR('',#6232);
#6148=FILL_AREA_STYLE_COLOUR('',#6232);
#6149=FILL_AREA_STYLE_COLOUR('',#6232);
#6150=FILL_AREA_STYLE_COLOUR('',#6232);
#6151=FILL_AREA_STYLE_COLOUR('',#6232);
#6152=FILL_AREA_STYLE_COLOUR('',#6232);
#6153=FILL_AREA_STYLE_COLOUR('',#6232);
#6154=FILL_AREA_STYLE_COLOUR('',#6232);
#6155=FILL_AREA_STYLE_COLOUR('',#6232);
#6156=FILL_AREA_STYLE_COLOUR('',#6232);
#6157=FILL_AREA_STYLE_COLOUR('',#6232);
#6158=FILL_AREA_STYLE_COLOUR('',#6232);
#6159=FILL_AREA_STYLE_COLOUR('',#6232);
#6160=FILL_AREA_STYLE_COLOUR('',#6232);
#6161=FILL_AREA_STYLE_COLOUR('',#6232);
#6162=FILL_AREA_STYLE_COLOUR('',#6232);
#6163=FILL_AREA_STYLE_COLOUR('',#6232);
#6164=FILL_AREA_STYLE_COLOUR('',#6232);
#6165=FILL_AREA_STYLE_COLOUR('',#6232);
#6166=FILL_AREA_STYLE_COLOUR('',#6232);
#6167=FILL_AREA_STYLE_COLOUR('',#6232);
#6168=FILL_AREA_STYLE_COLOUR('',#6232);
#6169=FILL_AREA_STYLE_COLOUR('',#6232);
#6170=FILL_AREA_STYLE_COLOUR('',#6233);
#6171=FILL_AREA_STYLE_COLOUR('',#6233);
#6172=FILL_AREA_STYLE_COLOUR('',#6233);
#6173=FILL_AREA_STYLE_COLOUR('',#6233);
#6174=FILL_AREA_STYLE_COLOUR('',#6233);
#6175=FILL_AREA_STYLE_COLOUR('',#6233);
#6176=FILL_AREA_STYLE_COLOUR('',#6233);
#6177=FILL_AREA_STYLE_COLOUR('',#6233);
#6178=FILL_AREA_STYLE_COLOUR('',#6233);
#6179=FILL_AREA_STYLE_COLOUR('',#6233);
#6180=FILL_AREA_STYLE_COLOUR('',#6233);
#6181=FILL_AREA_STYLE_COLOUR('',#6233);
#6182=FILL_AREA_STYLE_COLOUR('',#6233);
#6183=FILL_AREA_STYLE_COLOUR('',#6233);
#6184=FILL_AREA_STYLE_COLOUR('',#6233);
#6185=FILL_AREA_STYLE_COLOUR('',#6233);
#6186=FILL_AREA_STYLE_COLOUR('',#6233);
#6187=FILL_AREA_STYLE_COLOUR('',#6233);
#6188=FILL_AREA_STYLE_COLOUR('',#6233);
#6189=FILL_AREA_STYLE_COLOUR('',#6233);
#6190=FILL_AREA_STYLE_COLOUR('',#6233);
#6191=FILL_AREA_STYLE_COLOUR('',#6233);
#6192=FILL_AREA_STYLE_COLOUR('',#6233);
#6193=FILL_AREA_STYLE_COLOUR('',#6233);
#6194=FILL_AREA_STYLE_COLOUR('',#6233);
#6195=FILL_AREA_STYLE_COLOUR('',#6233);
#6196=FILL_AREA_STYLE_COLOUR('',#6233);
#6197=FILL_AREA_STYLE_COLOUR('',#6233);
#6198=FILL_AREA_STYLE_COLOUR('',#6233);
#6199=FILL_AREA_STYLE_COLOUR('',#6233);
#6200=FILL_AREA_STYLE_COLOUR('',#6233);
#6201=FILL_AREA_STYLE_COLOUR('',#6233);
#6202=FILL_AREA_STYLE_COLOUR('',#6233);
#6203=FILL_AREA_STYLE_COLOUR('',#6233);
#6204=FILL_AREA_STYLE_COLOUR('',#6233);
#6205=FILL_AREA_STYLE_COLOUR('',#6233);
#6206=FILL_AREA_STYLE_COLOUR('',#6233);
#6207=FILL_AREA_STYLE_COLOUR('',#6233);
#6208=FILL_AREA_STYLE_COLOUR('',#6233);
#6209=FILL_AREA_STYLE_COLOUR('',#6233);
#6210=FILL_AREA_STYLE_COLOUR('',#6233);
#6211=FILL_AREA_STYLE_COLOUR('',#6233);
#6212=FILL_AREA_STYLE_COLOUR('',#6233);
#6213=FILL_AREA_STYLE_COLOUR('',#6233);
#6214=FILL_AREA_STYLE_COLOUR('',#6233);
#6215=FILL_AREA_STYLE_COLOUR('',#6233);
#6216=FILL_AREA_STYLE_COLOUR('',#6233);
#6217=FILL_AREA_STYLE_COLOUR('',#6233);
#6218=FILL_AREA_STYLE_COLOUR('',#6233);
#6219=FILL_AREA_STYLE_COLOUR('',#6233);
#6220=FILL_AREA_STYLE_COLOUR('',#6233);
#6221=FILL_AREA_STYLE_COLOUR('',#6233);
#6222=FILL_AREA_STYLE_COLOUR('',#6232);
#6223=FILL_AREA_STYLE_COLOUR('',#6232);
#6224=FILL_AREA_STYLE_COLOUR('',#6232);
#6225=FILL_AREA_STYLE_COLOUR('',#6232);
#6226=FILL_AREA_STYLE_COLOUR('',#6232);
#6227=FILL_AREA_STYLE_COLOUR('',#6232);
#6228=FILL_AREA_STYLE_COLOUR('',#6232);
#6229=FILL_AREA_STYLE_COLOUR('',#6232);
#6230=FILL_AREA_STYLE_COLOUR('',#6234);
#6231=COLOUR_RGB('',0.75300002098083,0.75300002098083,0.75300002098083);
#6232=COLOUR_RGB('',0.200000002980232,0.200000002980232,0.200000002980232);
#6233=COLOUR_RGB('',0.77300000190735,0.77300000190735,0.);
#6234=COLOUR_RGB('',0.670000016689301,0.419999986886978,0.140000000596046);
#6235=ADVANCED_FACE('',(#4245,#4246,#4247,#4248),#4527,.F.);
#6236=ADVANCED_FACE('',(#4249,#4250),#4528,.F.);
#6237=ADVANCED_FACE('',(#4251,#4252),#4529,.T.);
#6238=ADVANCED_FACE('',(#4253),#100,.T.);
#6239=ADVANCED_FACE('',(#4254),#101,.T.);
#6240=ADVANCED_FACE('',(#4255),#4530,.F.);
#6241=ADVANCED_FACE('',(#4256),#4531,.F.);
#6242=ADVANCED_FACE('',(#4257),#4532,.F.);
#6243=ADVANCED_FACE('',(#4258),#4533,.F.);
#6244=ADVANCED_FACE('',(#4259),#102,.T.);
#6245=ADVANCED_FACE('',(#4260),#103,.T.);
#6246=ADVANCED_FACE('',(#4261),#104,.T.);
#6247=ADVANCED_FACE('',(#4262),#105,.T.);
#6248=ADVANCED_FACE('',(#4263,#4264,#4265,#4266),#4534,.F.);
#6249=ADVANCED_FACE('',(#4267),#106,.T.);
#6250=ADVANCED_FACE('',(#4268),#107,.T.);
#6251=ADVANCED_FACE('',(#4269,#4270),#4535,.F.);
#6252=ADVANCED_FACE('',(#4271,#4272,#4273),#4536,.F.);
#6253=ADVANCED_FACE('',(#4274),#108,.F.);
#6254=ADVANCED_FACE('',(#4275),#109,.T.);
#6255=ADVANCED_FACE('',(#4276),#110,.F.);
#6256=ADVANCED_FACE('',(#4277),#111,.T.);
#6257=ADVANCED_FACE('',(#4278,#4279),#112,.F.);
#6258=ADVANCED_FACE('',(#4280),#113,.T.);
#6259=ADVANCED_FACE('',(#4281),#114,.T.);
#6260=ADVANCED_FACE('',(#4282,#4283,#4284),#4537,.F.);
#6261=ADVANCED_FACE('',(#4285),#4538,.F.);
#6262=ADVANCED_FACE('',(#4286),#4539,.F.);
#6263=ADVANCED_FACE('',(#4287),#115,.T.);
#6264=ADVANCED_FACE('',(#4288),#116,.T.);
#6265=ADVANCED_FACE('',(#4289),#117,.T.);
#6266=ADVANCED_FACE('',(#4290),#118,.T.);
#6267=ADVANCED_FACE('',(#4291),#119,.T.);
#6268=ADVANCED_FACE('',(#4292),#120,.T.);
#6269=ADVANCED_FACE('',(#4293),#121,.T.);
#6270=ADVANCED_FACE('',(#4294),#122,.T.);
#6271=ADVANCED_FACE('',(#4295),#123,.T.);
#6272=ADVANCED_FACE('',(#4296),#124,.T.);
#6273=ADVANCED_FACE('',(#4297),#4540,.F.);
#6274=ADVANCED_FACE('',(#4298),#4541,.F.);
#6275=ADVANCED_FACE('',(#4299),#4542,.T.);
#6276=ADVANCED_FACE('',(#4300),#4543,.T.);
#6277=ADVANCED_FACE('',(#4301),#4544,.T.);
#6278=ADVANCED_FACE('',(#4302),#4545,.T.);
#6279=ADVANCED_FACE('',(#4303),#4546,.T.);
#6280=ADVANCED_FACE('',(#4304),#4547,.T.);
#6281=ADVANCED_FACE('',(#4305),#4548,.F.);
#6282=ADVANCED_FACE('',(#4306),#4549,.F.);
#6283=ADVANCED_FACE('',(#4307),#4550,.T.);
#6284=ADVANCED_FACE('',(#4308),#4551,.T.);
#6285=ADVANCED_FACE('',(#4309),#125,.T.);
#6286=ADVANCED_FACE('',(#4310),#126,.F.);
#6287=ADVANCED_FACE('',(#4311),#127,.F.);
#6288=ADVANCED_FACE('',(#4312),#128,.T.);
#6289=ADVANCED_FACE('',(#4313),#129,.F.);
#6290=ADVANCED_FACE('',(#4314),#130,.F.);
#6291=ADVANCED_FACE('',(#4315),#4552,.F.);
#6292=ADVANCED_FACE('',(#4316),#4553,.T.);
#6293=ADVANCED_FACE('',(#4317),#131,.T.);
#6294=ADVANCED_FACE('',(#4318),#4554,.F.);
#6295=ADVANCED_FACE('',(#4319),#4555,.F.);
#6296=ADVANCED_FACE('',(#4320),#4556,.F.);
#6297=ADVANCED_FACE('',(#4321),#132,.F.);
#6298=ADVANCED_FACE('',(#4322),#4557,.T.);
#6299=ADVANCED_FACE('',(#4323),#4558,.F.);
#6300=ADVANCED_FACE('',(#4324),#133,.F.);
#6301=ADVANCED_FACE('',(#4325),#4559,.F.);
#6302=ADVANCED_FACE('',(#4326),#4560,.F.);
#6303=ADVANCED_FACE('',(#4327),#4561,.F.);
#6304=ADVANCED_FACE('',(#4328),#134,.T.);
#6305=ADVANCED_FACE('',(#4329),#4562,.T.);
#6306=ADVANCED_FACE('',(#4330),#135,.F.);
#6307=ADVANCED_FACE('',(#4331),#4563,.T.);
#6308=ADVANCED_FACE('',(#4332),#136,.F.);
#6309=ADVANCED_FACE('',(#4333),#4564,.T.);
#6310=ADVANCED_FACE('',(#4334),#4565,.T.);
#6311=ADVANCED_FACE('',(#4335),#4566,.T.);
#6312=ADVANCED_FACE('',(#4336),#4567,.T.);
#6313=ADVANCED_FACE('',(#4337),#4568,.F.);
#6314=ADVANCED_FACE('',(#4338),#137,.F.);
#6315=ADVANCED_FACE('',(#4339),#4569,.F.);
#6316=ADVANCED_FACE('',(#4340),#4570,.F.);
#6317=ADVANCED_FACE('',(#4341),#138,.F.);
#6318=ADVANCED_FACE('',(#4342),#4571,.F.);
#6319=ADVANCED_FACE('',(#4343),#4572,.F.);
#6320=ADVANCED_FACE('',(#4344),#139,.F.);
#6321=ADVANCED_FACE('',(#4345),#4573,.F.);
#6322=ADVANCED_FACE('',(#4346),#140,.F.);
#6323=ADVANCED_FACE('',(#4347),#4574,.T.);
#6324=ADVANCED_FACE('',(#4348),#4575,.T.);
#6325=ADVANCED_FACE('',(#4349),#4576,.T.);
#6326=ADVANCED_FACE('',(#4350),#4577,.T.);
#6327=ADVANCED_FACE('',(#4351),#4578,.T.);
#6328=ADVANCED_FACE('',(#4352),#4579,.T.);
#6329=ADVANCED_FACE('',(#4353),#4580,.F.);
#6330=ADVANCED_FACE('',(#4354),#4581,.F.);
#6331=ADVANCED_FACE('',(#4355),#34,.T.);
#6332=ADVANCED_FACE('',(#4356),#30,.T.);
#6333=ADVANCED_FACE('',(#4357),#35,.T.);
#6334=ADVANCED_FACE('',(#4358),#31,.T.);
#6335=ADVANCED_FACE('',(#4359),#4582,.T.);
#6336=ADVANCED_FACE('',(#4360),#4583,.T.);
#6337=ADVANCED_FACE('',(#4361),#4584,.F.);
#6338=ADVANCED_FACE('',(#4362),#4585,.T.);
#6339=ADVANCED_FACE('',(#4363),#4586,.T.);
#6340=ADVANCED_FACE('',(#4364),#4587,.T.);
#6341=ADVANCED_FACE('',(#4365),#4588,.F.);
#6342=ADVANCED_FACE('',(#4366),#4589,.T.);
#6343=ADVANCED_FACE('',(#4367),#141,.T.);
#6344=ADVANCED_FACE('',(#4368),#142,.T.);
#6345=ADVANCED_FACE('',(#4369),#143,.T.);
#6346=ADVANCED_FACE('',(#4370),#144,.T.);
#6347=ADVANCED_FACE('',(#4371,#4372),#145,.T.);
#6348=ADVANCED_FACE('',(#4373),#146,.F.);
#6349=ADVANCED_FACE('',(#4374),#147,.F.);
#6350=ADVANCED_FACE('',(#4375),#148,.F.);
#6351=ADVANCED_FACE('',(#4376),#149,.F.);
#6352=ADVANCED_FACE('',(#4377),#150,.F.);
#6353=ADVANCED_FACE('',(#4378),#151,.F.);
#6354=ADVANCED_FACE('',(#4379,#4380),#152,.F.);
#6355=ADVANCED_FACE('',(#4381,#4382),#4590,.T.);
#6356=ADVANCED_FACE('',(#4383),#4591,.T.);
#6357=ADVANCED_FACE('',(#4384,#4385),#153,.F.);
#6358=ADVANCED_FACE('',(#4386),#154,.T.);
#6359=ADVANCED_FACE('',(#4387),#155,.T.);
#6360=ADVANCED_FACE('',(#4388),#156,.T.);
#6361=ADVANCED_FACE('',(#4389),#157,.T.);
#6362=ADVANCED_FACE('',(#4390),#4592,.F.);
#6363=ADVANCED_FACE('',(#4391),#4593,.F.);
#6364=ADVANCED_FACE('',(#4392),#4594,.F.);
#6365=ADVANCED_FACE('',(#4393),#4595,.T.);
#6366=ADVANCED_FACE('',(#4394),#4596,.F.);
#6367=ADVANCED_FACE('',(#4395),#4597,.F.);
#6368=ADVANCED_FACE('',(#4396),#4598,.T.);
#6369=ADVANCED_FACE('',(#4397),#4599,.F.);
#6370=ADVANCED_FACE('',(#4398),#4600,.F.);
#6371=ADVANCED_FACE('',(#4399),#4601,.F.);
#6372=ADVANCED_FACE('',(#4400),#4602,.T.);
#6373=ADVANCED_FACE('',(#4401),#4603,.T.);
#6374=ADVANCED_FACE('',(#4402),#4604,.T.);
#6375=ADVANCED_FACE('',(#4403),#4605,.T.);
#6376=ADVANCED_FACE('',(#4404),#4606,.T.);
#6377=ADVANCED_FACE('',(#4405),#4607,.T.);
#6378=ADVANCED_FACE('',(#4406),#4608,.T.);
#6379=ADVANCED_FACE('',(#4407),#4609,.T.);
#6380=ADVANCED_FACE('',(#4408),#4610,.T.);
#6381=ADVANCED_FACE('',(#4409),#158,.F.);
#6382=ADVANCED_FACE('',(#4410),#4611,.T.);
#6383=ADVANCED_FACE('',(#4411),#4612,.T.);
#6384=ADVANCED_FACE('',(#4412),#159,.F.);
#6385=ADVANCED_FACE('',(#4413),#4613,.T.);
#6386=ADVANCED_FACE('',(#4414,#4415,#4416,#4417,#4418),#4614,.F.);
#6387=ADVANCED_FACE('',(#4419,#4420),#160,.F.);
#6388=ADVANCED_FACE('',(#4421),#4615,.F.);
#6389=ADVANCED_FACE('',(#4422,#4423),#161,.F.);
#6390=ADVANCED_FACE('',(#4424),#4616,.F.);
#6391=ADVANCED_FACE('',(#4425,#4426),#162,.F.);
#6392=ADVANCED_FACE('',(#4427),#4617,.F.);
#6393=ADVANCED_FACE('',(#4428,#4429),#163,.F.);
#6394=ADVANCED_FACE('',(#4430),#4618,.F.);
#6395=ADVANCED_FACE('',(#4431),#4619,.F.);
#6396=ADVANCED_FACE('',(#4432),#4620,.F.);
#6397=ADVANCED_FACE('',(#4433),#4621,.F.);
#6398=ADVANCED_FACE('',(#4434),#4622,.T.);
#6399=ADVANCED_FACE('',(#4435),#4623,.F.);
#6400=ADVANCED_FACE('',(#4436),#164,.F.);
#6401=ADVANCED_FACE('',(#4437),#4624,.F.);
#6402=ADVANCED_FACE('',(#4438),#165,.F.);
#6403=ADVANCED_FACE('',(#4439),#4625,.F.);
#6404=ADVANCED_FACE('',(#4440),#4626,.F.);
#6405=ADVANCED_FACE('',(#4441),#166,.T.);
#6406=ADVANCED_FACE('',(#4442),#4627,.F.);
#6407=ADVANCED_FACE('',(#4443),#167,.T.);
#6408=ADVANCED_FACE('',(#4444),#4628,.F.);
#6409=ADVANCED_FACE('',(#4445),#4629,.F.);
#6410=ADVANCED_FACE('',(#4446),#4630,.F.);
#6411=ADVANCED_FACE('',(#4447),#4631,.T.);
#6412=ADVANCED_FACE('',(#4448),#4632,.F.);
#6413=ADVANCED_FACE('',(#4449),#168,.T.);
#6414=ADVANCED_FACE('',(#4450),#4633,.F.);
#6415=ADVANCED_FACE('',(#4451),#169,.T.);
#6416=ADVANCED_FACE('',(#4452),#4634,.F.);
#6417=ADVANCED_FACE('',(#4453),#4635,.F.);
#6418=ADVANCED_FACE('',(#4454),#170,.F.);
#6419=ADVANCED_FACE('',(#4455),#4636,.F.);
#6420=ADVANCED_FACE('',(#4456),#171,.F.);
#6421=ADVANCED_FACE('',(#4457),#4637,.F.);
#6422=ADVANCED_FACE('',(#4458),#4638,.F.);
#6423=ADVANCED_FACE('',(#4459),#4639,.F.);
#6424=ADVANCED_FACE('',(#4460),#4640,.T.);
#6425=ADVANCED_FACE('',(#4461),#4641,.F.);
#6426=ADVANCED_FACE('',(#4462),#172,.T.);
#6427=ADVANCED_FACE('',(#4463),#4642,.F.);
#6428=ADVANCED_FACE('',(#4464),#173,.T.);
#6429=ADVANCED_FACE('',(#4465),#4643,.F.);
#6430=ADVANCED_FACE('',(#4466),#4644,.F.);
#6431=ADVANCED_FACE('',(#4467),#174,.F.);
#6432=ADVANCED_FACE('',(#4468),#4645,.F.);
#6433=ADVANCED_FACE('',(#4469),#175,.F.);
#6434=ADVANCED_FACE('',(#4470),#4646,.F.);
#6435=ADVANCED_FACE('',(#4471),#4647,.F.);
#6436=ADVANCED_FACE('',(#4472),#4648,.F.);
#6437=ADVANCED_FACE('',(#4473),#4649,.T.);
#6438=ADVANCED_FACE('',(#4474),#4650,.F.);
#6439=ADVANCED_FACE('',(#4475),#176,.T.);
#6440=ADVANCED_FACE('',(#4476),#4651,.F.);
#6441=ADVANCED_FACE('',(#4477),#177,.T.);
#6442=ADVANCED_FACE('',(#4478),#4652,.F.);
#6443=ADVANCED_FACE('',(#4479),#4653,.F.);
#6444=ADVANCED_FACE('',(#4480),#178,.F.);
#6445=ADVANCED_FACE('',(#4481),#4654,.F.);
#6446=ADVANCED_FACE('',(#4482),#179,.F.);
#6447=ADVANCED_FACE('',(#4483,#4484),#180,.T.);
#6448=ADVANCED_FACE('',(#4485),#4655,.T.);
#6449=ADVANCED_FACE('',(#4486,#4487),#181,.T.);
#6450=ADVANCED_FACE('',(#4488),#4656,.T.);
#6451=ADVANCED_FACE('',(#4489),#4657,.F.);
#6452=ADVANCED_FACE('',(#4490),#4658,.F.);
#6453=ADVANCED_FACE('',(#4491),#4659,.F.);
#6454=ADVANCED_FACE('',(#4492),#4660,.T.);
#6455=ADVANCED_FACE('',(#4493),#4661,.F.);
#6456=ADVANCED_FACE('',(#4494),#4662,.F.);
#6457=ADVANCED_FACE('',(#4495),#32,.T.);
#6458=ADVANCED_FACE('',(#4496),#182,.T.);
#6459=ADVANCED_FACE('',(#4497),#4663,.T.);
#6460=ADVANCED_FACE('',(#4498),#4664,.T.);
#6461=ADVANCED_FACE('',(#4499),#4665,.T.);
#6462=ADVANCED_FACE('',(#4500,#4501),#4666,.F.);
#6463=ADVANCED_FACE('',(#4502),#4667,.T.);
#6464=ADVANCED_FACE('',(#4503),#4668,.T.);
#6465=ADVANCED_FACE('',(#4504),#4669,.T.);
#6466=ADVANCED_FACE('',(#4505),#4670,.T.);
#6467=ADVANCED_FACE('',(#4506),#4671,.T.);
#6468=ADVANCED_FACE('',(#4507),#4672,.T.);
#6469=ADVANCED_FACE('',(#4508),#4673,.T.);
#6470=ADVANCED_FACE('',(#4509),#4674,.T.);
#6471=ADVANCED_FACE('',(#4510),#4675,.T.);
#6472=ADVANCED_FACE('',(#4511),#4676,.F.);
#6473=ADVANCED_FACE('',(#4512),#33,.T.);
#6474=ADVANCED_FACE('',(#4513),#183,.T.);
#6475=ADVANCED_FACE('',(#4514),#4677,.F.);
#6476=ADVANCED_FACE('',(#4515),#4678,.F.);
#6477=ADVANCED_FACE('',(#4516),#4679,.F.);
#6478=ADVANCED_FACE('',(#4517),#4680,.F.);
#6479=ADVANCED_FACE('',(#4518),#4681,.F.);
#6480=ADVANCED_FACE('',(#4519),#4682,.T.);
#6481=ADVANCED_FACE('',(#4520),#184,.F.);
#6482=ADVANCED_FACE('',(#4521),#185,.F.);
#6483=ADVANCED_FACE('',(#4522),#186,.F.);
#6484=ADVANCED_FACE('',(#4523),#187,.F.);
#6485=ADVANCED_FACE('',(#4524),#4683,.F.);
#6486=ADVANCED_FACE('',(#4525,#4526),#188,.T.);
#6487=CLOSED_SHELL('',(#6235,#6236,#6237,#6238,#6239,#6240,#6241,#6242,
#6243,#6244,#6245,#6246,#6247,#6248,#6249,#6250,#6251,#6252,#6253,#6254,
#6255,#6256,#6257,#6258,#6259,#6260,#6261,#6262,#6263,#6264,#6265,#6266,
#6267,#6268,#6269,#6270,#6271,#6272,#6273,#6274,#6275,#6276,#6277,#6278,
#6279,#6280,#6281,#6282,#6283,#6284,#6285,#6286,#6287,#6288,#6289,#6290,
#6291,#6292,#6293,#6294,#6295,#6296,#6297,#6298,#6299,#6300,#6301,#6302,
#6303,#6304,#6305,#6306,#6307,#6308,#6309,#6310,#6311,#6312,#6313,#6314,
#6315,#6316,#6317,#6318,#6319,#6320,#6321,#6322,#6323,#6324,#6325,#6326,
#6327,#6328,#6329,#6330,#6331,#6332,#6333,#6334,#6335,#6336,#6337,#6338,
#6339,#6340,#6341,#6342,#6343,#6344,#6345,#6346,#6347,#6348,#6349,#6350,
#6351,#6352,#6353,#6354,#6355,#6356,#6357,#6358,#6359,#6360,#6361,#6362,
#6363,#6364,#6365,#6366,#6367,#6368,#6369,#6370,#6371,#6372,#6373,#6374,
#6375,#6376,#6377,#6378,#6379,#6380,#6381,#6382,#6383,#6384,#6385,#6386,
#6387,#6388,#6389,#6390,#6391,#6392,#6393,#6394,#6395,#6396,#6397,#6398,
#6399,#6400,#6401,#6402,#6403,#6404,#6405,#6406,#6407,#6408,#6409,#6410,
#6411,#6412,#6413,#6414,#6415,#6416,#6417,#6418,#6419,#6420,#6421,#6422,
#6423,#6424,#6425,#6426,#6427,#6428,#6429,#6430,#6431,#6432,#6433,#6434,
#6435,#6436,#6437,#6438,#6439,#6440,#6441,#6442,#6443,#6444,#6445,#6446,
#6447,#6448,#6449,#6450,#6451,#6452,#6453,#6454));
#6488=CLOSED_SHELL('',(#6455,#6456,#6457,#6458,#6459,#6460,#6461,#6462,
#6463,#6464,#6465,#6466,#6467,#6468,#6469,#6470,#6471,#6472,#6473,#6474,
#6475,#6476,#6477,#6478,#6479,#6480,#6481,#6482,#6483,#6484,#6485,#6486));
#6489=MANIFOLD_SOLID_BREP('CS-4-13NA Body',#6487);
#6490=MANIFOLD_SOLID_BREP('CS-4-13NA7 Dial',#6488);
#6491=SHAPE_DEFINITION_REPRESENTATION(#9917,#6494);
#6492=SHAPE_DEFINITION_REPRESENTATION(#9918,#6495);
#6493=SHAPE_DEFINITION_REPRESENTATION(#9920,#6496);
#6494=SHAPE_REPRESENTATION('CS-4-13NTA',(#6497,#6874,#6939),#9908);
#6495=SHAPE_REPRESENTATION('CS-4-13NA Body',(#6497),#9909);
#6496=SHAPE_REPRESENTATION('CS-4-13NA7 Dial',(#6497),#9910);
#6497=AXIS2_PLACEMENT_3D('',#8314,#6940,#6941);
#6498=AXIS2_PLACEMENT_3D('',#8315,#6942,#6943);
#6499=AXIS2_PLACEMENT_3D('',#8316,#6944,#6945);
#6500=AXIS2_PLACEMENT_3D('',#8349,#6961,#6962);
#6501=AXIS2_PLACEMENT_3D('',#8352,#6964,#6965);
#6502=AXIS2_PLACEMENT_3D('',#8354,#6966,#6967);
#6503=AXIS2_PLACEMENT_3D('',#8363,#6971,#6972);
#6504=AXIS2_PLACEMENT_3D('',#8365,#6973,#6974);
#6505=AXIS2_PLACEMENT_3D('',#8367,#6975,#6976);
#6506=AXIS2_PLACEMENT_3D('',#8371,#6978,#6979);
#6507=AXIS2_PLACEMENT_3D('',#8375,#6981,#6982);
#6508=AXIS2_PLACEMENT_3D('',#8377,#6983,#6984);
#6509=AXIS2_PLACEMENT_3D('',#8379,#6985,#6986);
#6510=AXIS2_PLACEMENT_3D('',#8381,#6987,#6988);
#6511=AXIS2_PLACEMENT_3D('',#8383,#6989,#6990);
#6512=AXIS2_PLACEMENT_3D('',#8387,#6992,#6993);
#6513=AXIS2_PLACEMENT_3D('',#8391,#6995,#6996);
#6514=AXIS2_PLACEMENT_3D('',#8393,#6997,#6998);
#6515=AXIS2_PLACEMENT_3D('',#8395,#6999,#7000);
#6516=AXIS2_PLACEMENT_3D('',#8396,#7001,#7002);
#6517=AXIS2_PLACEMENT_3D('',#8433,#7021,#7022);
#6518=AXIS2_PLACEMENT_3D('',#8470,#7041,#7042);
#6519=AXIS2_PLACEMENT_3D('',#8471,#7043,#7044);
#6520=AXIS2_PLACEMENT_3D('',#8481,#7046,#7047);
#6521=AXIS2_PLACEMENT_3D('',#8484,#7049,#7050);
#6522=AXIS2_PLACEMENT_3D('',#8485,#7051,#7052);
#6523=AXIS2_PLACEMENT_3D('',#8490,#7054,#7055);
#6524=AXIS2_PLACEMENT_3D('',#8498,#7057,#7058);
#6525=AXIS2_PLACEMENT_3D('',#8503,#7061,#7062);
#6526=AXIS2_PLACEMENT_3D('',#8506,#7064,#7065);
#6527=AXIS2_PLACEMENT_3D('',#8513,#7069,#7070);
#6528=AXIS2_PLACEMENT_3D('',#8514,#7071,#7072);
#6529=AXIS2_PLACEMENT_3D('',#8520,#7075,#7076);
#6530=AXIS2_PLACEMENT_3D('',#8528,#7080,#7081);
#6531=AXIS2_PLACEMENT_3D('',#8531,#7083,#7084);
#6532=AXIS2_PLACEMENT_3D('',#8537,#7087,#7088);
#6533=AXIS2_PLACEMENT_3D('',#8545,#7092,#7093);
#6534=AXIS2_PLACEMENT_3D('',#8548,#7095,#7096);
#6535=AXIS2_PLACEMENT_3D('',#8549,#7097,#7098);
#6536=AXIS2_PLACEMENT_3D('',#8550,#7099,#7100);
#6537=AXIS2_PLACEMENT_3D('',#8556,#7101,#7102);
#6538=AXIS2_PLACEMENT_3D('',#8557,#7103,#7104);
#6539=AXIS2_PLACEMENT_3D('',#8563,#7105,#7106);
#6540=AXIS2_PLACEMENT_3D('',#8564,#7107,#7108);
#6541=AXIS2_PLACEMENT_3D('',#8565,#7109,#7110);
#6542=AXIS2_PLACEMENT_3D('',#8571,#7111,#7112);
#6543=AXIS2_PLACEMENT_3D('',#8572,#7113,#7114);
#6544=AXIS2_PLACEMENT_3D('',#8573,#7115,#7116);
#6545=AXIS2_PLACEMENT_3D('',#8574,#7117,#7118);
#6546=AXIS2_PLACEMENT_3D('',#8580,#7119,#7120);
#6547=AXIS2_PLACEMENT_3D('',#8627,#7145,#7146);
#6548=AXIS2_PLACEMENT_3D('',#8628,#7147,#7148);
#6549=AXIS2_PLACEMENT_3D('',#8637,#7150,#7151);
#6550=AXIS2_PLACEMENT_3D('',#8638,#7152,#7153);
#6551=AXIS2_PLACEMENT_3D('',#8639,#7154,#7155);
#6552=AXIS2_PLACEMENT_3D('',#8641,#7156,#7157);
#6553=AXIS2_PLACEMENT_3D('',#8649,#7159,#7160);
#6554=AXIS2_PLACEMENT_3D('',#8688,#7181,#7182);
#6555=AXIS2_PLACEMENT_3D('',#8708,#7192,#7193);
#6556=AXIS2_PLACEMENT_3D('',#8712,#7195,#7196);
#6557=AXIS2_PLACEMENT_3D('',#8726,#7203,#7204);
#6558=AXIS2_PLACEMENT_3D('',#8730,#7206,#7207);
#6559=AXIS2_PLACEMENT_3D('',#8744,#7214,#7215);
#6560=AXIS2_PLACEMENT_3D('',#8748,#7217,#7218);
#6561=AXIS2_PLACEMENT_3D('',#8749,#7219,#7220);
#6562=AXIS2_PLACEMENT_3D('',#8754,#7222,#7223);
#6563=AXIS2_PLACEMENT_3D('',#8756,#7224,#7225);
#6564=AXIS2_PLACEMENT_3D('',#8758,#7226,#7227);
#6565=AXIS2_PLACEMENT_3D('',#8760,#7228,#7229);
#6566=AXIS2_PLACEMENT_3D('',#8762,#7230,#7231);
#6567=AXIS2_PLACEMENT_3D('',#8766,#7233,#7234);
#6568=AXIS2_PLACEMENT_3D('',#8770,#7236,#7237);
#6569=AXIS2_PLACEMENT_3D('',#8772,#7238,#7239);
#6570=AXIS2_PLACEMENT_3D('',#8774,#7240,#7241);
#6571=AXIS2_PLACEMENT_3D('',#8776,#7242,#7243);
#6572=AXIS2_PLACEMENT_3D('',#8778,#7244,#7245);
#6573=AXIS2_PLACEMENT_3D('',#8782,#7247,#7248);
#6574=AXIS2_PLACEMENT_3D('',#8783,#7249,#7250);
#6575=AXIS2_PLACEMENT_3D('',#8800,#7253,#7254);
#6576=AXIS2_PLACEMENT_3D('',#8811,#7255,#7256);
#6577=AXIS2_PLACEMENT_3D('',#8828,#7259,#7260);
#6578=AXIS2_PLACEMENT_3D('',#8839,#7261,#7262);
#6579=AXIS2_PLACEMENT_3D('',#8856,#7263,#7264);
#6580=AXIS2_PLACEMENT_3D('',#8867,#7267,#7268);
#6581=AXIS2_PLACEMENT_3D('',#8878,#7271,#7272);
#6582=AXIS2_PLACEMENT_3D('',#8879,#7273,#7274);
#6583=AXIS2_PLACEMENT_3D('',#8881,#7275,#7276);
#6584=AXIS2_PLACEMENT_3D('',#8891,#7281,#7282);
#6585=AXIS2_PLACEMENT_3D('',#8892,#7283,#7284);
#6586=AXIS2_PLACEMENT_3D('',#8898,#7288,#7289);
#6587=AXIS2_PLACEMENT_3D('',#8899,#7290,#7291);
#6588=AXIS2_PLACEMENT_3D('',#8900,#7292,#7293);
#6589=AXIS2_PLACEMENT_3D('',#8903,#7294,#7295);
#6590=AXIS2_PLACEMENT_3D('',#8904,#7296,#7297);
#6591=AXIS2_PLACEMENT_3D('',#8906,#7298,#7299);
#6592=AXIS2_PLACEMENT_3D('',#8909,#7301,#7302);
#6593=AXIS2_PLACEMENT_3D('',#8913,#7304,#7305);
#6594=AXIS2_PLACEMENT_3D('',#8914,#7306,#7307);
#6595=AXIS2_PLACEMENT_3D('',#8915,#7308,#7309);
#6596=AXIS2_PLACEMENT_3D('',#8919,#7311,#7312);
#6597=AXIS2_PLACEMENT_3D('',#8923,#7314,#7315);
#6598=AXIS2_PLACEMENT_3D('',#8924,#7316,#7317);
#6599=AXIS2_PLACEMENT_3D('',#8928,#7319,#7320);
#6600=AXIS2_PLACEMENT_3D('',#8932,#7322,#7323);
#6601=AXIS2_PLACEMENT_3D('',#8933,#7324,#7325);
#6602=AXIS2_PLACEMENT_3D('',#8934,#7326,#7327);
#6603=AXIS2_PLACEMENT_3D('',#8938,#7329,#7330);
#6604=AXIS2_PLACEMENT_3D('',#8939,#7331,#7332);
#6605=AXIS2_PLACEMENT_3D('',#8940,#7333,#7334);
#6606=AXIS2_PLACEMENT_3D('',#8946,#7335,#7336);
#6607=AXIS2_PLACEMENT_3D('',#8947,#7337,#7338);
#6608=AXIS2_PLACEMENT_3D('',#8953,#7339,#7340);
#6609=AXIS2_PLACEMENT_3D('',#8959,#7341,#7342);
#6610=AXIS2_PLACEMENT_3D('',#8960,#7343,#7344);
#6611=AXIS2_PLACEMENT_3D('',#8961,#7345,#7346);
#6612=AXIS2_PLACEMENT_3D('',#8967,#7347,#7348);
#6613=AXIS2_PLACEMENT_3D('',#8968,#7349,#7350);
#6614=AXIS2_PLACEMENT_3D('',#8969,#7351,#7352);
#6615=AXIS2_PLACEMENT_3D('',#8974,#7353,#7354);
#6616=AXIS2_PLACEMENT_3D('',#8975,#7355,#7356);
#6617=AXIS2_PLACEMENT_3D('',#8976,#7357,#7358);
#6618=AXIS2_PLACEMENT_3D('',#8981,#7359,#7360);
#6619=AXIS2_PLACEMENT_3D('',#8982,#7361,#7362);
#6620=AXIS2_PLACEMENT_3D('',#8983,#7363,#7364);
#6621=AXIS2_PLACEMENT_3D('',#8984,#7365,#7366);
#6622=AXIS2_PLACEMENT_3D('',#8985,#7367,#7368);
#6623=AXIS2_PLACEMENT_3D('',#9006,#7379,#7380);
#6624=AXIS2_PLACEMENT_3D('',#9031,#7393,#7394);
#6625=AXIS2_PLACEMENT_3D('',#9052,#7405,#7406);
#6626=AXIS2_PLACEMENT_3D('',#9077,#7419,#7420);
#6627=AXIS2_PLACEMENT_3D('',#9080,#7423,#7424);
#6628=AXIS2_PLACEMENT_3D('',#9083,#7427,#7428);
#6629=AXIS2_PLACEMENT_3D('',#9085,#7430,#7431);
#6630=AXIS2_PLACEMENT_3D('',#9087,#7433,#7434);
#6631=AXIS2_PLACEMENT_3D('',#9088,#7435,#7436);
#6632=AXIS2_PLACEMENT_3D('',#9090,#7438,#7439);
#6633=AXIS2_PLACEMENT_3D('',#9092,#7441,#7442);
#6634=AXIS2_PLACEMENT_3D('',#9093,#7443,#7444);
#6635=AXIS2_PLACEMENT_3D('',#9095,#7446,#7447);
#6636=AXIS2_PLACEMENT_3D('',#9097,#7449,#7450);
#6637=AXIS2_PLACEMENT_3D('',#9098,#7451,#7452);
#6638=AXIS2_PLACEMENT_3D('',#9100,#7454,#7455);
#6639=AXIS2_PLACEMENT_3D('',#9102,#7457,#7458);
#6640=AXIS2_PLACEMENT_3D('',#9103,#7459,#7460);
#6641=AXIS2_PLACEMENT_3D('',#9104,#7461,#7462);
#6642=AXIS2_PLACEMENT_3D('',#9120,#7464,#7465);
#6643=AXIS2_PLACEMENT_3D('',#9121,#7466,#7467);
#6644=AXIS2_PLACEMENT_3D('',#9122,#7468,#7469);
#6645=AXIS2_PLACEMENT_3D('',#9123,#7470,#7471);
#6646=AXIS2_PLACEMENT_3D('',#9124,#7472,#7473);
#6647=AXIS2_PLACEMENT_3D('',#9125,#7474,#7475);
#6648=AXIS2_PLACEMENT_3D('',#9126,#7476,#7477);
#6649=AXIS2_PLACEMENT_3D('',#9128,#7478,#7479);
#6650=AXIS2_PLACEMENT_3D('',#9143,#7481,#7482);
#6651=AXIS2_PLACEMENT_3D('',#9144,#7483,#7484);
#6652=AXIS2_PLACEMENT_3D('',#9145,#7485,#7486);
#6653=AXIS2_PLACEMENT_3D('',#9146,#7487,#7488);
#6654=AXIS2_PLACEMENT_3D('',#9147,#7489,#7490);
#6655=AXIS2_PLACEMENT_3D('',#9148,#7491,#7492);
#6656=AXIS2_PLACEMENT_3D('',#9150,#7493,#7494);
#6657=AXIS2_PLACEMENT_3D('',#9157,#7498,#7499);
#6658=AXIS2_PLACEMENT_3D('',#9159,#7501,#7502);
#6659=AXIS2_PLACEMENT_3D('',#9170,#7503,#7504);
#6660=AXIS2_PLACEMENT_3D('',#9174,#7506,#7507);
#6661=AXIS2_PLACEMENT_3D('',#9175,#7508,#7509);
#6662=AXIS2_PLACEMENT_3D('',#9181,#7513,#7514);
#6663=AXIS2_PLACEMENT_3D('',#9187,#7518,#7519);
#6664=AXIS2_PLACEMENT_3D('',#9193,#7523,#7524);
#6665=AXIS2_PLACEMENT_3D('',#9199,#7525,#7526);
#6666=AXIS2_PLACEMENT_3D('',#9200,#7527,#7528);
#6667=AXIS2_PLACEMENT_3D('',#9206,#7529,#7530);
#6668=AXIS2_PLACEMENT_3D('',#9207,#7531,#7532);
#6669=AXIS2_PLACEMENT_3D('',#9209,#7533,#7534);
#6670=AXIS2_PLACEMENT_3D('',#9216,#7538,#7539);
#6671=AXIS2_PLACEMENT_3D('',#9218,#7541,#7542);
#6672=AXIS2_PLACEMENT_3D('',#9220,#7544,#7545);
#6673=AXIS2_PLACEMENT_3D('',#9222,#7547,#7548);
#6674=AXIS2_PLACEMENT_3D('',#9224,#7550,#7551);
#6675=AXIS2_PLACEMENT_3D('',#9226,#7553,#7554);
#6676=AXIS2_PLACEMENT_3D('',#9227,#7555,#7556);
#6677=AXIS2_PLACEMENT_3D('',#9229,#7558,#7559);
#6678=AXIS2_PLACEMENT_3D('',#9231,#7561,#7562);
#6679=AXIS2_PLACEMENT_3D('',#9233,#7564,#7565);
#6680=AXIS2_PLACEMENT_3D('',#9235,#7567,#7568);
#6681=AXIS2_PLACEMENT_3D('',#9237,#7570,#7571);
#6682=AXIS2_PLACEMENT_3D('',#9238,#7572,#7573);
#6683=AXIS2_PLACEMENT_3D('',#9240,#7575,#7576);
#6684=AXIS2_PLACEMENT_3D('',#9241,#7577,#7578);
#6685=AXIS2_PLACEMENT_3D('',#9244,#7581,#7582);
#6686=AXIS2_PLACEMENT_3D('',#9246,#7584,#7585);
#6687=AXIS2_PLACEMENT_3D('',#9248,#7587,#7588);
#6688=AXIS2_PLACEMENT_3D('',#9251,#7591,#7592);
#6689=AXIS2_PLACEMENT_3D('',#9252,#7593,#7594);
#6690=AXIS2_PLACEMENT_3D('',#9255,#7597,#7598);
#6691=AXIS2_PLACEMENT_3D('',#9258,#7601,#7602);
#6692=AXIS2_PLACEMENT_3D('',#9260,#7604,#7605);
#6693=AXIS2_PLACEMENT_3D('',#9262,#7607,#7608);
#6694=AXIS2_PLACEMENT_3D('',#9263,#7609,#7610);
#6695=AXIS2_PLACEMENT_3D('',#9269,#7614,#7615);
#6696=AXIS2_PLACEMENT_3D('',#9275,#7619,#7620);
#6697=AXIS2_PLACEMENT_3D('',#9276,#7621,#7622);
#6698=AXIS2_PLACEMENT_3D('',#9277,#7623,#7624);
#6699=AXIS2_PLACEMENT_3D('',#9278,#7625,#7626);
#6700=AXIS2_PLACEMENT_3D('',#9279,#7627,#7628);
#6701=AXIS2_PLACEMENT_3D('',#9280,#7629,#7630);
#6702=AXIS2_PLACEMENT_3D('',#9281,#7631,#7632);
#6703=AXIS2_PLACEMENT_3D('',#9282,#7633,#7634);
#6704=AXIS2_PLACEMENT_3D('',#9283,#7635,#7636);
#6705=AXIS2_PLACEMENT_3D('',#9284,#7637,#7638);
#6706=AXIS2_PLACEMENT_3D('',#9285,#7639,#7640);
#6707=AXIS2_PLACEMENT_3D('',#9288,#7643,#7644);
#6708=AXIS2_PLACEMENT_3D('',#9291,#7647,#7648);
#6709=AXIS2_PLACEMENT_3D('',#9292,#7649,#7650);
#6710=AXIS2_PLACEMENT_3D('',#9294,#7652,#7653);
#6711=AXIS2_PLACEMENT_3D('',#9297,#7656,#7657);
#6712=AXIS2_PLACEMENT_3D('',#9300,#7660,#7661);
#6713=AXIS2_PLACEMENT_3D('',#9301,#7662,#7663);
#6714=AXIS2_PLACEMENT_3D('',#9303,#7665,#7666);
#6715=AXIS2_PLACEMENT_3D('',#9304,#7667,#7668);
#6716=AXIS2_PLACEMENT_3D('',#9305,#7669,#7670);
#6717=AXIS2_PLACEMENT_3D('',#9306,#7671,#7672);
#6718=AXIS2_PLACEMENT_3D('',#9307,#7673,#7674);
#6719=AXIS2_PLACEMENT_3D('',#9308,#7675,#7676);
#6720=AXIS2_PLACEMENT_3D('',#9311,#7679,#7680);
#6721=AXIS2_PLACEMENT_3D('',#9312,#7681,#7682);
#6722=AXIS2_PLACEMENT_3D('',#9313,#7683,#7684);
#6723=AXIS2_PLACEMENT_3D('',#9315,#7686,#7687);
#6724=AXIS2_PLACEMENT_3D('',#9318,#7689,#7690);
#6725=AXIS2_PLACEMENT_3D('',#9322,#7693,#7694);
#6726=AXIS2_PLACEMENT_3D('',#9323,#7695,#7696);
#6727=AXIS2_PLACEMENT_3D('',#9324,#7697,#7698);
#6728=AXIS2_PLACEMENT_3D('',#9326,#7699,#7700);
#6729=AXIS2_PLACEMENT_3D('',#9327,#7701,#7702);
#6730=AXIS2_PLACEMENT_3D('',#9329,#7703,#7704);
#6731=AXIS2_PLACEMENT_3D('',#9330,#7705,#7706);
#6732=AXIS2_PLACEMENT_3D('',#9332,#7707,#7708);
#6733=AXIS2_PLACEMENT_3D('',#9333,#7709,#7710);
#6734=AXIS2_PLACEMENT_3D('',#9334,#7711,#7712);
#6735=AXIS2_PLACEMENT_3D('',#9335,#7713,#7714);
#6736=AXIS2_PLACEMENT_3D('',#9336,#7715,#7716);
#6737=AXIS2_PLACEMENT_3D('',#9337,#7717,#7718);
#6738=AXIS2_PLACEMENT_3D('',#9340,#7721,#7722);
#6739=AXIS2_PLACEMENT_3D('',#9346,#7726,#7727);
#6740=AXIS2_PLACEMENT_3D('',#9349,#7730,#7731);
#6741=AXIS2_PLACEMENT_3D('',#9350,#7732,#7733);
#6742=AXIS2_PLACEMENT_3D('',#9351,#7734,#7735);
#6743=AXIS2_PLACEMENT_3D('',#9354,#7738,#7739);
#6744=AXIS2_PLACEMENT_3D('',#9358,#7742,#7743);
#6745=AXIS2_PLACEMENT_3D('',#9362,#7746,#7747);
#6746=AXIS2_PLACEMENT_3D('',#9364,#7749,#7750);
#6747=AXIS2_PLACEMENT_3D('',#9365,#7751,#7752);
#6748=AXIS2_PLACEMENT_3D('',#9369,#7755,#7756);
#6749=AXIS2_PLACEMENT_3D('',#9373,#7759,#7760);
#6750=AXIS2_PLACEMENT_3D('',#9377,#7763,#7764);
#6751=AXIS2_PLACEMENT_3D('',#9381,#7767,#7768);
#6752=AXIS2_PLACEMENT_3D('',#9383,#7770,#7771);
#6753=AXIS2_PLACEMENT_3D('',#9385,#7773,#7774);
#6754=AXIS2_PLACEMENT_3D('',#9389,#7777,#7778);
#6755=AXIS2_PLACEMENT_3D('',#9393,#7781,#7782);
#6756=AXIS2_PLACEMENT_3D('',#9397,#7785,#7786);
#6757=AXIS2_PLACEMENT_3D('',#9398,#7787,#7788);
#6758=AXIS2_PLACEMENT_3D('',#9401,#7790,#7791);
#6759=AXIS2_PLACEMENT_3D('',#9403,#7793,#7794);
#6760=AXIS2_PLACEMENT_3D('',#9407,#7797,#7798);
#6761=AXIS2_PLACEMENT_3D('',#9408,#7799,#7800);
#6762=AXIS2_PLACEMENT_3D('',#9411,#7802,#7803);
#6763=AXIS2_PLACEMENT_3D('',#9413,#7805,#7806);
#6764=AXIS2_PLACEMENT_3D('',#9414,#7807,#7808);
#6765=AXIS2_PLACEMENT_3D('',#9416,#7809,#7810);
#6766=AXIS2_PLACEMENT_3D('',#9418,#7811,#7812);
#6767=AXIS2_PLACEMENT_3D('',#9420,#7813,#7814);
#6768=AXIS2_PLACEMENT_3D('',#9442,#7827,#7828);
#6769=AXIS2_PLACEMENT_3D('',#9443,#7829,#7830);
#6770=AXIS2_PLACEMENT_3D('',#9445,#7831,#7832);
#6771=AXIS2_PLACEMENT_3D('',#9446,#7833,#7834);
#6772=AXIS2_PLACEMENT_3D('',#9447,#7835,#7836);
#6773=AXIS2_PLACEMENT_3D('',#9449,#7837,#7838);
#6774=AXIS2_PLACEMENT_3D('',#9450,#7839,#7840);
#6775=AXIS2_PLACEMENT_3D('',#9451,#7841,#7842);
#6776=AXIS2_PLACEMENT_3D('',#9453,#7843,#7844);
#6777=AXIS2_PLACEMENT_3D('',#9454,#7845,#7846);
#6778=AXIS2_PLACEMENT_3D('',#9455,#7847,#7848);
#6779=AXIS2_PLACEMENT_3D('',#9457,#7849,#7850);
#6780=AXIS2_PLACEMENT_3D('',#9458,#7851,#7852);
#6781=AXIS2_PLACEMENT_3D('',#9464,#7856,#7857);
#6782=AXIS2_PLACEMENT_3D('',#9470,#7861,#7862);
#6783=AXIS2_PLACEMENT_3D('',#9476,#7866,#7867);
#6784=AXIS2_PLACEMENT_3D('',#9477,#7868,#7869);
#6785=AXIS2_PLACEMENT_3D('',#9481,#7871,#7872);
#6786=AXIS2_PLACEMENT_3D('',#9486,#7875,#7876);
#6787=AXIS2_PLACEMENT_3D('',#9490,#7878,#7879);
#6788=AXIS2_PLACEMENT_3D('',#9491,#7880,#7881);
#6789=AXIS2_PLACEMENT_3D('',#9492,#7882,#7883);
#6790=AXIS2_PLACEMENT_3D('',#9496,#7885,#7886);
#6791=AXIS2_PLACEMENT_3D('',#9501,#7889,#7890);
#6792=AXIS2_PLACEMENT_3D('',#9505,#7892,#7893);
#6793=AXIS2_PLACEMENT_3D('',#9506,#7894,#7895);
#6794=AXIS2_PLACEMENT_3D('',#9508,#7897,#7898);
#6795=AXIS2_PLACEMENT_3D('',#9510,#7900,#7901);
#6796=AXIS2_PLACEMENT_3D('',#9511,#7902,#7903);
#6797=AXIS2_PLACEMENT_3D('',#9513,#7905,#7906);
#6798=AXIS2_PLACEMENT_3D('',#9515,#7908,#7909);
#6799=AXIS2_PLACEMENT_3D('',#9517,#7911,#7912);
#6800=AXIS2_PLACEMENT_3D('',#9519,#7914,#7915);
#6801=AXIS2_PLACEMENT_3D('',#9520,#7916,#7917);
#6802=AXIS2_PLACEMENT_3D('',#9526,#7921,#7922);
#6803=AXIS2_PLACEMENT_3D('',#9532,#7926,#7927);
#6804=AXIS2_PLACEMENT_3D('',#9538,#7931,#7932);
#6805=AXIS2_PLACEMENT_3D('',#9539,#7933,#7934);
#6806=AXIS2_PLACEMENT_3D('',#9543,#7936,#7937);
#6807=AXIS2_PLACEMENT_3D('',#9548,#7940,#7941);
#6808=AXIS2_PLACEMENT_3D('',#9552,#7943,#7944);
#6809=AXIS2_PLACEMENT_3D('',#9553,#7945,#7946);
#6810=AXIS2_PLACEMENT_3D('',#9554,#7947,#7948);
#6811=AXIS2_PLACEMENT_3D('',#9558,#7950,#7951);
#6812=AXIS2_PLACEMENT_3D('',#9563,#7954,#7955);
#6813=AXIS2_PLACEMENT_3D('',#9567,#7957,#7958);
#6814=AXIS2_PLACEMENT_3D('',#9568,#7959,#7960);
#6815=AXIS2_PLACEMENT_3D('',#9570,#7962,#7963);
#6816=AXIS2_PLACEMENT_3D('',#9572,#7965,#7966);
#6817=AXIS2_PLACEMENT_3D('',#9574,#7968,#7969);
#6818=AXIS2_PLACEMENT_3D('',#9576,#7971,#7972);
#6819=AXIS2_PLACEMENT_3D('',#9577,#7973,#7974);
#6820=AXIS2_PLACEMENT_3D('',#9579,#7976,#7977);
#6821=AXIS2_PLACEMENT_3D('',#9581,#7979,#7980);
#6822=AXIS2_PLACEMENT_3D('',#9582,#7981,#7982);
#6823=AXIS2_PLACEMENT_3D('',#9588,#7986,#7987);
#6824=AXIS2_PLACEMENT_3D('',#9594,#7991,#7992);
#6825=AXIS2_PLACEMENT_3D('',#9600,#7996,#7997);
#6826=AXIS2_PLACEMENT_3D('',#9601,#7998,#7999);
#6827=AXIS2_PLACEMENT_3D('',#9605,#8001,#8002);
#6828=AXIS2_PLACEMENT_3D('',#9610,#8005,#8006);
#6829=AXIS2_PLACEMENT_3D('',#9614,#8008,#8009);
#6830=AXIS2_PLACEMENT_3D('',#9615,#8010,#8011);
#6831=AXIS2_PLACEMENT_3D('',#9616,#8012,#8013);
#6832=AXIS2_PLACEMENT_3D('',#9620,#8015,#8016);
#6833=AXIS2_PLACEMENT_3D('',#9625,#8019,#8020);
#6834=AXIS2_PLACEMENT_3D('',#9629,#8022,#8023);
#6835=AXIS2_PLACEMENT_3D('',#9630,#8024,#8025);
#6836=AXIS2_PLACEMENT_3D('',#9632,#8027,#8028);
#6837=AXIS2_PLACEMENT_3D('',#9634,#8030,#8031);
#6838=AXIS2_PLACEMENT_3D('',#9636,#8033,#8034);
#6839=AXIS2_PLACEMENT_3D('',#9638,#8036,#8037);
#6840=AXIS2_PLACEMENT_3D('',#9639,#8038,#8039);
#6841=AXIS2_PLACEMENT_3D('',#9641,#8041,#8042);
#6842=AXIS2_PLACEMENT_3D('',#9643,#8044,#8045);
#6843=AXIS2_PLACEMENT_3D('',#9644,#8046,#8047);
#6844=AXIS2_PLACEMENT_3D('',#9650,#8051,#8052);
#6845=AXIS2_PLACEMENT_3D('',#9656,#8056,#8057);
#6846=AXIS2_PLACEMENT_3D('',#9662,#8061,#8062);
#6847=AXIS2_PLACEMENT_3D('',#9663,#8063,#8064);
#6848=AXIS2_PLACEMENT_3D('',#9667,#8066,#8067);
#6849=AXIS2_PLACEMENT_3D('',#9672,#8070,#8071);
#6850=AXIS2_PLACEMENT_3D('',#9676,#8073,#8074);
#6851=AXIS2_PLACEMENT_3D('',#9677,#8075,#8076);
#6852=AXIS2_PLACEMENT_3D('',#9678,#8077,#8078);
#6853=AXIS2_PLACEMENT_3D('',#9682,#8080,#8081);
#6854=AXIS2_PLACEMENT_3D('',#9687,#8084,#8085);
#6855=AXIS2_PLACEMENT_3D('',#9691,#8087,#8088);
#6856=AXIS2_PLACEMENT_3D('',#9692,#8089,#8090);
#6857=AXIS2_PLACEMENT_3D('',#9694,#8092,#8093);
#6858=AXIS2_PLACEMENT_3D('',#9696,#8095,#8096);
#6859=AXIS2_PLACEMENT_3D('',#9698,#8098,#8099);
#6860=AXIS2_PLACEMENT_3D('',#9700,#8101,#8102);
#6861=AXIS2_PLACEMENT_3D('',#9701,#8103,#8104);
#6862=AXIS2_PLACEMENT_3D('',#9703,#8106,#8107);
#6863=AXIS2_PLACEMENT_3D('',#9705,#8109,#8110);
#6864=AXIS2_PLACEMENT_3D('',#9706,#8111,#8112);
#6865=AXIS2_PLACEMENT_3D('',#9707,#8113,#8114);
#6866=AXIS2_PLACEMENT_3D('',#9709,#8115,#8116);
#6867=AXIS2_PLACEMENT_3D('',#9710,#8117,#8118);
#6868=AXIS2_PLACEMENT_3D('',#9711,#8119,#8120);
#6869=AXIS2_PLACEMENT_3D('',#9713,#8121,#8122);
#6870=AXIS2_PLACEMENT_3D('',#9714,#8123,#8124);
#6871=AXIS2_PLACEMENT_3D('',#9718,#8127,#8128);
#6872=AXIS2_PLACEMENT_3D('',#9722,#8131,#8132);
#6873=AXIS2_PLACEMENT_3D('',#9724,#8134,#8135);
#6874=AXIS2_PLACEMENT_3D('',#9725,#8136,#8137);
#6875=AXIS2_PLACEMENT_3D('',#9726,#8138,#8139);
#6876=AXIS2_PLACEMENT_3D('',#9732,#8142,#8143);
#6877=AXIS2_PLACEMENT_3D('',#9733,#8144,#8145);
#6878=AXIS2_PLACEMENT_3D('',#9744,#8149,#8150);
#6879=AXIS2_PLACEMENT_3D('',#9750,#8151,#8152);
#6880=AXIS2_PLACEMENT_3D('',#9751,#8153,#8154);
#6881=AXIS2_PLACEMENT_3D('',#9752,#8155,#8156);
#6882=AXIS2_PLACEMENT_3D('',#9757,#8158,#8159);
#6883=AXIS2_PLACEMENT_3D('',#9761,#8161,#8162);
#6884=AXIS2_PLACEMENT_3D('',#9763,#8163,#8164);
#6885=AXIS2_PLACEMENT_3D('',#9765,#8165,#8166);
#6886=AXIS2_PLACEMENT_3D('',#9767,#8167,#8168);
#6887=AXIS2_PLACEMENT_3D('',#9768,#8169,#8170);
#6888=AXIS2_PLACEMENT_3D('',#9774,#8173,#8174);
#6889=AXIS2_PLACEMENT_3D('',#9777,#8176,#8177);
#6890=AXIS2_PLACEMENT_3D('',#9781,#8179,#8180);
#6891=AXIS2_PLACEMENT_3D('',#9785,#8182,#8183);
#6892=AXIS2_PLACEMENT_3D('',#9786,#8184,#8185);
#6893=AXIS2_PLACEMENT_3D('',#9792,#8188,#8189);
#6894=AXIS2_PLACEMENT_3D('',#9795,#8191,#8192);
#6895=AXIS2_PLACEMENT_3D('',#9799,#8194,#8195);
#6896=AXIS2_PLACEMENT_3D('',#9806,#8199,#8200);
#6897=AXIS2_PLACEMENT_3D('',#9815,#8205,#8206);
#6898=AXIS2_PLACEMENT_3D('',#9820,#8209,#8210);
#6899=AXIS2_PLACEMENT_3D('',#9824,#8212,#8213);
#6900=AXIS2_PLACEMENT_3D('',#9828,#8215,#8216);
#6901=AXIS2_PLACEMENT_3D('',#9831,#8218,#8219);
#6902=AXIS2_PLACEMENT_3D('',#9833,#8220,#8221);
#6903=AXIS2_PLACEMENT_3D('',#9835,#8223,#8224);
#6904=AXIS2_PLACEMENT_3D('',#9836,#8225,#8226);
#6905=AXIS2_PLACEMENT_3D('',#9838,#8228,#8229);
#6906=AXIS2_PLACEMENT_3D('',#9839,#8230,#8231);
#6907=AXIS2_PLACEMENT_3D('',#9841,#8233,#8234);
#6908=AXIS2_PLACEMENT_3D('',#9842,#8235,#8236);
#6909=AXIS2_PLACEMENT_3D('',#9844,#8238,#8239);
#6910=AXIS2_PLACEMENT_3D('',#9845,#8240,#8241);
#6911=AXIS2_PLACEMENT_3D('',#9850,#8244,#8245);
#6912=AXIS2_PLACEMENT_3D('',#9851,#8246,#8247);
#6913=AXIS2_PLACEMENT_3D('',#9852,#8248,#8249);
#6914=AXIS2_PLACEMENT_3D('',#9853,#8250,#8251);
#6915=AXIS2_PLACEMENT_3D('',#9854,#8252,#8253);
#6916=AXIS2_PLACEMENT_3D('',#9855,#8254,#8255);
#6917=AXIS2_PLACEMENT_3D('',#9856,#8256,#8257);
#6918=AXIS2_PLACEMENT_3D('',#9857,#8258,#8259);
#6919=AXIS2_PLACEMENT_3D('',#9858,#8260,#8261);
#6920=AXIS2_PLACEMENT_3D('',#9859,#8262,#8263);
#6921=AXIS2_PLACEMENT_3D('',#9860,#8264,#8265);
#6922=AXIS2_PLACEMENT_3D('',#9861,#8266,#8267);
#6923=AXIS2_PLACEMENT_3D('',#9862,#8268,#8269);
#6924=AXIS2_PLACEMENT_3D('',#9868,#8272,#8273);
#6925=AXIS2_PLACEMENT_3D('',#9877,#8274,#8275);
#6926=AXIS2_PLACEMENT_3D('',#9879,#8277,#8278);
#6927=AXIS2_PLACEMENT_3D('',#9881,#8280,#8281);
#6928=AXIS2_PLACEMENT_3D('',#9887,#8285,#8286);
#6929=AXIS2_PLACEMENT_3D('',#9891,#8289,#8290);
#6930=AXIS2_PLACEMENT_3D('',#9895,#8293,#8294);
#6931=AXIS2_PLACEMENT_3D('',#9897,#8296,#8297);
#6932=AXIS2_PLACEMENT_3D('',#9898,#8298,#8299);
#6933=AXIS2_PLACEMENT_3D('',#9899,#8300,#8301);
#6934=AXIS2_PLACEMENT_3D('',#9900,#8302,#8303);
#6935=AXIS2_PLACEMENT_3D('',#9901,#8304,#8305);
#6936=AXIS2_PLACEMENT_3D('',#9902,#8306,#8307);
#6937=AXIS2_PLACEMENT_3D('',#9903,#8308,#8309);
#6938=AXIS2_PLACEMENT_3D('',#9905,#8310,#8311);
#6939=AXIS2_PLACEMENT_3D('',#9906,#8312,#8313);
#6940=DIRECTION('',(0.,0.,1.));
#6941=DIRECTION('',(1.,0.,0.));
#6942=DIRECTION('',(0.,0.,-1.));
#6943=DIRECTION('',(-1.,0.,0.));
#6944=DIRECTION('',(0.,0.,-1.));
#6945=DIRECTION('',(-1.,0.,0.));
#6946=DIRECTION('',(0.,-1.,0.));
#6947=DIRECTION('',(1.,0.,0.));
#6948=DIRECTION('',(0.,-1.,0.));
#6949=DIRECTION('',(1.,0.,-1.48493779678188E-16));
#6950=DIRECTION('',(0.,1.,0.));
#6951=DIRECTION('',(1.,0.,-1.48493779678188E-16));
#6952=DIRECTION('',(0.,-1.,0.));
#6953=DIRECTION('',(-1.,0.,0.));
#6954=DIRECTION('',(0.,-1.,0.));
#6955=DIRECTION('',(1.,0.,-1.48493779678188E-16));
#6956=DIRECTION('',(0.,1.,0.));
#6957=DIRECTION('',(1.,0.,-1.48493779678188E-16));
#6958=DIRECTION('',(0.,-1.,0.));
#6959=DIRECTION('',(1.,0.,0.));
#6960=DIRECTION('',(0.,1.,0.));
#6961=DIRECTION('',(0.,0.,-1.));
#6962=DIRECTION('',(-1.,0.,0.));
#6963=DIRECTION('',(-1.,0.,0.));
#6964=DIRECTION('',(0.,0.,-1.));
#6965=DIRECTION('',(-1.,0.,0.));
#6966=DIRECTION('',(0.,0.,-1.));
#6967=DIRECTION('',(-1.,0.,0.));
#6968=DIRECTION('',(0.,1.,0.));
#6969=DIRECTION('',(1.,0.,0.));
#6970=DIRECTION('',(0.,-1.,0.));
#6971=DIRECTION('',(0.,0.,1.));
#6972=DIRECTION('',(1.,0.,0.));
#6973=DIRECTION('',(0.,0.,1.));
#6974=DIRECTION('',(1.,0.,0.));
#6975=DIRECTION('',(0.,0.,1.));
#6976=DIRECTION('',(1.,0.,0.));
#6977=DIRECTION('',(0.,-1.,0.));
#6978=DIRECTION('',(0.,0.,1.));
#6979=DIRECTION('',(1.,0.,0.));
#6980=DIRECTION('',(0.,-1.,0.));
#6981=DIRECTION('',(0.,0.,1.));
#6982=DIRECTION('',(1.,0.,0.));
#6983=DIRECTION('',(0.,0.,1.));
#6984=DIRECTION('',(1.,0.,0.));
#6985=DIRECTION('',(0.,0.,1.));
#6986=DIRECTION('',(1.,0.,0.));
#6987=DIRECTION('',(0.,0.,1.));
#6988=DIRECTION('',(1.,0.,0.));
#6989=DIRECTION('',(0.,0.,1.));
#6990=DIRECTION('',(1.,0.,0.));
#6991=DIRECTION('',(0.,-1.,0.));
#6992=DIRECTION('',(0.,0.,1.));
#6993=DIRECTION('',(1.,0.,0.));
#6994=DIRECTION('',(0.,-1.,0.));
#6995=DIRECTION('',(0.,0.,1.));
#6996=DIRECTION('',(1.,0.,0.));
#6997=DIRECTION('',(0.,0.,1.));
#6998=DIRECTION('',(1.,0.,0.));
#6999=DIRECTION('',(0.,0.,1.));
#7000=DIRECTION('',(1.,0.,0.));
#7001=DIRECTION('',(1.,0.,0.));
#7002=DIRECTION('',(0.,0.,-1.));
#7003=DIRECTION('',(0.,-1.,0.));
#7004=DIRECTION('',(0.,0.,1.));
#7005=DIRECTION('',(0.,-1.,0.));
#7006=DIRECTION('',(0.,0.,1.));
#7007=DIRECTION('',(0.,0.,-1.));
#7008=DIRECTION('',(0.,-1.,0.));
#7009=DIRECTION('',(0.,0.,1.));
#7010=DIRECTION('',(0.,-1.,0.));
#7011=DIRECTION('',(0.,-0.242535625036332,-0.970142500145332));
#7012=DIRECTION('',(0.,-1.,0.));
#7013=DIRECTION('',(0.,0.,1.));
#7014=DIRECTION('',(0.,-1.,0.));
#7015=DIRECTION('',(0.,0.,-1.));
#7016=DIRECTION('',(0.,-1.,0.));
#7017=DIRECTION('',(0.,0.,1.));
#7018=DIRECTION('',(0.,-1.,0.));
#7019=DIRECTION('',(0.,0.,-1.));
#7020=DIRECTION('',(0.,-1.,0.));
#7021=DIRECTION('',(1.,0.,0.));
#7022=DIRECTION('',(0.,0.,-1.));
#7023=DIRECTION('',(0.,0.,1.));
#7024=DIRECTION('',(0.,-1.,0.));
#7025=DIRECTION('',(0.,0.,1.));
#7026=DIRECTION('',(0.,-1.,0.));
#7027=DIRECTION('',(0.,-1.,0.));
#7028=DIRECTION('',(0.,0.,-1.));
#7029=DIRECTION('',(0.,1.,0.));
#7030=DIRECTION('',(0.,0.,-1.));
#7031=DIRECTION('',(0.,-1.,0.));
#7032=DIRECTION('',(0.,0.,-1.));
#7033=DIRECTION('',(0.,-1.,0.));
#7034=DIRECTION('',(0.,0.,-1.));
#7035=DIRECTION('',(0.,-1.,0.));
#7036=DIRECTION('',(0.,0.,-1.));
#7037=DIRECTION('',(0.,-1.,0.));
#7038=DIRECTION('',(0.,-0.242535625036332,-0.970142500145332));
#7039=DIRECTION('',(0.,-1.,0.));
#7040=DIRECTION('',(0.,0.,1.));
#7041=DIRECTION('',(-1.,0.,0.));
#7042=DIRECTION('',(0.,0.,1.));
#7043=DIRECTION('',(1.,0.,0.));
#7044=DIRECTION('',(0.,0.,-1.));
#7045=DIRECTION('',(-1.,0.,0.));
#7046=DIRECTION('',(-1.,6.12323399573677E-17,0.));
#7047=DIRECTION('',(6.12323399573677E-17,1.,0.));
#7048=DIRECTION('',(-1.,0.,0.));
#7049=DIRECTION('',(-1.,0.,0.));
#7050=DIRECTION('',(0.,0.,1.));
#7051=DIRECTION('',(-1.,0.,0.));
#7052=DIRECTION('',(0.,0.,1.));
#7053=DIRECTION('',(-1.,0.,0.));
#7054=DIRECTION('',(1.,6.12323399573677E-17,0.));
#7055=DIRECTION('',(6.12323399573677E-17,-1.,0.));
#7056=DIRECTION('',(-1.,0.,0.));
#7057=DIRECTION('',(0.,0.,1.));
#7058=DIRECTION('',(1.,0.,0.));
#7059=DIRECTION('',(1.,0.,0.));
#7060=DIRECTION('',(0.,-1.,0.));
#7061=DIRECTION('',(0.,0.,-1.));
#7062=DIRECTION('',(-1.,0.,0.));
#7063=DIRECTION('',(0.,-1.,0.));
#7064=DIRECTION('',(0.,0.,1.));
#7065=DIRECTION('',(1.,0.,0.));
#7066=DIRECTION('',(0.,1.,0.));
#7067=DIRECTION('',(1.,0.,0.));
#7068=DIRECTION('',(0.,-1.,0.));
#7069=DIRECTION('',(0.,0.,1.));
#7070=DIRECTION('',(1.,0.,0.));
#7071=DIRECTION('',(0.,0.,1.));
#7072=DIRECTION('',(1.,0.,0.));
#7073=DIRECTION('',(-1.,0.,0.));
#7074=DIRECTION('',(0.,1.,0.));
#7075=DIRECTION('',(0.,0.,1.));
#7076=DIRECTION('',(1.,0.,0.));
#7077=DIRECTION('',(-1.,0.,0.));
#7078=DIRECTION('',(0.,1.,0.));
#7079=DIRECTION('',(-1.,0.,0.));
#7080=DIRECTION('',(0.,0.,1.));
#7081=DIRECTION('',(1.,0.,0.));
#7082=DIRECTION('',(0.,-1.,0.));
#7083=DIRECTION('',(0.,0.,1.));
#7084=DIRECTION('',(1.,0.,0.));
#7085=DIRECTION('',(0.,-1.,0.));
#7086=DIRECTION('',(-1.,0.,0.));
#7087=DIRECTION('',(0.,0.,1.));
#7088=DIRECTION('',(1.,0.,0.));
#7089=DIRECTION('',(0.,-1.,0.));
#7090=DIRECTION('',(-1.,0.,0.));
#7091=DIRECTION('',(0.,-1.,0.));
#7092=DIRECTION('',(0.,0.,-1.));
#7093=DIRECTION('',(-1.,0.,0.));
#7094=DIRECTION('',(-1.,0.,0.));
#7095=DIRECTION('',(0.,-1.,0.));
#7096=DIRECTION('',(0.,0.,-1.));
#7097=DIRECTION('',(0.,1.,0.));
#7098=DIRECTION('',(0.,0.,1.));
#7099=DIRECTION('',(0.,1.,0.));
#7100=DIRECTION('',(1.,0.,0.));
#7101=DIRECTION('',(0.,-1.,0.));
#7102=DIRECTION('',(0.,0.,-1.));
#7103=DIRECTION('',(0.,-1.,0.));
#7104=DIRECTION('',(0.,0.,-1.));
#7105=DIRECTION('',(0.,1.,0.));
#7106=DIRECTION('',(1.,0.,0.));
#7107=DIRECTION('',(0.,-1.,0.));
#7108=DIRECTION('',(0.,0.,-1.));
#7109=DIRECTION('',(0.,1.,0.));
#7110=DIRECTION('',(0.,0.,1.));
#7111=DIRECTION('',(0.,1.,0.));
#7112=DIRECTION('',(1.,0.,0.));
#7113=DIRECTION('',(0.,-1.,0.));
#7114=DIRECTION('',(0.,0.,-1.));
#7115=DIRECTION('',(0.,-1.,0.));
#7116=DIRECTION('',(0.,0.,-1.));
#7117=DIRECTION('',(0.,1.,0.));
#7118=DIRECTION('',(0.,0.,1.));
#7119=DIRECTION('',(0.,1.,0.));
#7120=DIRECTION('',(0.,0.,1.));
#7121=DIRECTION('',(-1.,0.,0.));
#7122=DIRECTION('',(0.,0.,-1.));
#7123=DIRECTION('',(1.,0.,0.));
#7124=DIRECTION('',(0.,0.,-1.));
#7125=DIRECTION('',(-1.,0.,0.));
#7126=DIRECTION('',(0.,0.,-1.));
#7127=DIRECTION('',(1.,0.,0.));
#7128=DIRECTION('',(0.,0.,-1.));
#7129=DIRECTION('',(-1.,0.,0.));
#7130=DIRECTION('',(0.,0.,-1.));
#7131=DIRECTION('',(1.,0.,0.));
#7132=DIRECTION('',(0.,0.,-1.));
#7133=DIRECTION('',(0.,0.,-1.));
#7134=DIRECTION('',(1.,0.,0.));
#7135=DIRECTION('',(1.,0.,0.));
#7136=DIRECTION('',(1.,0.,0.));
#7137=DIRECTION('',(1.,0.,0.));
#7138=DIRECTION('',(1.,0.,0.));
#7139=DIRECTION('',(1.,0.,0.));
#7140=DIRECTION('',(1.,0.,0.));
#7141=DIRECTION('',(0.,0.,-1.));
#7142=DIRECTION('',(0.,0.,1.));
#7143=DIRECTION('',(-1.,0.,0.));
#7144=DIRECTION('',(0.,0.,1.));
#7145=DIRECTION('',(-1.,0.,0.));
#7146=DIRECTION('',(0.,0.,1.));
#7147=DIRECTION('',(-1.,0.,0.));
#7148=DIRECTION('',(0.,0.,1.));
#7149=DIRECTION('',(-1.,0.,0.));
#7150=DIRECTION('',(-1.,6.12323399573677E-17,0.));
#7151=DIRECTION('',(6.12323399573677E-17,1.,0.));
#7152=DIRECTION('',(-1.,0.,0.));
#7153=DIRECTION('',(0.,0.,1.));
#7154=DIRECTION('',(1.,0.,0.));
#7155=DIRECTION('',(0.,0.,-1.));
#7156=DIRECTION('',(1.,6.12323399573677E-17,0.));
#7157=DIRECTION('',(6.12323399573677E-17,-1.,0.));
#7158=DIRECTION('',(-1.,0.,0.));
#7159=DIRECTION('',(0.,-1.,0.));
#7160=DIRECTION('',(0.,0.,-1.));
#7161=DIRECTION('',(-1.,0.,0.));
#7162=DIRECTION('',(0.,0.,1.));
#7163=DIRECTION('',(1.,0.,0.));
#7164=DIRECTION('',(0.,0.,1.));
#7165=DIRECTION('',(0.,0.,-1.));
#7166=DIRECTION('',(-1.,0.,0.));
#7167=DIRECTION('',(-1.,0.,0.));
#7168=DIRECTION('',(-1.,0.,0.));
#7169=DIRECTION('',(0.,0.,-1.));
#7170=DIRECTION('',(0.,0.,1.));
#7171=DIRECTION('',(-1.,0.,0.));
#7172=DIRECTION('',(0.,0.,1.));
#7173=DIRECTION('',(-1.,0.,0.));
#7174=DIRECTION('',(0.,0.,1.));
#7175=DIRECTION('',(-1.,0.,0.));
#7176=DIRECTION('',(0.,0.,1.));
#7177=DIRECTION('',(-1.,0.,0.));
#7178=DIRECTION('',(0.,0.,1.));
#7179=DIRECTION('',(-1.,0.,0.));
#7180=DIRECTION('',(0.,0.,1.));
#7181=DIRECTION('',(0.,0.,1.));
#7182=DIRECTION('',(1.,0.,0.));
#7183=DIRECTION('',(-1.,0.,0.));
#7184=DIRECTION('',(0.,1.,0.));
#7185=DIRECTION('',(-1.,0.,1.95990392718534E-14));
#7186=DIRECTION('',(0.,1.,0.));
#7187=DIRECTION('',(-1.,0.,0.));
#7188=DIRECTION('',(0.,1.,0.));
#7189=DIRECTION('',(-1.,0.,1.97032894807457E-14));
#7190=DIRECTION('',(0.,1.,0.));
#7191=DIRECTION('',(-1.,0.,0.));
#7192=DIRECTION('',(0.,0.,1.));
#7193=DIRECTION('',(1.,0.,0.));
#7194=DIRECTION('',(0.,-1.,0.));
#7195=DIRECTION('',(0.,0.,1.));
#7196=DIRECTION('',(1.,0.,0.));
#7197=DIRECTION('',(-1.,0.,0.));
#7198=DIRECTION('',(0.,1.,0.));
#7199=DIRECTION('',(-1.,0.,1.97032894807457E-14));
#7200=DIRECTION('',(0.,1.,0.));
#7201=DIRECTION('',(1.,0.,0.));
#7202=DIRECTION('',(0.,-1.,0.));
#7203=DIRECTION('',(0.,0.,1.));
#7204=DIRECTION('',(1.,0.,0.));
#7205=DIRECTION('',(-1.,0.,0.));
#7206=DIRECTION('',(0.,0.,1.));
#7207=DIRECTION('',(1.,0.,0.));
#7208=DIRECTION('',(0.,1.,0.));
#7209=DIRECTION('',(1.,0.,0.));
#7210=DIRECTION('',(0.,1.,0.));
#7211=DIRECTION('',(-1.,0.,1.95990392718534E-14));
#7212=DIRECTION('',(0.,1.,0.));
#7213=DIRECTION('',(-1.,0.,0.));
#7214=DIRECTION('',(0.,0.,1.));
#7215=DIRECTION('',(1.,0.,0.));
#7216=DIRECTION('',(0.,1.,0.));
#7217=DIRECTION('',(0.,0.,1.));
#7218=DIRECTION('',(1.,0.,0.));
#7219=DIRECTION('',(0.,0.,1.));
#7220=DIRECTION('',(1.,0.,0.));
#7221=DIRECTION('',(0.,-1.,0.));
#7222=DIRECTION('',(0.,0.,1.));
#7223=DIRECTION('',(1.,0.,0.));
#7224=DIRECTION('',(0.,0.,1.));
#7225=DIRECTION('',(1.,0.,0.));
#7226=DIRECTION('',(0.,0.,1.));
#7227=DIRECTION('',(1.,0.,0.));
#7228=DIRECTION('',(0.,0.,1.));
#7229=DIRECTION('',(1.,0.,0.));
#7230=DIRECTION('',(0.,0.,1.));
#7231=DIRECTION('',(1.,0.,0.));
#7232=DIRECTION('',(0.,-1.,0.));
#7233=DIRECTION('',(0.,0.,1.));
#7234=DIRECTION('',(1.,0.,0.));
#7235=DIRECTION('',(0.,-1.,0.));
#7236=DIRECTION('',(0.,0.,1.));
#7237=DIRECTION('',(1.,0.,0.));
#7238=DIRECTION('',(0.,0.,1.));
#7239=DIRECTION('',(1.,0.,0.));
#7240=DIRECTION('',(0.,0.,1.));
#7241=DIRECTION('',(1.,0.,0.));
#7242=DIRECTION('',(0.,0.,1.));
#7243=DIRECTION('',(1.,0.,0.));
#7244=DIRECTION('',(0.,0.,1.));
#7245=DIRECTION('',(1.,0.,0.));
#7246=DIRECTION('',(0.,-1.,0.));
#7247=DIRECTION('',(0.,0.,1.));
#7248=DIRECTION('',(1.,0.,0.));
#7249=DIRECTION('',(0.,-1.,0.));
#7250=DIRECTION('',(0.,0.,-1.));
#7251=DIRECTION('',(0.,-1.,0.));
#7252=DIRECTION('',(0.,-1.,0.));
#7253=DIRECTION('',(0.,-1.,0.));
#7254=DIRECTION('',(0.,0.,-1.));
#7255=DIRECTION('',(0.,-1.,0.));
#7256=DIRECTION('',(0.,0.,-1.));
#7257=DIRECTION('',(0.,-1.,0.));
#7258=DIRECTION('',(0.,-1.,0.));
#7259=DIRECTION('',(0.,-1.,0.));
#7260=DIRECTION('',(0.,0.,-1.));
#7261=DIRECTION('',(0.,0.,1.));
#7262=DIRECTION('',(1.,0.,0.));
#7263=DIRECTION('',(0.,0.,1.));
#7264=DIRECTION('',(1.,0.,0.));
#7265=DIRECTION('',(0.,0.,1.));
#7266=DIRECTION('',(0.,0.,1.));
#7267=DIRECTION('',(0.,0.,1.));
#7268=DIRECTION('',(1.,0.,0.));
#7269=DIRECTION('',(0.,0.,1.));
#7270=DIRECTION('',(0.,0.,1.));
#7271=DIRECTION('',(0.,0.,-1.));
#7272=DIRECTION('',(-1.,0.,0.));
#7273=DIRECTION('',(0.,0.,-1.));
#7274=DIRECTION('',(-1.,0.,0.));
#7275=DIRECTION('',(0.,0.,-1.));
#7276=DIRECTION('',(-1.,0.,0.));
#7277=DIRECTION('',(0.,-1.,0.));
#7278=DIRECTION('',(-1.,0.,0.));
#7279=DIRECTION('',(0.,-1.,0.));
#7280=DIRECTION('',(-1.,0.,0.));
#7281=DIRECTION('',(0.,0.970142500145332,-0.242535625036332));
#7282=DIRECTION('',(0.,0.242535625036332,0.970142500145332));
#7283=DIRECTION('',(0.,0.970142500145332,-0.242535625036332));
#7284=DIRECTION('',(0.,-0.242535625036332,-0.970142500145332));
#7285=DIRECTION('',(1.,0.,0.));
#7286=DIRECTION('',(-1.,0.,0.));
#7287=DIRECTION('',(-1.,0.,0.));
#7288=DIRECTION('',(0.,0.970142500145332,-0.242535625036332));
#7289=DIRECTION('',(0.,-0.242535625036332,-0.970142500145332));
#7290=DIRECTION('',(0.,-0.970142500145331,-0.242535625036335));
#7291=DIRECTION('',(0.,0.242535625036335,-0.970142500145331));
#7292=DIRECTION('',(0.,-0.970142500145331,-0.242535625036335));
#7293=DIRECTION('',(0.,0.242535625036335,-0.970142500145331));
#7294=DIRECTION('',(0.,-0.970142500145331,-0.242535625036335));
#7295=DIRECTION('',(0.,-0.242535625036335,0.970142500145331));
#7296=DIRECTION('',(0.,-0.970142500145331,-0.242535625036335));
#7297=DIRECTION('',(0.,-0.242535625036335,0.970142500145331));
#7298=DIRECTION('',(0.,-0.970142500145331,-0.242535625036335));
#7299=DIRECTION('',(0.,0.242535625036335,-0.970142500145331));
#7300=DIRECTION('',(-1.,0.,0.));
#7301=DIRECTION('',(0.,0.,1.));
#7302=DIRECTION('',(1.,0.,0.));
#7303=DIRECTION('',(0.,0.,1.));
#7304=DIRECTION('',(0.,-0.707106781186548,0.707106781186547));
#7305=DIRECTION('',(0.,0.707106781186548,0.707106781186547));
#7306=DIRECTION('',(0.,0.,1.));
#7307=DIRECTION('',(1.,0.,0.));
#7308=DIRECTION('',(0.,0.,1.));
#7309=DIRECTION('',(1.,0.,0.));
#7310=DIRECTION('',(0.,0.,1.));
#7311=DIRECTION('',(0.,0.707106781186548,0.707106781186547));
#7312=DIRECTION('',(0.,-0.707106781186548,0.707106781186547));
#7313=DIRECTION('',(0.,0.,1.));
#7314=DIRECTION('',(0.,0.,1.));
#7315=DIRECTION('',(1.,0.,0.));
#7316=DIRECTION('',(0.,0.,1.));
#7317=DIRECTION('',(1.,0.,0.));
#7318=DIRECTION('',(0.,0.,1.));
#7319=DIRECTION('',(0.,0.707106781186548,0.707106781186547));
#7320=DIRECTION('',(0.,-0.707106781186548,0.707106781186547));
#7321=DIRECTION('',(0.,0.,1.));
#7322=DIRECTION('',(0.,0.,1.));
#7323=DIRECTION('',(1.,0.,0.));
#7324=DIRECTION('',(0.,0.,1.));
#7325=DIRECTION('',(1.,0.,0.));
#7326=DIRECTION('',(0.,-0.707106781186548,0.707106781186547));
#7327=DIRECTION('',(0.,0.707106781186548,0.707106781186547));
#7328=DIRECTION('',(0.,0.,1.));
#7329=DIRECTION('',(0.,0.,1.));
#7330=DIRECTION('',(1.,0.,0.));
#7331=DIRECTION('',(0.,0.,1.));
#7332=DIRECTION('',(1.,0.,0.));
#7333=DIRECTION('',(0.,0.,1.));
#7334=DIRECTION('',(1.,0.,0.));
#7335=DIRECTION('',(0.,0.,1.));
#7336=DIRECTION('',(1.,0.,0.));
#7337=DIRECTION('',(0.,0.,1.));
#7338=DIRECTION('',(1.,0.,0.));
#7339=DIRECTION('',(0.,0.,1.));
#7340=DIRECTION('',(1.,0.,0.));
#7341=DIRECTION('',(0.,0.,1.));
#7342=DIRECTION('',(1.,0.,0.));
#7343=DIRECTION('',(0.,0.,1.));
#7344=DIRECTION('',(1.,0.,0.));
#7345=DIRECTION('',(0.,0.,1.));
#7346=DIRECTION('',(1.,0.,0.));
#7347=DIRECTION('',(0.,0.,1.));
#7348=DIRECTION('',(1.,0.,0.));
#7349=DIRECTION('',(0.,0.,1.));
#7350=DIRECTION('',(1.,0.,0.));
#7351=DIRECTION('',(0.,0.,1.));
#7352=DIRECTION('',(1.,0.,0.));
#7353=DIRECTION('',(0.,0.,1.));
#7354=DIRECTION('',(1.,0.,0.));
#7355=DIRECTION('',(0.,0.,1.));
#7356=DIRECTION('',(1.,0.,0.));
#7357=DIRECTION('',(0.,0.,1.));
#7358=DIRECTION('',(1.,0.,0.));
#7359=DIRECTION('',(0.,0.,1.));
#7360=DIRECTION('',(1.,0.,0.));
#7361=DIRECTION('',(0.,0.,1.));
#7362=DIRECTION('',(1.,0.,0.));
#7363=DIRECTION('',(0.,0.,-1.));
#7364=DIRECTION('',(-1.,0.,0.));
#7365=DIRECTION('',(0.,0.,-1.));
#7366=DIRECTION('',(-1.,0.,0.));
#7367=DIRECTION('',(1.,0.,0.));
#7368=DIRECTION('',(0.,0.,-1.));
#7369=DIRECTION('',(0.,0.,-1.));
#7370=DIRECTION('',(0.,0.44721359549996,-0.894427190999915));
#7371=DIRECTION('',(0.,1.,0.));
#7372=DIRECTION('',(0.,0.447213595499958,0.894427190999916));
#7373=DIRECTION('',(0.,0.,-1.));
#7374=DIRECTION('',(0.,1.,0.));
#7375=DIRECTION('',(0.,0.,-1.));
#7376=DIRECTION('',(0.,-1.,0.));
#7377=DIRECTION('',(0.,0.,1.));
#7378=DIRECTION('',(0.,1.,0.));
#7379=DIRECTION('',(-1.,0.,0.));
#7380=DIRECTION('',(0.,0.,1.));
#7381=DIRECTION('',(0.,1.,0.));
#7382=DIRECTION('',(0.,-0.44721359549996,0.894427190999915));
#7383=DIRECTION('',(0.,0.,1.));
#7384=DIRECTION('',(0.,1.,0.));
#7385=DIRECTION('',(0.,0.,-1.));
#7386=DIRECTION('',(0.,1.,0.));
#7387=DIRECTION('',(0.,1.,0.));
#7388=DIRECTION('',(0.,1.,0.));
#7389=DIRECTION('',(0.,0.,1.));
#7390=DIRECTION('',(0.,1.,0.));
#7391=DIRECTION('',(0.,0.,1.));
#7392=DIRECTION('',(0.,-0.447213595499958,-0.894427190999916));
#7393=DIRECTION('',(-1.,0.,0.));
#7394=DIRECTION('',(0.,0.,1.));
#7395=DIRECTION('',(0.,1.,0.));
#7396=DIRECTION('',(0.,-0.44721359549996,0.894427190999915));
#7397=DIRECTION('',(0.,0.,1.));
#7398=DIRECTION('',(0.,1.,0.));
#7399=DIRECTION('',(0.,0.,-1.));
#7400=DIRECTION('',(0.,1.,0.));
#7401=DIRECTION('',(0.,0.,1.));
#7402=DIRECTION('',(0.,1.,0.));
#7403=DIRECTION('',(0.,0.,1.));
#7404=DIRECTION('',(0.,-0.447213595499958,-0.894427190999916));
#7405=DIRECTION('',(1.,0.,0.));
#7406=DIRECTION('',(0.,0.,-1.));
#7407=DIRECTION('',(0.,0.,-1.));
#7408=DIRECTION('',(0.,0.44721359549996,-0.894427190999915));
#7409=DIRECTION('',(0.,1.,0.));
#7410=DIRECTION('',(0.,0.447213595499958,0.894427190999916));
#7411=DIRECTION('',(0.,0.,-1.));
#7412=DIRECTION('',(0.,1.,0.));
#7413=DIRECTION('',(0.,0.,-1.));
#7414=DIRECTION('',(0.,-1.,0.));
#7415=DIRECTION('',(0.,-1.,0.));
#7416=DIRECTION('',(0.,-1.,0.));
#7417=DIRECTION('',(0.,0.,1.));
#7418=DIRECTION('',(0.,1.,0.));
#7419=DIRECTION('',(0.,0.,-1.));
#7420=DIRECTION('',(-1.,0.,0.));
#7421=DIRECTION('',(-1.,0.,0.));
#7422=DIRECTION('',(1.,0.,0.));
#7423=DIRECTION('',(0.,0.,-1.));
#7424=DIRECTION('',(-1.,0.,0.));
#7425=DIRECTION('',(-1.,0.,0.));
#7426=DIRECTION('',(1.,0.,0.));
#7427=DIRECTION('',(0.,1.,0.));
#7428=DIRECTION('',(0.,0.,1.));
#7429=DIRECTION('',(-1.,0.,0.));
#7430=DIRECTION('',(0.,1.,0.));
#7431=DIRECTION('',(1.,0.,0.));
#7432=DIRECTION('',(0.,0.,1.));
#7433=DIRECTION('',(0.,1.,0.));
#7434=DIRECTION('',(1.,0.,0.));
#7435=DIRECTION('',(0.,1.,0.));
#7436=DIRECTION('',(0.,0.,1.));
#7437=DIRECTION('',(-1.,0.,0.));
#7438=DIRECTION('',(0.,1.,0.));
#7439=DIRECTION('',(1.,0.,0.));
#7440=DIRECTION('',(0.,0.,-1.));
#7441=DIRECTION('',(0.,1.,0.));
#7442=DIRECTION('',(1.,0.,0.));
#7443=DIRECTION('',(0.,1.,0.));
#7444=DIRECTION('',(0.,0.,1.));
#7445=DIRECTION('',(-1.,0.,0.));
#7446=DIRECTION('',(0.,1.,0.));
#7447=DIRECTION('',(1.,0.,0.));
#7448=DIRECTION('',(0.,0.,1.));
#7449=DIRECTION('',(0.,1.,0.));
#7450=DIRECTION('',(1.,0.,0.));
#7451=DIRECTION('',(0.,1.,0.));
#7452=DIRECTION('',(0.,0.,1.));
#7453=DIRECTION('',(-1.,0.,0.));
#7454=DIRECTION('',(0.,1.,0.));
#7455=DIRECTION('',(1.,0.,0.));
#7456=DIRECTION('',(0.,0.,-1.));
#7457=DIRECTION('',(0.,1.,0.));
#7458=DIRECTION('',(1.,0.,0.));
#7459=DIRECTION('',(0.,1.,0.));
#7460=DIRECTION('',(0.,0.,1.));
#7461=DIRECTION('',(0.,-1.,0.));
#7462=DIRECTION('',(0.,0.,-1.));
#7463=DIRECTION('',(0.,1.,0.));
#7464=DIRECTION('',(-3.94255335449275E-16,1.,0.));
#7465=DIRECTION('',(-1.,-3.94255335449275E-16,0.));
#7466=DIRECTION('',(0.,1.,0.));
#7467=DIRECTION('',(0.,0.,1.));
#7468=DIRECTION('',(0.,1.,0.));
#7469=DIRECTION('',(0.,0.,1.));
#7470=DIRECTION('',(0.,1.,0.));
#7471=DIRECTION('',(0.,0.,1.));
#7472=DIRECTION('',(0.,-1.,0.));
#7473=DIRECTION('',(0.,0.,-1.));
#7474=DIRECTION('',(0.,1.,0.));
#7475=DIRECTION('',(0.,0.,1.));
#7476=DIRECTION('',(0.,-1.,0.));
#7477=DIRECTION('',(0.,0.,-1.));
#7478=DIRECTION('',(0.,1.,0.));
#7479=DIRECTION('',(0.,0.,1.));
#7480=DIRECTION('',(0.,1.,0.));
#7481=DIRECTION('',(0.,1.,0.));
#7482=DIRECTION('',(0.,0.,1.));
#7483=DIRECTION('',(0.,1.,0.));
#7484=DIRECTION('',(0.,0.,1.));
#7485=DIRECTION('',(0.,1.,0.));
#7486=DIRECTION('',(0.,0.,1.));
#7487=DIRECTION('',(0.,-1.,0.));
#7488=DIRECTION('',(0.,0.,-1.));
#7489=DIRECTION('',(1.,0.,0.));
#7490=DIRECTION('',(0.,0.,-1.));
#7491=DIRECTION('',(1.,0.,0.));
#7492=DIRECTION('',(0.,0.,-1.));
#7493=DIRECTION('',(1.,0.,0.));
#7494=DIRECTION('',(0.,0.,-1.));
#7495=DIRECTION('',(0.,0.,1.));
#7496=DIRECTION('',(0.,1.,0.));
#7497=DIRECTION('',(0.,0.,-1.));
#7498=DIRECTION('',(1.,0.,0.));
#7499=DIRECTION('',(0.,0.,-1.));
#7500=DIRECTION('',(0.,0.,1.));
#7501=DIRECTION('',(-1.,0.,0.));
#7502=DIRECTION('',(0.,0.,1.));
#7503=DIRECTION('',(-1.,0.,0.));
#7504=DIRECTION('',(0.,0.,1.));
#7505=DIRECTION('',(-1.,0.,0.));
#7506=DIRECTION('',(1.,0.,0.));
#7507=DIRECTION('',(0.,0.,-1.));
#7508=DIRECTION('',(0.,1.,0.));
#7509=DIRECTION('',(0.,0.,1.));
#7510=DIRECTION('',(0.,0.,-1.));
#7511=DIRECTION('',(0.,0.,1.));
#7512=DIRECTION('',(-1.,0.,0.));
#7513=DIRECTION('',(0.,0.,1.));
#7514=DIRECTION('',(1.,0.,0.));
#7515=DIRECTION('',(0.,1.,0.));
#7516=DIRECTION('',(0.,-1.,0.));
#7517=DIRECTION('',(-1.,0.,0.));
#7518=DIRECTION('',(0.,-1.,0.));
#7519=DIRECTION('',(0.,0.,-1.));
#7520=DIRECTION('',(0.,0.,1.));
#7521=DIRECTION('',(0.,0.,-1.));
#7522=DIRECTION('',(-1.,0.,0.));
#7523=DIRECTION('',(-1.,0.,0.));
#7524=DIRECTION('',(0.,0.,1.));
#7525=DIRECTION('',(1.,0.,0.));
#7526=DIRECTION('',(0.,0.,-1.));
#7527=DIRECTION('',(-1.,0.,0.));
#7528=DIRECTION('',(0.,0.,1.));
#7529=DIRECTION('',(1.,0.,0.));
#7530=DIRECTION('',(0.,0.,-1.));
#7531=DIRECTION('',(1.,0.,0.));
#7532=DIRECTION('',(0.,0.,-1.));
#7533=DIRECTION('',(1.,0.,0.));
#7534=DIRECTION('',(0.,0.,-1.));
#7535=DIRECTION('',(0.,0.,-1.));
#7536=DIRECTION('',(0.,1.,0.));
#7537=DIRECTION('',(0.,0.,1.));
#7538=DIRECTION('',(1.,0.,0.));
#7539=DIRECTION('',(0.,0.,-1.));
#7540=DIRECTION('',(0.,0.,1.));
#7541=DIRECTION('',(-1.,0.,0.));
#7542=DIRECTION('',(0.,0.,1.));
#7543=DIRECTION('',(-1.,0.,0.));
#7544=DIRECTION('',(0.,1.,0.));
#7545=DIRECTION('',(0.,0.,1.));
#7546=DIRECTION('',(-1.,0.,0.));
#7547=DIRECTION('',(0.,0.,1.));
#7548=DIRECTION('',(1.,0.,0.));
#7549=DIRECTION('',(-1.,0.,0.));
#7550=DIRECTION('',(0.,-1.,0.));
#7551=DIRECTION('',(0.,0.,-1.));
#7552=DIRECTION('',(-1.,0.,0.));
#7553=DIRECTION('',(-1.,0.,0.));
#7554=DIRECTION('',(0.,0.,1.));
#7555=DIRECTION('',(-1.,0.,0.));
#7556=DIRECTION('',(0.,0.,1.));
#7557=DIRECTION('',(0.,0.,-1.));
#7558=DIRECTION('',(0.,0.,-1.));
#7559=DIRECTION('',(-1.,0.,0.));
#7560=DIRECTION('',(0.,0.,1.));
#7561=DIRECTION('',(1.,0.,0.));
#7562=DIRECTION('',(0.,0.,-1.));
#7563=DIRECTION('',(0.,0.,-1.));
#7564=DIRECTION('',(0.,0.,-1.));
#7565=DIRECTION('',(-1.,0.,0.));
#7566=DIRECTION('',(0.,0.,1.));
#7567=DIRECTION('',(0.,-1.,0.));
#7568=DIRECTION('',(0.,0.,-1.));
#7569=DIRECTION('',(0.,0.,1.));
#7570=DIRECTION('',(1.,0.,0.));
#7571=DIRECTION('',(0.,0.,-1.));
#7572=DIRECTION('',(-1.,0.,0.));
#7573=DIRECTION('',(0.,0.,1.));
#7574=DIRECTION('',(0.,0.,1.));
#7575=DIRECTION('',(0.,-1.,0.));
#7576=DIRECTION('',(0.,0.,-1.));
#7577=DIRECTION('',(-1.,0.,0.));
#7578=DIRECTION('',(0.,0.,1.));
#7579=DIRECTION('',(0.,0.,1.));
#7580=DIRECTION('',(0.,0.,1.));
#7581=DIRECTION('',(0.,0.,1.));
#7582=DIRECTION('',(1.,0.,0.));
#7583=DIRECTION('',(0.,0.,1.));
#7584=DIRECTION('',(0.,-1.,0.));
#7585=DIRECTION('',(0.,0.,-1.));
#7586=DIRECTION('',(-1.,0.,0.));
#7587=DIRECTION('',(-3.94255335449275E-16,1.,0.));
#7588=DIRECTION('',(-1.,-3.94255335449275E-16,0.));
#7589=DIRECTION('',(0.,0.,1.));
#7590=DIRECTION('',(-1.,0.,0.));
#7591=DIRECTION('',(0.,0.,1.));
#7592=DIRECTION('',(1.,0.,0.));
#7593=DIRECTION('',(0.,1.,0.));
#7594=DIRECTION('',(0.,0.,1.));
#7595=DIRECTION('',(-1.,0.,0.));
#7596=DIRECTION('',(0.,0.,1.));
#7597=DIRECTION('',(0.,-1.,0.));
#7598=DIRECTION('',(0.,0.,-1.));
#7599=DIRECTION('',(0.,0.,1.));
#7600=DIRECTION('',(-1.,0.,0.));
#7601=DIRECTION('',(0.,0.,1.));
#7602=DIRECTION('',(1.,0.,0.));
#7603=DIRECTION('',(0.,0.,1.));
#7604=DIRECTION('',(1.,0.,0.));
#7605=DIRECTION('',(0.,0.,-1.));
#7606=DIRECTION('',(0.,0.,1.));
#7607=DIRECTION('',(0.,0.,1.));
#7608=DIRECTION('',(1.,0.,0.));
#7609=DIRECTION('',(0.,0.,1.));
#7610=DIRECTION('',(1.,0.,0.));
#7611=DIRECTION('',(-1.,0.,0.));
#7612=DIRECTION('',(-1.,0.,0.));
#7613=DIRECTION('',(0.,-1.,0.));
#7614=DIRECTION('',(0.,0.,1.));
#7615=DIRECTION('',(1.,0.,0.));
#7616=DIRECTION('',(-1.,0.,0.));
#7617=DIRECTION('',(0.,-1.,0.));
#7618=DIRECTION('',(-1.,0.,0.));
#7619=DIRECTION('',(0.,0.894427190999916,-0.447213595499958));
#7620=DIRECTION('',(0.,0.447213595499958,0.894427190999916));
#7621=DIRECTION('',(0.,0.894427190999916,-0.447213595499958));
#7622=DIRECTION('',(0.,0.447213595499958,0.894427190999916));
#7623=DIRECTION('',(0.,-0.894427190999915,-0.44721359549996));
#7624=DIRECTION('',(0.,0.44721359549996,-0.894427190999915));
#7625=DIRECTION('',(0.,-0.894427190999915,-0.44721359549996));
#7626=DIRECTION('',(0.,0.44721359549996,-0.894427190999915));
#7627=DIRECTION('',(0.,0.,1.));
#7628=DIRECTION('',(1.,0.,0.));
#7629=DIRECTION('',(0.,0.,1.));
#7630=DIRECTION('',(1.,0.,0.));
#7631=DIRECTION('',(0.,0.,1.));
#7632=DIRECTION('',(1.,0.,0.));
#7633=DIRECTION('',(0.,0.,-1.));
#7634=DIRECTION('',(-1.,0.,0.));
#7635=DIRECTION('',(0.,0.,1.));
#7636=DIRECTION('',(1.,0.,0.));
#7637=DIRECTION('',(0.,0.,-1.));
#7638=DIRECTION('',(-1.,0.,0.));
#7639=DIRECTION('',(0.,-1.,0.));
#7640=DIRECTION('',(0.,0.,-1.));
#7641=DIRECTION('',(1.,0.,0.));
#7642=DIRECTION('',(1.,0.,0.));
#7643=DIRECTION('',(1.,0.,0.));
#7644=DIRECTION('',(0.,0.,-1.));
#7645=DIRECTION('',(0.,1.,0.));
#7646=DIRECTION('',(0.,1.,0.));
#7647=DIRECTION('',(0.,0.,1.));
#7648=DIRECTION('',(1.,0.,0.));
#7649=DIRECTION('',(0.,0.,1.));
#7650=DIRECTION('',(1.,0.,0.));
#7651=DIRECTION('',(0.,1.,0.));
#7652=DIRECTION('',(0.,-1.,0.));
#7653=DIRECTION('',(0.,0.,-1.));
#7654=DIRECTION('',(1.,0.,0.));
#7655=DIRECTION('',(1.,0.,0.));
#7656=DIRECTION('',(-1.,0.,0.));
#7657=DIRECTION('',(0.,0.,1.));
#7658=DIRECTION('',(0.,1.,0.));
#7659=DIRECTION('',(0.,-1.,0.));
#7660=DIRECTION('',(0.,0.,1.));
#7661=DIRECTION('',(1.,0.,0.));
#7662=DIRECTION('',(0.,0.,1.));
#7663=DIRECTION('',(1.,0.,0.));
#7664=DIRECTION('',(0.,1.,0.));
#7665=DIRECTION('',(0.,1.,0.));
#7666=DIRECTION('',(0.,0.,1.));
#7667=DIRECTION('',(0.,1.,0.));
#7668=DIRECTION('',(0.,0.,1.));
#7669=DIRECTION('',(0.,-1.,0.));
#7670=DIRECTION('',(0.,0.,-1.));
#7671=DIRECTION('',(0.,-1.,0.));
#7672=DIRECTION('',(0.,0.,-1.));
#7673=DIRECTION('',(0.,0.,1.));
#7674=DIRECTION('',(1.,0.,0.));
#7675=DIRECTION('',(0.,0.,1.));
#7676=DIRECTION('',(1.,0.,0.));
#7677=DIRECTION('',(0.,0.,1.));
#7678=DIRECTION('',(0.,0.,1.));
#7679=DIRECTION('',(0.,0.,1.));
#7680=DIRECTION('',(1.,0.,0.));
#7681=DIRECTION('',(0.,0.,1.));
#7682=DIRECTION('',(1.,0.,0.));
#7683=DIRECTION('',(0.,0.,1.));
#7684=DIRECTION('',(1.,0.,0.));
#7685=DIRECTION('',(0.,0.,1.));
#7686=DIRECTION('',(0.,0.,1.));
#7687=DIRECTION('',(1.,0.,0.));
#7688=DIRECTION('',(0.,0.,-1.));
#7689=DIRECTION('',(0.,0.,1.));
#7690=DIRECTION('',(1.,0.,0.));
#7691=DIRECTION('',(0.,0.,-1.));
#7692=DIRECTION('',(0.,0.,1.));
#7693=DIRECTION('',(0.,0.,1.));
#7694=DIRECTION('',(1.,0.,0.));
#7695=DIRECTION('',(0.,0.,1.));
#7696=DIRECTION('',(1.,0.,0.));
#7697=DIRECTION('',(0.,0.,1.));
#7698=DIRECTION('',(1.,0.,0.));
#7699=DIRECTION('',(0.,0.,1.));
#7700=DIRECTION('',(1.,0.,0.));
#7701=DIRECTION('',(0.,0.,1.));
#7702=DIRECTION('',(1.,0.,0.));
#7703=DIRECTION('',(0.,0.,1.));
#7704=DIRECTION('',(1.,0.,0.));
#7705=DIRECTION('',(0.,0.,1.));
#7706=DIRECTION('',(1.,0.,0.));
#7707=DIRECTION('',(0.,0.,1.));
#7708=DIRECTION('',(1.,0.,0.));
#7709=DIRECTION('',(0.,-1.,0.));
#7710=DIRECTION('',(0.,0.,-1.));
#7711=DIRECTION('',(0.,-1.,0.));
#7712=DIRECTION('',(0.,0.,-1.));
#7713=DIRECTION('',(0.,-1.,0.));
#7714=DIRECTION('',(0.,0.,-1.));
#7715=DIRECTION('',(0.,-1.,0.));
#7716=DIRECTION('',(0.,0.,-1.));
#7717=DIRECTION('',(0.,0.,1.));
#7718=DIRECTION('',(1.,0.,0.));
#7719=DIRECTION('',(-1.,0.,0.));
#7720=DIRECTION('',(-1.,0.,0.));
#7721=DIRECTION('',(-0.93334560620306,0.,-0.358979079308869));
#7722=DIRECTION('',(-0.358979079308869,0.,0.93334560620306));
#7723=DIRECTION('',(0.358979079308869,0.,-0.93334560620306));
#7724=DIRECTION('',(0.,-1.,0.));
#7725=DIRECTION('',(0.358979079308869,0.,-0.93334560620306));
#7726=DIRECTION('',(-0.999847695156391,0.,0.0174524064372843));
#7727=DIRECTION('',(0.0174524064372843,0.,0.999847695156391));
#7728=DIRECTION('',(-0.0174524064372842,0.,-0.999847695156391));
#7729=DIRECTION('',(-0.0174524064372842,0.,-0.999847695156391));
#7730=DIRECTION('',(0.,1.,0.));
#7731=DIRECTION('',(0.,0.,1.));
#7732=DIRECTION('',(0.,1.,0.));
#7733=DIRECTION('',(0.,0.,1.));
#7734=DIRECTION('',(0.,0.,1.));
#7735=DIRECTION('',(1.,0.,0.));
#7736=DIRECTION('',(-1.,0.,0.));
#7737=DIRECTION('',(-1.,0.,0.));
#7738=DIRECTION('',(0.,1.,0.));
#7739=DIRECTION('',(0.,0.,1.));
#7740=DIRECTION('',(-0.0174524064372841,0.,0.999847695156391));
#7741=DIRECTION('',(0.35897907930887,0.,0.933345606203059));
#7742=DIRECTION('',(0.,1.,0.));
#7743=DIRECTION('',(0.,0.,1.));
#7744=DIRECTION('',(0.35897907930887,0.,0.933345606203059));
#7745=DIRECTION('',(-0.0174524064372841,0.,0.999847695156391));
#7746=DIRECTION('',(0.999847695156391,0.,0.0174524064372841));
#7747=DIRECTION('',(0.0174524064372841,0.,-0.999847695156391));
#7748=DIRECTION('',(0.,-1.,0.));
#7749=DIRECTION('',(0.933345606203059,0.,-0.35897907930887));
#7750=DIRECTION('',(-0.35897907930887,0.,-0.933345606203059));
#7751=DIRECTION('',(0.,1.,0.));
#7752=DIRECTION('',(0.,0.,1.));
#7753=DIRECTION('',(1.,0.,0.));
#7754=DIRECTION('',(0.,0.,-1.));
#7755=DIRECTION('',(0.,-1.,0.));
#7756=DIRECTION('',(0.,0.,-1.));
#7757=DIRECTION('',(0.,0.,-1.));
#7758=DIRECTION('',(-1.,0.,0.));
#7759=DIRECTION('',(0.,1.,0.));
#7760=DIRECTION('',(0.,0.,1.));
#7761=DIRECTION('',(0.,0.,-1.));
#7762=DIRECTION('',(1.,0.,0.));
#7763=DIRECTION('',(0.,-1.,0.));
#7764=DIRECTION('',(0.,0.,-1.));
#7765=DIRECTION('',(-1.,0.,0.));
#7766=DIRECTION('',(0.,0.,-1.));
#7767=DIRECTION('',(1.,0.,0.));
#7768=DIRECTION('',(0.,0.,-1.));
#7769=DIRECTION('',(0.,-1.,0.));
#7770=DIRECTION('',(-1.,0.,0.));
#7771=DIRECTION('',(0.,0.,1.));
#7772=DIRECTION('',(0.,1.,0.));
#7773=DIRECTION('',(-1.,0.,0.));
#7774=DIRECTION('',(0.,0.,1.));
#7775=DIRECTION('',(0.,0.,-1.));
#7776=DIRECTION('',(0.,1.,0.));
#7777=DIRECTION('',(1.,0.,0.));
#7778=DIRECTION('',(0.,0.,-1.));
#7779=DIRECTION('',(0.,-1.,0.));
#7780=DIRECTION('',(0.,0.,-1.));
#7781=DIRECTION('',(-1.,0.,0.));
#7782=DIRECTION('',(0.,0.,1.));
#7783=DIRECTION('',(0.,1.,0.));
#7784=DIRECTION('',(0.,0.,-1.));
#7785=DIRECTION('',(0.,0.,-1.));
#7786=DIRECTION('',(-1.,0.,0.));
#7787=DIRECTION('',(0.,0.,1.));
#7788=DIRECTION('',(1.,0.,0.));
#7789=DIRECTION('',(0.,0.,-1.));
#7790=DIRECTION('',(0.,-1.,0.));
#7791=DIRECTION('',(0.,0.,-1.));
#7792=DIRECTION('',(-1.,0.,0.));
#7793=DIRECTION('',(0.,-1.,0.));
#7794=DIRECTION('',(0.,0.,-1.));
#7795=DIRECTION('',(-1.,0.,0.));
#7796=DIRECTION('',(0.,0.,-1.));
#7797=DIRECTION('',(0.,0.,-1.));
#7798=DIRECTION('',(-1.,0.,0.));
#7799=DIRECTION('',(0.,0.,1.));
#7800=DIRECTION('',(1.,0.,0.));
#7801=DIRECTION('',(0.,0.,-1.));
#7802=DIRECTION('',(1.,0.,0.));
#7803=DIRECTION('',(0.,0.,-1.));
#7804=DIRECTION('',(0.,-1.,0.));
#7805=DIRECTION('',(0.,0.,1.));
#7806=DIRECTION('',(1.,0.,0.));
#7807=DIRECTION('',(0.,0.,1.));
#7808=DIRECTION('',(1.,0.,0.));
#7809=DIRECTION('',(0.,0.,1.));
#7810=DIRECTION('',(1.,0.,0.));
#7811=DIRECTION('',(0.,0.,1.));
#7812=DIRECTION('',(1.,0.,0.));
#7813=DIRECTION('',(0.,0.,1.));
#7814=DIRECTION('',(1.,0.,0.));
#7815=DIRECTION('',(0.,-1.,0.));
#7816=DIRECTION('',(-1.,0.,0.));
#7817=DIRECTION('',(0.,-1.,0.));
#7818=DIRECTION('',(0.,-1.,0.));
#7819=DIRECTION('',(-1.,0.,0.));
#7820=DIRECTION('',(0.,-1.,0.));
#7821=DIRECTION('',(0.,-1.,0.));
#7822=DIRECTION('',(-1.,0.,0.));
#7823=DIRECTION('',(0.,-1.,0.));
#7824=DIRECTION('',(0.,1.,0.));
#7825=DIRECTION('',(-1.,0.,0.));
#7826=DIRECTION('',(0.,1.,0.));
#7827=DIRECTION('',(0.,0.,-1.));
#7828=DIRECTION('',(-1.,0.,0.));
#7829=DIRECTION('',(0.,0.,1.));
#7830=DIRECTION('',(1.,0.,0.));
#7831=DIRECTION('',(0.,0.,1.));
#7832=DIRECTION('',(1.,0.,0.));
#7833=DIRECTION('',(0.,0.,-1.));
#7834=DIRECTION('',(-1.,0.,0.));
#7835=DIRECTION('',(0.,0.,1.));
#7836=DIRECTION('',(1.,0.,0.));
#7837=DIRECTION('',(0.,0.,1.));
#7838=DIRECTION('',(1.,0.,0.));
#7839=DIRECTION('',(0.,0.,-1.));
#7840=DIRECTION('',(-1.,0.,0.));
#7841=DIRECTION('',(0.,0.,1.));
#7842=DIRECTION('',(1.,0.,0.));
#7843=DIRECTION('',(0.,0.,1.));
#7844=DIRECTION('',(1.,0.,0.));
#7845=DIRECTION('',(0.,0.,-1.));
#7846=DIRECTION('',(-1.,0.,0.));
#7847=DIRECTION('',(0.,0.,1.));
#7848=DIRECTION('',(1.,0.,0.));
#7849=DIRECTION('',(0.,0.,1.));
#7850=DIRECTION('',(1.,0.,0.));
#7851=DIRECTION('',(0.,0.,-1.));
#7852=DIRECTION('',(-1.,0.,0.));
#7853=DIRECTION('',(0.,-1.,0.));
#7854=DIRECTION('',(0.,-1.,0.));
#7855=DIRECTION('',(-1.,0.,0.));
#7856=DIRECTION('',(0.,0.,1.));
#7857=DIRECTION('',(1.,0.,0.));
#7858=DIRECTION('',(0.,1.,0.));
#7859=DIRECTION('',(0.,1.,0.));
#7860=DIRECTION('',(-1.,0.,0.));
#7861=DIRECTION('',(0.,0.,-1.));
#7862=DIRECTION('',(-1.,0.,0.));
#7863=DIRECTION('',(0.,-1.,0.));
#7864=DIRECTION('',(0.,-1.,0.));
#7865=DIRECTION('',(-1.,0.,0.));
#7866=DIRECTION('',(1.,0.,0.));
#7867=DIRECTION('',(0.,0.,-1.));
#7868=DIRECTION('',(1.,0.,0.));
#7869=DIRECTION('',(0.,0.,-1.));
#7870=DIRECTION('',(0.,0.,-1.));
#7871=DIRECTION('',(1.,0.,0.));
#7872=DIRECTION('',(0.,0.,-1.));
#7873=DIRECTION('',(0.,0.,-1.));
#7874=DIRECTION('',(0.,1.,0.));
#7875=DIRECTION('',(1.,0.,0.));
#7876=DIRECTION('',(0.,0.,-1.));
#7877=DIRECTION('',(0.,0.,1.));
#7878=DIRECTION('',(1.,0.,0.));
#7879=DIRECTION('',(0.,0.,-1.));
#7880=DIRECTION('',(1.,0.,0.));
#7881=DIRECTION('',(0.,0.,-1.));
#7882=DIRECTION('',(1.,0.,0.));
#7883=DIRECTION('',(0.,0.,-1.));
#7884=DIRECTION('',(0.,0.,1.));
#7885=DIRECTION('',(1.,0.,0.));
#7886=DIRECTION('',(0.,0.,-1.));
#7887=DIRECTION('',(0.,1.,0.));
#7888=DIRECTION('',(0.,0.,-1.));
#7889=DIRECTION('',(1.,0.,0.));
#7890=DIRECTION('',(0.,0.,-1.));
#7891=DIRECTION('',(0.,0.,-1.));
#7892=DIRECTION('',(1.,0.,0.));
#7893=DIRECTION('',(0.,0.,-1.));
#7894=DIRECTION('',(-1.,0.,0.));
#7895=DIRECTION('',(0.,0.,1.));
#7896=DIRECTION('',(-1.,0.,0.));
#7897=DIRECTION('',(0.,1.,0.));
#7898=DIRECTION('',(0.,0.,1.));
#7899=DIRECTION('',(-1.,0.,0.));
#7900=DIRECTION('',(-1.,0.,0.));
#7901=DIRECTION('',(0.,0.,1.));
#7902=DIRECTION('',(0.,1.,0.));
#7903=DIRECTION('',(0.,0.,1.));
#7904=DIRECTION('',(-1.,0.,0.));
#7905=DIRECTION('',(0.,0.,1.));
#7906=DIRECTION('',(1.,0.,0.));
#7907=DIRECTION('',(-1.,0.,0.));
#7908=DIRECTION('',(-1.,0.,0.));
#7909=DIRECTION('',(0.,0.,1.));
#7910=DIRECTION('',(-1.,0.,0.));
#7911=DIRECTION('',(0.,-1.,0.));
#7912=DIRECTION('',(0.,0.,-1.));
#7913=DIRECTION('',(-1.,0.,0.));
#7914=DIRECTION('',(-1.,0.,0.));
#7915=DIRECTION('',(0.,0.,1.));
#7916=DIRECTION('',(0.,0.,-1.));
#7917=DIRECTION('',(-1.,0.,0.));
#7918=DIRECTION('',(0.,-1.,0.));
#7919=DIRECTION('',(0.,-1.,0.));
#7920=DIRECTION('',(-1.,0.,0.));
#7921=DIRECTION('',(0.,0.,-1.));
#7922=DIRECTION('',(-1.,0.,0.));
#7923=DIRECTION('',(0.,-1.,0.));
#7924=DIRECTION('',(0.,-1.,0.));
#7925=DIRECTION('',(-1.,0.,0.));
#7926=DIRECTION('',(0.,0.,1.));
#7927=DIRECTION('',(1.,0.,0.));
#7928=DIRECTION('',(0.,1.,0.));
#7929=DIRECTION('',(0.,1.,0.));
#7930=DIRECTION('',(-1.,0.,0.));
#7931=DIRECTION('',(1.,0.,0.));
#7932=DIRECTION('',(0.,0.,-1.));
#7933=DIRECTION('',(1.,0.,0.));
#7934=DIRECTION('',(0.,0.,-1.));
#7935=DIRECTION('',(0.,0.,-1.));
#7936=DIRECTION('',(1.,0.,0.));
#7937=DIRECTION('',(0.,0.,-1.));
#7938=DIRECTION('',(0.,1.,0.));
#7939=DIRECTION('',(0.,0.,1.));
#7940=DIRECTION('',(1.,0.,0.));
#7941=DIRECTION('',(0.,0.,-1.));
#7942=DIRECTION('',(0.,0.,1.));
#7943=DIRECTION('',(1.,0.,0.));
#7944=DIRECTION('',(0.,0.,-1.));
#7945=DIRECTION('',(1.,0.,0.));
#7946=DIRECTION('',(0.,0.,-1.));
#7947=DIRECTION('',(1.,0.,0.));
#7948=DIRECTION('',(0.,0.,-1.));
#7949=DIRECTION('',(0.,0.,1.));
#7950=DIRECTION('',(1.,0.,0.));
#7951=DIRECTION('',(0.,0.,-1.));
#7952=DIRECTION('',(0.,0.,1.));
#7953=DIRECTION('',(0.,1.,0.));
#7954=DIRECTION('',(1.,0.,0.));
#7955=DIRECTION('',(0.,0.,-1.));
#7956=DIRECTION('',(0.,0.,-1.));
#7957=DIRECTION('',(1.,0.,0.));
#7958=DIRECTION('',(0.,0.,-1.));
#7959=DIRECTION('',(-1.,0.,0.));
#7960=DIRECTION('',(0.,0.,1.));
#7961=DIRECTION('',(-1.,0.,0.));
#7962=DIRECTION('',(0.,1.,0.));
#7963=DIRECTION('',(0.,0.,1.));
#7964=DIRECTION('',(-1.,0.,0.));
#7965=DIRECTION('',(-1.,0.,0.));
#7966=DIRECTION('',(0.,0.,1.));
#7967=DIRECTION('',(-1.,0.,0.));
#7968=DIRECTION('',(0.,0.,1.));
#7969=DIRECTION('',(1.,0.,0.));
#7970=DIRECTION('',(-1.,0.,0.));
#7971=DIRECTION('',(0.,-1.,0.));
#7972=DIRECTION('',(0.,0.,-1.));
#7973=DIRECTION('',(-1.,0.,0.));
#7974=DIRECTION('',(0.,0.,1.));
#7975=DIRECTION('',(-1.,0.,0.));
#7976=DIRECTION('',(0.,-1.,0.));
#7977=DIRECTION('',(0.,0.,-1.));
#7978=DIRECTION('',(-1.,0.,0.));
#7979=DIRECTION('',(-1.,0.,0.));
#7980=DIRECTION('',(0.,0.,1.));
#7981=DIRECTION('',(0.,0.,-1.));
#7982=DIRECTION('',(-1.,0.,0.));
#7983=DIRECTION('',(0.,-1.,0.));
#7984=DIRECTION('',(0.,-1.,0.));
#7985=DIRECTION('',(-1.,0.,0.));
#7986=DIRECTION('',(0.,0.,-1.));
#7987=DIRECTION('',(-1.,0.,0.));
#7988=DIRECTION('',(0.,-1.,0.));
#7989=DIRECTION('',(0.,-1.,0.));
#7990=DIRECTION('',(-1.,0.,0.));
#7991=DIRECTION('',(0.,0.,1.));
#7992=DIRECTION('',(1.,0.,0.));
#7993=DIRECTION('',(0.,1.,0.));
#7994=DIRECTION('',(0.,1.,0.));
#7995=DIRECTION('',(-1.,0.,0.));
#7996=DIRECTION('',(1.,0.,0.));
#7997=DIRECTION('',(0.,0.,-1.));
#7998=DIRECTION('',(1.,0.,0.));
#7999=DIRECTION('',(0.,0.,-1.));
#8000=DIRECTION('',(0.,0.,-1.));
#8001=DIRECTION('',(1.,0.,0.));
#8002=DIRECTION('',(0.,0.,-1.));
#8003=DIRECTION('',(0.,1.,0.));
#8004=DIRECTION('',(0.,0.,1.));
#8005=DIRECTION('',(1.,0.,0.));
#8006=DIRECTION('',(0.,0.,-1.));
#8007=DIRECTION('',(0.,0.,1.));
#8008=DIRECTION('',(1.,0.,0.));
#8009=DIRECTION('',(0.,0.,-1.));
#8010=DIRECTION('',(1.,0.,0.));
#8011=DIRECTION('',(0.,0.,-1.));
#8012=DIRECTION('',(1.,0.,0.));
#8013=DIRECTION('',(0.,0.,-1.));
#8014=DIRECTION('',(0.,0.,1.));
#8015=DIRECTION('',(1.,0.,0.));
#8016=DIRECTION('',(0.,0.,-1.));
#8017=DIRECTION('',(0.,0.,1.));
#8018=DIRECTION('',(0.,1.,0.));
#8019=DIRECTION('',(1.,0.,0.));
#8020=DIRECTION('',(0.,0.,-1.));
#8021=DIRECTION('',(0.,0.,-1.));
#8022=DIRECTION('',(1.,0.,0.));
#8023=DIRECTION('',(0.,0.,-1.));
#8024=DIRECTION('',(-1.,0.,0.));
#8025=DIRECTION('',(0.,0.,1.));
#8026=DIRECTION('',(-1.,0.,0.));
#8027=DIRECTION('',(0.,1.,0.));
#8028=DIRECTION('',(0.,0.,1.));
#8029=DIRECTION('',(-1.,0.,0.));
#8030=DIRECTION('',(-1.,0.,0.));
#8031=DIRECTION('',(0.,0.,1.));
#8032=DIRECTION('',(-1.,0.,0.));
#8033=DIRECTION('',(0.,0.,1.));
#8034=DIRECTION('',(1.,0.,0.));
#8035=DIRECTION('',(-1.,0.,0.));
#8036=DIRECTION('',(0.,-1.,0.));
#8037=DIRECTION('',(0.,0.,-1.));
#8038=DIRECTION('',(-1.,0.,0.));
#8039=DIRECTION('',(0.,0.,1.));
#8040=DIRECTION('',(-1.,0.,0.));
#8041=DIRECTION('',(0.,-1.,0.));
#8042=DIRECTION('',(0.,0.,-1.));
#8043=DIRECTION('',(-1.,0.,0.));
#8044=DIRECTION('',(-1.,0.,0.));
#8045=DIRECTION('',(0.,0.,1.));
#8046=DIRECTION('',(0.,0.,-1.));
#8047=DIRECTION('',(-1.,0.,0.));
#8048=DIRECTION('',(0.,-1.,0.));
#8049=DIRECTION('',(0.,-1.,0.));
#8050=DIRECTION('',(-1.,0.,0.));
#8051=DIRECTION('',(0.,0.,-1.));
#8052=DIRECTION('',(-1.,0.,0.));
#8053=DIRECTION('',(0.,-1.,0.));
#8054=DIRECTION('',(0.,-1.,0.));
#8055=DIRECTION('',(-1.,0.,0.));
#8056=DIRECTION('',(0.,0.,1.));
#8057=DIRECTION('',(1.,0.,0.));
#8058=DIRECTION('',(0.,1.,0.));
#8059=DIRECTION('',(0.,1.,0.));
#8060=DIRECTION('',(-1.,0.,0.));
#8061=DIRECTION('',(1.,0.,0.));
#8062=DIRECTION('',(0.,0.,-1.));
#8063=DIRECTION('',(1.,0.,0.));
#8064=DIRECTION('',(0.,0.,-1.));
#8065=DIRECTION('',(0.,0.,-1.));
#8066=DIRECTION('',(1.,0.,0.));
#8067=DIRECTION('',(0.,0.,-1.));
#8068=DIRECTION('',(0.,1.,0.));
#8069=DIRECTION('',(0.,0.,1.));
#8070=DIRECTION('',(1.,0.,0.));
#8071=DIRECTION('',(0.,0.,-1.));
#8072=DIRECTION('',(0.,0.,1.));
#8073=DIRECTION('',(1.,0.,0.));
#8074=DIRECTION('',(0.,0.,-1.));
#8075=DIRECTION('',(1.,0.,0.));
#8076=DIRECTION('',(0.,0.,-1.));
#8077=DIRECTION('',(1.,0.,0.));
#8078=DIRECTION('',(0.,0.,-1.));
#8079=DIRECTION('',(0.,0.,1.));
#8080=DIRECTION('',(1.,0.,0.));
#8081=DIRECTION('',(0.,0.,-1.));
#8082=DIRECTION('',(0.,0.,1.));
#8083=DIRECTION('',(0.,1.,0.));
#8084=DIRECTION('',(1.,0.,0.));
#8085=DIRECTION('',(0.,0.,-1.));
#8086=DIRECTION('',(0.,0.,-1.));
#8087=DIRECTION('',(1.,0.,0.));
#8088=DIRECTION('',(0.,0.,-1.));
#8089=DIRECTION('',(-1.,0.,0.));
#8090=DIRECTION('',(0.,0.,1.));
#8091=DIRECTION('',(-1.,0.,0.));
#8092=DIRECTION('',(0.,1.,0.));
#8093=DIRECTION('',(0.,0.,1.));
#8094=DIRECTION('',(-1.,0.,0.));
#8095=DIRECTION('',(-1.,0.,0.));
#8096=DIRECTION('',(0.,0.,1.));
#8097=DIRECTION('',(-1.,0.,0.));
#8098=DIRECTION('',(0.,0.,1.));
#8099=DIRECTION('',(1.,0.,0.));
#8100=DIRECTION('',(-1.,0.,0.));
#8101=DIRECTION('',(0.,-1.,0.));
#8102=DIRECTION('',(0.,0.,-1.));
#8103=DIRECTION('',(-1.,0.,0.));
#8104=DIRECTION('',(0.,0.,1.));
#8105=DIRECTION('',(-1.,0.,0.));
#8106=DIRECTION('',(0.,-1.,0.));
#8107=DIRECTION('',(0.,0.,-1.));
#8108=DIRECTION('',(-1.,0.,0.));
#8109=DIRECTION('',(-1.,0.,0.));
#8110=DIRECTION('',(0.,0.,1.));
#8111=DIRECTION('',(0.,0.,-1.));
#8112=DIRECTION('',(-1.,0.,0.));
#8113=DIRECTION('',(0.,0.,1.));
#8114=DIRECTION('',(1.,0.,0.));
#8115=DIRECTION('',(0.,0.,1.));
#8116=DIRECTION('',(1.,0.,0.));
#8117=DIRECTION('',(0.,0.,-1.));
#8118=DIRECTION('',(-1.,0.,0.));
#8119=DIRECTION('',(0.,0.,1.));
#8120=DIRECTION('',(1.,0.,0.));
#8121=DIRECTION('',(0.,0.,1.));
#8122=DIRECTION('',(1.,0.,0.));
#8123=DIRECTION('',(-1.,0.,0.));
#8124=DIRECTION('',(0.,0.,1.));
#8125=DIRECTION('',(0.,1.,0.));
#8126=DIRECTION('',(0.,0.,-1.));
#8127=DIRECTION('',(0.,1.,0.));
#8128=DIRECTION('',(0.,0.,1.));
#8129=DIRECTION('',(1.,0.,0.));
#8130=DIRECTION('',(0.,0.,-1.));
#8131=DIRECTION('',(1.,0.,0.));
#8132=DIRECTION('',(0.,0.,-1.));
#8133=DIRECTION('',(0.,-1.,0.));
#8134=DIRECTION('',(0.,0.,1.));
#8135=DIRECTION('',(1.,0.,0.));
#8136=DIRECTION('',(0.,0.,1.));
#8137=DIRECTION('',(1.,0.,0.));
#8138=DIRECTION('',(0.,0.,-1.));
#8139=DIRECTION('',(-1.,0.,0.));
#8140=DIRECTION('',(-1.,0.,0.));
#8141=DIRECTION('',(0.,-1.,0.));
#8142=DIRECTION('',(0.,0.,-1.));
#8143=DIRECTION('',(-1.,0.,0.));
#8144=DIRECTION('',(0.,1.,0.));
#8145=DIRECTION('',(0.,0.,1.));
#8146=DIRECTION('',(-1.,0.,0.));
#8147=DIRECTION('',(0.,0.,1.));
#8148=DIRECTION('',(0.,0.,-1.));
#8149=DIRECTION('',(0.,0.,-1.));
#8150=DIRECTION('',(-1.,0.,0.));
#8151=DIRECTION('',(0.,0.,-1.));
#8152=DIRECTION('',(-1.,0.,0.));
#8153=DIRECTION('',(0.,0.,-1.));
#8154=DIRECTION('',(-1.,0.,0.));
#8155=DIRECTION('',(0.,0.,-1.));
#8156=DIRECTION('',(-1.,0.,0.));
#8157=DIRECTION('',(0.,0.,-1.));
#8158=DIRECTION('',(0.,0.,-1.));
#8159=DIRECTION('',(-1.,0.,0.));
#8160=DIRECTION('',(0.,0.,-1.));
#8161=DIRECTION('',(0.,0.,-1.));
#8162=DIRECTION('',(-1.,0.,0.));
#8163=DIRECTION('',(0.,0.707106781186548,0.707106781186548));
#8164=DIRECTION('',(0.,0.707106781186548,-0.707106781186548));
#8165=DIRECTION('',(0.,0.,1.));
#8166=DIRECTION('',(1.,0.,0.));
#8167=DIRECTION('',(0.,-0.707106781186548,0.707106781186548));
#8168=DIRECTION('',(0.,-0.707106781186547,-0.707106781186548));
#8169=DIRECTION('',(0.,0.,1.));
#8170=DIRECTION('',(1.,0.,0.));
#8171=DIRECTION('',(1.,0.,0.));
#8172=DIRECTION('',(0.,-1.,0.));
#8173=DIRECTION('',(0.,0.,1.));
#8174=DIRECTION('',(1.,0.,0.));
#8175=DIRECTION('',(0.,-1.,0.));
#8176=DIRECTION('',(0.,0.,1.));
#8177=DIRECTION('',(1.,0.,0.));
#8178=DIRECTION('',(-1.,0.,0.));
#8179=DIRECTION('',(0.,0.,1.));
#8180=DIRECTION('',(1.,0.,0.));
#8181=DIRECTION('',(-1.,0.,0.));
#8182=DIRECTION('',(0.,0.,1.));
#8183=DIRECTION('',(1.,0.,0.));
#8184=DIRECTION('',(0.,0.,1.));
#8185=DIRECTION('',(1.,0.,0.));
#8186=DIRECTION('',(-1.,0.,0.));
#8187=DIRECTION('',(0.,-1.,0.));
#8188=DIRECTION('',(0.,0.,1.));
#8189=DIRECTION('',(1.,0.,0.));
#8190=DIRECTION('',(0.,-1.,0.));
#8191=DIRECTION('',(0.,0.,-1.));
#8192=DIRECTION('',(-1.,0.,0.));
#8193=DIRECTION('',(0.,-1.,0.));
#8194=DIRECTION('',(0.,0.,-1.));
#8195=DIRECTION('',(-1.,0.,0.));
#8196=DIRECTION('',(0.,-1.,0.));
#8197=DIRECTION('',(0.,1.,0.));
#8198=DIRECTION('',(-1.,0.,0.));
#8199=DIRECTION('',(0.,0.,-1.));
#8200=DIRECTION('',(-1.,0.,0.));
#8201=DIRECTION('',(-1.,0.,0.));
#8202=DIRECTION('',(-1.,0.,0.));
#8203=DIRECTION('',(0.,-1.,0.));
#8204=DIRECTION('',(0.,-1.,0.));
#8205=DIRECTION('',(0.,0.,-1.));
#8206=DIRECTION('',(-1.,0.,0.));
#8207=DIRECTION('',(0.,-1.,0.));
#8208=DIRECTION('',(0.,-1.,0.));
#8209=DIRECTION('',(0.,0.,-1.));
#8210=DIRECTION('',(-1.,0.,0.));
#8211=DIRECTION('',(-1.,0.,0.));
#8212=DIRECTION('',(0.,0.,-1.));
#8213=DIRECTION('',(-1.,0.,0.));
#8214=DIRECTION('',(-1.,0.,0.));
#8215=DIRECTION('',(0.,0.,-1.));
#8216=DIRECTION('',(-1.,0.,0.));
#8217=DIRECTION('',(0.,-1.,0.));
#8218=DIRECTION('',(0.,0.,-1.));
#8219=DIRECTION('',(-1.,0.,0.));
#8220=DIRECTION('',(0.707106781186548,0.,0.707106781186548));
#8221=DIRECTION('',(0.707106781186548,0.,-0.707106781186548));
#8222=DIRECTION('',(-0.707106781186548,0.,0.707106781186548));
#8223=DIRECTION('',(0.707106781186548,0.,0.707106781186548));
#8224=DIRECTION('',(0.707106781186548,0.,-0.707106781186548));
#8225=DIRECTION('',(0.707106781186548,0.,0.707106781186548));
#8226=DIRECTION('',(0.707106781186548,0.,-0.707106781186548));
#8227=DIRECTION('',(0.707106781186548,0.,-0.707106781186548));
#8228=DIRECTION('',(0.707106781186548,0.,0.707106781186548));
#8229=DIRECTION('',(0.707106781186548,0.,-0.707106781186548));
#8230=DIRECTION('',(-0.707106781186548,0.,0.707106781186548));
#8231=DIRECTION('',(0.707106781186548,0.,0.707106781186548));
#8232=DIRECTION('',(-0.707106781186548,0.,-0.707106781186548));
#8233=DIRECTION('',(-0.707106781186548,0.,0.707106781186548));
#8234=DIRECTION('',(-0.707106781186548,0.,-0.707106781186548));
#8235=DIRECTION('',(-0.707106781186548,0.,0.707106781186548));
#8236=DIRECTION('',(0.707106781186548,0.,0.707106781186548));
#8237=DIRECTION('',(0.707106781186548,0.,0.707106781186548));
#8238=DIRECTION('',(-0.707106781186548,0.,0.707106781186548));
#8239=DIRECTION('',(-0.707106781186548,0.,-0.707106781186548));
#8240=DIRECTION('',(0.,0.,1.));
#8241=DIRECTION('',(1.,0.,0.));
#8242=DIRECTION('',(-1.,0.,0.));
#8243=DIRECTION('',(-1.,0.,0.));
#8244=DIRECTION('',(0.,0.,1.));
#8245=DIRECTION('',(1.,0.,0.));
#8246=DIRECTION('',(0.,0.707106781186548,0.707106781186548));
#8247=DIRECTION('',(0.,-0.707106781186548,0.707106781186548));
#8248=DIRECTION('',(0.,0.707106781186548,0.707106781186548));
#8249=DIRECTION('',(0.,0.707106781186548,-0.707106781186548));
#8250=DIRECTION('',(0.,-0.707106781186548,0.707106781186548));
#8251=DIRECTION('',(0.,-0.707106781186547,-0.707106781186548));
#8252=DIRECTION('',(0.,-0.707106781186548,0.707106781186548));
#8253=DIRECTION('',(0.,-0.707106781186547,-0.707106781186548));
#8254=DIRECTION('',(0.,-0.707106781186548,0.707106781186548));
#8255=DIRECTION('',(0.,-0.707106781186547,-0.707106781186548));
#8256=DIRECTION('',(0.,-0.707106781186548,0.707106781186548));
#8257=DIRECTION('',(0.,-0.707106781186547,-0.707106781186548));
#8258=DIRECTION('',(0.,-0.707106781186548,0.707106781186548));
#8259=DIRECTION('',(0.,-0.707106781186547,-0.707106781186548));
#8260=DIRECTION('',(0.,0.707106781186548,0.707106781186548));
#8261=DIRECTION('',(0.,-0.707106781186548,0.707106781186548));
#8262=DIRECTION('',(0.,0.707106781186548,0.707106781186548));
#8263=DIRECTION('',(0.,0.707106781186548,-0.707106781186548));
#8264=DIRECTION('',(0.,0.707106781186548,0.707106781186548));
#8265=DIRECTION('',(0.,0.707106781186548,-0.707106781186548));
#8266=DIRECTION('',(0.,0.,-1.));
#8267=DIRECTION('',(-1.,0.,0.));
#8268=DIRECTION('',(0.,0.,-1.));
#8269=DIRECTION('',(-1.,0.,0.));
#8270=DIRECTION('',(0.,1.,0.));
#8271=DIRECTION('',(-1.,0.,0.));
#8272=DIRECTION('',(0.,0.,-1.));
#8273=DIRECTION('',(-1.,0.,0.));
#8274=DIRECTION('',(0.,0.,-1.));
#8275=DIRECTION('',(-1.,0.,0.));
#8276=DIRECTION('',(0.,0.,-1.));
#8277=DIRECTION('',(0.,1.,0.));
#8278=DIRECTION('',(0.,0.,1.));
#8279=DIRECTION('',(0.,0.,-1.));
#8280=DIRECTION('',(-1.,0.,0.));
#8281=DIRECTION('',(0.,0.,1.));
#8282=DIRECTION('',(0.,0.,1.));
#8283=DIRECTION('',(0.,-1.,0.));
#8284=DIRECTION('',(0.,0.,1.));
#8285=DIRECTION('',(0.,-1.,0.));
#8286=DIRECTION('',(0.,0.,-1.));
#8287=DIRECTION('',(0.,0.,1.));
#8288=DIRECTION('',(1.,0.,0.));
#8289=DIRECTION('',(1.,0.,0.));
#8290=DIRECTION('',(0.,0.,-1.));
#8291=DIRECTION('',(0.,0.,1.));
#8292=DIRECTION('',(0.,1.,0.));
#8293=DIRECTION('',(0.,1.,0.));
#8294=DIRECTION('',(0.,0.,1.));
#8295=DIRECTION('',(-1.,0.,0.));
#8296=DIRECTION('',(0.,0.,1.));
#8297=DIRECTION('',(1.,0.,0.));
#8298=DIRECTION('',(0.,0.,-1.));
#8299=DIRECTION('',(-1.,0.,0.));
#8300=DIRECTION('',(0.,0.,-1.));
#8301=DIRECTION('',(-1.,0.,0.));
#8302=DIRECTION('',(0.,0.,-1.));
#8303=DIRECTION('',(-1.,0.,0.));
#8304=DIRECTION('',(0.,0.,-1.));
#8305=DIRECTION('',(-1.,0.,0.));
#8306=DIRECTION('',(0.,0.,1.));
#8307=DIRECTION('',(1.,0.,0.));
#8308=DIRECTION('',(0.,0.,-1.));
#8309=DIRECTION('',(-1.,0.,0.));
#8310=DIRECTION('',(0.,0.,-1.));
#8311=DIRECTION('',(-1.,0.,0.));
#8312=DIRECTION('',(0.,0.,1.));
#8313=DIRECTION('',(1.,0.,0.));
#8314=CARTESIAN_POINT('',(0.,0.,0.));
#8315=CARTESIAN_POINT('',(2.15,2.05,0.));
#8316=CARTESIAN_POINT('',(1.55,-2.10000000000004,0.));
#8317=CARTESIAN_POINT('',(1.65,-2.1,0.));
#8318=CARTESIAN_POINT('',(1.46339745962158,-2.05,0.));
#8319=CARTESIAN_POINT('',(1.65,-2.1,0.));
#8320=CARTESIAN_POINT('',(1.65,-2.20000000000001,0.));
#8321=CARTESIAN_POINT('',(1.65,-2.20000000000001,0.));
#8322=CARTESIAN_POINT('',(2.15,-2.20000000000001,0.));
#8323=CARTESIAN_POINT('',(2.15,2.05,0.));
#8324=CARTESIAN_POINT('',(2.15,-2.,0.));
#8325=CARTESIAN_POINT('',(2.15,-2.,7.105427357601E-15));
#8326=CARTESIAN_POINT('',(2.28,-2.,7.08612316624284E-15));
#8327=CARTESIAN_POINT('',(2.28,-2.,7.08612316624284E-15));
#8328=CARTESIAN_POINT('',(2.28,1.5,7.08612316624284E-15));
#8329=CARTESIAN_POINT('',(2.15,1.5,7.105427357601E-15));
#8330=CARTESIAN_POINT('',(2.15,1.5,7.10152422978005E-15));
#8331=CARTESIAN_POINT('',(2.15,2.05,0.));
#8332=CARTESIAN_POINT('',(2.15,2.05,-1.62630325872826E-16));
#8333=CARTESIAN_POINT('',(2.15,2.05,-1.62630325872826E-16));
#8334=CARTESIAN_POINT('',(-2.15,2.05,-1.62630325872826E-16));
#8335=CARTESIAN_POINT('',(-2.15,2.05,0.));
#8336=CARTESIAN_POINT('',(-2.15,1.5,2.1316282072803E-14));
#8337=CARTESIAN_POINT('',(-2.28,1.5,2.13355862641612E-14));
#8338=CARTESIAN_POINT('',(-2.28,1.5,2.13587827979644E-14));
#8339=CARTESIAN_POINT('',(-2.28,-2.,2.13587827979644E-14));
#8340=CARTESIAN_POINT('',(-2.28,-2.,2.13587827979644E-14));
#8341=CARTESIAN_POINT('',(-2.28,-2.,2.13355862641612E-14));
#8342=CARTESIAN_POINT('',(-2.15,-2.,2.1316282072803E-14));
#8343=CARTESIAN_POINT('',(-2.15,2.05,0.));
#8344=CARTESIAN_POINT('',(-2.15,-2.2,0.));
#8345=CARTESIAN_POINT('',(-2.15,-2.2,0.));
#8346=CARTESIAN_POINT('',(-1.65,-2.2,0.));
#8347=CARTESIAN_POINT('',(-1.65,-2.2,0.));
#8348=CARTESIAN_POINT('',(-1.65,-2.1,0.));
#8349=CARTESIAN_POINT('',(-1.55,-2.10000000000001,0.));
#8350=CARTESIAN_POINT('',(-1.46339745962156,-2.05,0.));
#8351=CARTESIAN_POINT('',(2.15,-2.05,0.));
#8352=CARTESIAN_POINT('',(1.48492424049175,-1.48492424049175,3.3881317890172E-18));
#8353=CARTESIAN_POINT('',(1.33492424049175,-1.48492424049175,3.3881317890172E-18));
#8354=CARTESIAN_POINT('',(-1.48492424049175,-1.48492424049175,3.3881317890172E-18));
#8355=CARTESIAN_POINT('',(-1.63492424049175,-1.48492424049175,3.3881317890172E-18));
#8356=CARTESIAN_POINT('',(0.15,-2.,0.));
#8357=CARTESIAN_POINT('',(0.15,-2.,0.));
#8358=CARTESIAN_POINT('',(0.150000036745845,-1.69336983701611,0.));
#8359=CARTESIAN_POINT('',(-0.15,-2.,0.));
#8360=CARTESIAN_POINT('',(-0.15,-2.,0.));
#8361=CARTESIAN_POINT('',(-0.15,-1.69336942218761,0.));
#8362=CARTESIAN_POINT('',(-0.15,-1.69336942218761,0.));
#8363=CARTESIAN_POINT('',(1.0842021724855E-16,-4.18083472789738E-7,0.));
#8364=CARTESIAN_POINT('',(-1.65882760632222,-0.371875360104721,0.));
#8365=CARTESIAN_POINT('',(-1.56124859136316,-0.350000925064058,0.));
#8366=CARTESIAN_POINT('',(-1.46355666864997,-0.328636391244476,0.));
#8367=CARTESIAN_POINT('',(0.,4.33680868994202E-16,0.));
#8368=CARTESIAN_POINT('',(-0.209900248757758,-1.48524135599957,0.));
#8369=CARTESIAN_POINT('',(-0.209900248757758,1.55,0.));
#8370=CARTESIAN_POINT('',(-0.209900248757758,-1.13068204441896,0.));
#8371=CARTESIAN_POINT('',(0.,0.,0.));
#8372=CARTESIAN_POINT('',(-0.209900248757758,1.13068204441896,0.));
#8373=CARTESIAN_POINT('',(-0.209900248757758,1.55,0.));
#8374=CARTESIAN_POINT('',(-0.209900248757758,1.48524135599957,0.));
#8375=CARTESIAN_POINT('',(-1.0842021724855E-16,6.50521303491303E-16,0.));
#8376=CARTESIAN_POINT('',(-1.46355666864993,0.328636391244663,0.));
#8377=CARTESIAN_POINT('',(-1.56124859136316,0.350000925064058,0.));
#8378=CARTESIAN_POINT('',(-1.65882760632222,0.371875360104721,0.));
#8379=CARTESIAN_POINT('',(0.,4.18083476259185E-7,0.));
#8380=CARTESIAN_POINT('',(1.65882760632222,0.371875360104721,0.));
#8381=CARTESIAN_POINT('',(1.56124859136316,0.350000925064058,0.));
#8382=CARTESIAN_POINT('',(1.46355666864997,0.328636391244476,0.));
#8383=CARTESIAN_POINT('',(-1.0842021724855E-16,6.50521303491303E-16,0.));
#8384=CARTESIAN_POINT('',(0.209900248757758,1.48524135599957,0.));
#8385=CARTESIAN_POINT('',(0.209900248757758,1.55,0.));
#8386=CARTESIAN_POINT('',(0.209900248757758,1.13068204441896,0.));
#8387=CARTESIAN_POINT('',(0.,0.,0.));
#8388=CARTESIAN_POINT('',(0.209900248757758,-1.13068204441896,0.));
#8389=CARTESIAN_POINT('',(0.209900248757758,1.55,0.));
#8390=CARTESIAN_POINT('',(0.209900248757758,-1.48524135599957,0.));
#8391=CARTESIAN_POINT('',(0.,4.33680868994202E-16,0.));
#8392=CARTESIAN_POINT('',(1.46355666864987,-0.32863639124493,0.));
#8393=CARTESIAN_POINT('',(1.56124859136316,-0.350000925064059,0.));
#8394=CARTESIAN_POINT('',(1.65882760632222,-0.371875360104721,0.));
#8395=CARTESIAN_POINT('',(1.0842021724855E-16,-4.18083472789738E-7,0.));
#8396=CARTESIAN_POINT('',(-2.25,-2.15,-2.2));
#8397=CARTESIAN_POINT('',(-2.25,-2.15,-1.45));
#8398=CARTESIAN_POINT('',(-2.25,0.9,-1.45));
#8399=CARTESIAN_POINT('',(-2.25,-0.9,-1.45));
#8400=CARTESIAN_POINT('',(-2.25,0.9,-2.2));
#8401=CARTESIAN_POINT('',(-2.25,0.9,-0.5));
#8402=CARTESIAN_POINT('',(-2.25,0.9,-0.5));
#8403=CARTESIAN_POINT('',(-2.25,-0.9,-0.5));
#8404=CARTESIAN_POINT('',(-2.25,-0.9,-2.2));
#8405=CARTESIAN_POINT('',(-2.25,-1.,-2.15));
#8406=CARTESIAN_POINT('',(-2.25,-1.,-2.15));
#8407=CARTESIAN_POINT('',(-2.25,-1.,-2.2));
#8408=CARTESIAN_POINT('',(-2.25,2.6,-2.2));
#8409=CARTESIAN_POINT('',(-2.25,-2.03,-2.2));
#8410=CARTESIAN_POINT('',(-2.25,-2.03,-2.73));
#8411=CARTESIAN_POINT('',(-2.25,-2.03,-0.35));
#8412=CARTESIAN_POINT('',(-2.25,-2.15,-0.35));
#8413=CARTESIAN_POINT('',(-2.25,-2.1,-0.35));
#8414=CARTESIAN_POINT('',(-2.25,-2.05,-0.15));
#8415=CARTESIAN_POINT('',(-2.25,-2.075,-0.25));
#8416=CARTESIAN_POINT('',(-2.25,2.35,-0.25));
#8417=CARTESIAN_POINT('',(-2.25,2.03,-0.25));
#8418=CARTESIAN_POINT('',(-2.25,2.03,-2.73));
#8419=CARTESIAN_POINT('',(-2.25,2.03,-0.5));
#8420=CARTESIAN_POINT('',(-2.25,-2.15,-0.5));
#8421=CARTESIAN_POINT('',(-2.25,1.5,-0.5));
#8422=CARTESIAN_POINT('',(-2.25,1.5,-2.2));
#8423=CARTESIAN_POINT('',(-2.25,1.5,-1.45));
#8424=CARTESIAN_POINT('',(-2.25,-2.15,-1.45));
#8425=CARTESIAN_POINT('',(-2.25,2.03,-1.45));
#8426=CARTESIAN_POINT('',(-2.25,2.03,-2.73));
#8427=CARTESIAN_POINT('',(-2.25,2.03,-2.2));
#8428=CARTESIAN_POINT('',(-2.25,2.6,-2.2));
#8429=CARTESIAN_POINT('',(-2.25,-0.149999999999999,-2.2));
#8430=CARTESIAN_POINT('',(-2.25,-0.149999999999999,-2.15));
#8431=CARTESIAN_POINT('',(-2.25,-0.149999999999999,-2.15));
#8432=CARTESIAN_POINT('',(-2.25,-0.149999999999999,-2.15));
#8433=CARTESIAN_POINT('',(2.25,-2.15,-2.2));
#8434=CARTESIAN_POINT('',(2.25,0.9,-2.2));
#8435=CARTESIAN_POINT('',(2.25,0.9,-1.45));
#8436=CARTESIAN_POINT('',(2.25,0.9,-0.5));
#8437=CARTESIAN_POINT('',(2.25,-2.15,-1.45));
#8438=CARTESIAN_POINT('',(2.25,-0.9,-1.45));
#8439=CARTESIAN_POINT('',(2.25,-0.9,-2.2));
#8440=CARTESIAN_POINT('',(2.25,-0.9,-0.5));
#8441=CARTESIAN_POINT('',(2.25,0.9,-0.5));
#8442=CARTESIAN_POINT('',(2.25,2.6,-2.2));
#8443=CARTESIAN_POINT('',(2.25,-1.,-2.2));
#8444=CARTESIAN_POINT('',(2.25,-2.03,-2.2));
#8445=CARTESIAN_POINT('',(2.25,-1.,-2.15));
#8446=CARTESIAN_POINT('',(2.25,-1.,-2.15));
#8447=CARTESIAN_POINT('',(2.25,-1.,-2.15));
#8448=CARTESIAN_POINT('',(2.25,-0.149999999999999,-2.15));
#8449=CARTESIAN_POINT('',(2.25,-0.149999999999999,-2.15));
#8450=CARTESIAN_POINT('',(2.25,-0.149999999999999,-2.2));
#8451=CARTESIAN_POINT('',(2.25,2.6,-2.2));
#8452=CARTESIAN_POINT('',(2.25,2.03,-2.2));
#8453=CARTESIAN_POINT('',(2.25,2.03,-2.2));
#8454=CARTESIAN_POINT('',(2.25,2.03,-1.45));
#8455=CARTESIAN_POINT('',(2.25,-2.15,-1.45));
#8456=CARTESIAN_POINT('',(2.25,1.5,-1.45));
#8457=CARTESIAN_POINT('',(2.25,1.5,-2.2));
#8458=CARTESIAN_POINT('',(2.25,1.5,-0.5));
#8459=CARTESIAN_POINT('',(2.25,-2.15,-0.5));
#8460=CARTESIAN_POINT('',(2.25,2.03,-0.5));
#8461=CARTESIAN_POINT('',(2.25,2.03,-2.2));
#8462=CARTESIAN_POINT('',(2.25,2.03,-0.25));
#8463=CARTESIAN_POINT('',(2.25,2.35,-0.25));
#8464=CARTESIAN_POINT('',(2.25,-2.075,-0.25));
#8465=CARTESIAN_POINT('',(2.25,-2.05,-0.15));
#8466=CARTESIAN_POINT('',(2.25,-2.1,-0.35));
#8467=CARTESIAN_POINT('',(2.25,-2.15,-0.35));
#8468=CARTESIAN_POINT('',(2.25,-2.03,-0.35));
#8469=CARTESIAN_POINT('',(2.25,-2.03,-2.73));
#8470=CARTESIAN_POINT('',(2.25,-2.15,-2.2));
#8471=CARTESIAN_POINT('',(-1.72,-2.15,-2.2));
#8472=CARTESIAN_POINT('',(-1.72,-2.25,-2.2));
#8473=CARTESIAN_POINT('',(-1.72,-2.15,-2.3));
#8474=CARTESIAN_POINT('',(2.25,-2.25,-2.2));
#8475=CARTESIAN_POINT('',(-2.03,-2.25,-2.2));
#8476=CARTESIAN_POINT('',(-2.05,-2.24908902300207,-2.21346720165795));
#8477=CARTESIAN_POINT('',(-2.04333422911194,-2.24969752184849,-2.20898998673821));
#8478=CARTESIAN_POINT('',(-2.03662259310206,-2.25,-2.20446486889321));
#8479=CARTESIAN_POINT('',(-2.03,-2.25,-2.2));
#8480=CARTESIAN_POINT('',(-2.05,-2.24908902300207,-2.21346720165795));
#8481=CARTESIAN_POINT('',(-2.05,-2.15,-2.19999999999999));
#8482=CARTESIAN_POINT('',(-2.05,-2.15,-2.29999999999999));
#8483=CARTESIAN_POINT('',(2.25,-2.15,-2.3));
#8484=CARTESIAN_POINT('',(2.25,-2.15,-2.2));
#8485=CARTESIAN_POINT('',(1.72,-2.15,-2.2));
#8486=CARTESIAN_POINT('',(1.72,-2.15,-2.3));
#8487=CARTESIAN_POINT('',(1.72,-2.25,-2.2));
#8488=CARTESIAN_POINT('',(2.25,-2.15,-2.3));
#8489=CARTESIAN_POINT('',(2.05,-2.15,-2.3));
#8490=CARTESIAN_POINT('',(2.05,-2.15,-2.2));
#8491=CARTESIAN_POINT('',(2.05,-2.24908902300207,-2.21346720165795));
#8492=CARTESIAN_POINT('',(2.05,-2.24908902300207,-2.21346720165795));
#8493=CARTESIAN_POINT('',(2.04333422911193,-2.24969752184849,-2.20898998673821));
#8494=CARTESIAN_POINT('',(2.03662259310206,-2.25,-2.20446486889321));
#8495=CARTESIAN_POINT('',(2.03,-2.25,-2.2));
#8496=CARTESIAN_POINT('',(2.03,-2.25,-2.2));
#8497=CARTESIAN_POINT('',(2.25,-2.25,-2.2));
#8498=CARTESIAN_POINT('',(2.25,-2.15,-2.3));
#8499=CARTESIAN_POINT('',(-2.25,-1.,-2.3));
#8500=CARTESIAN_POINT('',(-2.15,-1.,-2.3));
#8501=CARTESIAN_POINT('',(-1.72,-1.,-2.3));
#8502=CARTESIAN_POINT('',(-1.72,-1.,-2.3));
#8503=CARTESIAN_POINT('',(-2.05,-2.05,-2.29999999999999));
#8504=CARTESIAN_POINT('',(-2.15,-2.05,-2.29999999999999));
#8505=CARTESIAN_POINT('',(-2.15,2.6,-2.3));
#8506=CARTESIAN_POINT('',(2.25,-2.15,-2.3));
#8507=CARTESIAN_POINT('',(1.72,-2.25,-2.3));
#8508=CARTESIAN_POINT('',(1.72,-1.,-2.3));
#8509=CARTESIAN_POINT('',(1.72,-1.,-2.3));
#8510=CARTESIAN_POINT('',(2.15,-1.,-2.3));
#8511=CARTESIAN_POINT('',(2.15,2.6,-2.3));
#8512=CARTESIAN_POINT('',(2.15,-2.05,-2.3));
#8513=CARTESIAN_POINT('',(2.05,-2.05,-2.3));
#8514=CARTESIAN_POINT('',(2.25,-2.15,-2.3));
#8515=CARTESIAN_POINT('',(2.25,-0.149999999999999,-2.3));
#8516=CARTESIAN_POINT('',(2.15,-0.149999999999999,-2.3));
#8517=CARTESIAN_POINT('',(1.8,-0.149999999999999,-2.3));
#8518=CARTESIAN_POINT('',(1.8,-0.149999999999999,-2.3));
#8519=CARTESIAN_POINT('',(1.8,0.8,-2.3));
#8520=CARTESIAN_POINT('',(1.6,0.8,-2.3));
#8521=CARTESIAN_POINT('',(1.6,1.,-2.3));
#8522=CARTESIAN_POINT('',(1.6,1.,-2.3));
#8523=CARTESIAN_POINT('',(0.75,1.,-2.3));
#8524=CARTESIAN_POINT('',(0.75,1.,-2.3));
#8525=CARTESIAN_POINT('',(0.75,2.15,-2.3));
#8526=CARTESIAN_POINT('',(2.25,2.15,-2.3));
#8527=CARTESIAN_POINT('',(2.05,2.15,-2.3));
#8528=CARTESIAN_POINT('',(2.05,2.05,-2.3));
#8529=CARTESIAN_POINT('',(2.15,2.05,-2.3));
#8530=CARTESIAN_POINT('',(2.15,2.6,-2.3));
#8531=CARTESIAN_POINT('',(2.25,-2.15,-2.3));
#8532=CARTESIAN_POINT('',(-0.75,2.25,-2.3));
#8533=CARTESIAN_POINT('',(-0.75,2.15,-2.3));
#8534=CARTESIAN_POINT('',(-0.75,1.,-2.3));
#8535=CARTESIAN_POINT('',(-0.75,1.,-2.3));
#8536=CARTESIAN_POINT('',(-1.6,1.,-2.3));
#8537=CARTESIAN_POINT('',(-1.6,0.8,-2.3));
#8538=CARTESIAN_POINT('',(-1.8,0.799999999999994,-2.3));
#8539=CARTESIAN_POINT('',(-1.8,0.799999999999994,-2.3));
#8540=CARTESIAN_POINT('',(-1.8,-0.149999999999998,-2.3));
#8541=CARTESIAN_POINT('',(-1.8,-0.149999999999999,-2.3));
#8542=CARTESIAN_POINT('',(-2.15,-0.149999999999999,-2.3));
#8543=CARTESIAN_POINT('',(-2.15,2.6,-2.3));
#8544=CARTESIAN_POINT('',(-2.15,2.05,-2.3));
#8545=CARTESIAN_POINT('',(-2.05,2.05,-2.29999999999999));
#8546=CARTESIAN_POINT('',(-2.05,2.15,-2.29999999999999));
#8547=CARTESIAN_POINT('',(2.25,2.15,-2.3));
#8548=CARTESIAN_POINT('',(-2.15,2.6,-2.2));
#8549=CARTESIAN_POINT('',(-2.15,-1.,-2.2));
#8550=CARTESIAN_POINT('',(-2.15,-2.05,-2.19999999999999));
#8551=CARTESIAN_POINT('',(-2.24908902300207,-2.05,-2.21346720165794));
#8552=CARTESIAN_POINT('',(-2.24908902300207,-2.04999999999999,-2.21346720165795));
#8553=CARTESIAN_POINT('',(-2.24969752184849,-2.04333422911193,-2.20898998673821));
#8554=CARTESIAN_POINT('',(-2.25,-2.03662259310205,-2.20446486889321));
#8555=CARTESIAN_POINT('',(-2.25,-2.03,-2.2));
#8556=CARTESIAN_POINT('',(-2.15,2.6,-2.2));
#8557=CARTESIAN_POINT('',(-2.15,-0.149999999999999,-2.2));
#8558=CARTESIAN_POINT('',(-2.24908902300204,2.05000000000024,-2.21346720165812));
#8559=CARTESIAN_POINT('',(-2.24969752184848,2.0433342291121,-2.20898998673832));
#8560=CARTESIAN_POINT('',(-2.25,2.03662259310214,-2.20446486889326));
#8561=CARTESIAN_POINT('',(-2.25,2.03,-2.2));
#8562=CARTESIAN_POINT('',(-2.24908902300199,2.05,-2.21346720165847));
#8563=CARTESIAN_POINT('',(-2.15,2.05,-2.19999999999999));
#8564=CARTESIAN_POINT('',(2.15,2.6,-2.2));
#8565=CARTESIAN_POINT('',(2.15,-1.,-2.2));
#8566=CARTESIAN_POINT('',(2.24908902300207,-2.05,-2.21346720165796));
#8567=CARTESIAN_POINT('',(2.24969752184849,-2.04333422911194,-2.20898998673822));
#8568=CARTESIAN_POINT('',(2.25,-2.03662259310196,-2.20446486889336));
#8569=CARTESIAN_POINT('',(2.25,-2.03,-2.2));
#8570=CARTESIAN_POINT('',(2.24908902300207,-2.05,-2.21346720165796));
#8571=CARTESIAN_POINT('',(2.15,-2.05,-2.2));
#8572=CARTESIAN_POINT('',(2.15,2.6,-2.2));
#8573=CARTESIAN_POINT('',(2.15,-0.149999999999999,-2.2));
#8574=CARTESIAN_POINT('',(2.15,2.05,-2.2));
#8575=CARTESIAN_POINT('',(2.249089023002,2.05000000000077,-2.21346720165847));
#8576=CARTESIAN_POINT('',(2.249089023002,2.05000000000077,-2.21346720165847));
#8577=CARTESIAN_POINT('',(2.24969752184847,2.04333422911245,-2.20898998673856));
#8578=CARTESIAN_POINT('',(2.25,2.03662259310231,-2.20446486889338));
#8579=CARTESIAN_POINT('',(2.25,2.03,-2.2));
#8580=CARTESIAN_POINT('',(2.25,-2.25,-0.350000000000003));
#8581=CARTESIAN_POINT('',(2.25,-2.25,-1.45000000000001));
#8582=CARTESIAN_POINT('',(1.55,-2.25,-1.45000000000001));
#8583=CARTESIAN_POINT('',(1.05,-2.25,-1.45000000000001));
#8584=CARTESIAN_POINT('',(1.55,-2.25,-0.350000000000003));
#8585=CARTESIAN_POINT('',(1.55,-2.25,-1.6));
#8586=CARTESIAN_POINT('',(2.25,-2.25,-1.6));
#8587=CARTESIAN_POINT('',(1.05,-2.25,-1.6));
#8588=CARTESIAN_POINT('',(1.05,-2.25,-0.350000000000003));
#8589=CARTESIAN_POINT('',(2.25,-2.25,-1.45000000000001));
#8590=CARTESIAN_POINT('',(0.25,-2.25,-1.45000000000001));
#8591=CARTESIAN_POINT('',(-0.25,-2.25,-1.45000000000001));
#8592=CARTESIAN_POINT('',(0.25,-2.25,-0.350000000000003));
#8593=CARTESIAN_POINT('',(0.25,-2.25,-1.6));
#8594=CARTESIAN_POINT('',(2.25,-2.25,-1.6));
#8595=CARTESIAN_POINT('',(-0.25,-2.25,-1.6));
#8596=CARTESIAN_POINT('',(-0.25,-2.25,-0.350000000000003));
#8597=CARTESIAN_POINT('',(2.25,-2.25,-1.45000000000001));
#8598=CARTESIAN_POINT('',(-1.05,-2.25,-1.45000000000001));
#8599=CARTESIAN_POINT('',(-1.55,-2.25,-1.45000000000001));
#8600=CARTESIAN_POINT('',(-1.05,-2.25,-0.350000000000003));
#8601=CARTESIAN_POINT('',(-1.05,-2.25,-1.6));
#8602=CARTESIAN_POINT('',(2.25,-2.25,-1.6));
#8603=CARTESIAN_POINT('',(-1.55,-2.25,-1.6));
#8604=CARTESIAN_POINT('',(-1.55,-2.25,-0.350000000000003));
#8605=CARTESIAN_POINT('',(-1.72,-2.25,-2.15));
#8606=CARTESIAN_POINT('',(-1.72,-2.25,-2.15));
#8607=CARTESIAN_POINT('',(-1.72,-2.25,-2.15));
#8608=CARTESIAN_POINT('',(-1.55,-2.25,-2.15));
#8609=CARTESIAN_POINT('',(-1.72,-2.25,-2.15));
#8610=CARTESIAN_POINT('',(-1.05,-2.25,-2.15));
#8611=CARTESIAN_POINT('',(-1.72,-2.25,-2.15));
#8612=CARTESIAN_POINT('',(-0.25,-2.25,-2.15));
#8613=CARTESIAN_POINT('',(-1.72,-2.25,-2.15));
#8614=CARTESIAN_POINT('',(0.25,-2.25,-2.15));
#8615=CARTESIAN_POINT('',(-1.72,-2.25,-2.15));
#8616=CARTESIAN_POINT('',(1.05,-2.25,-2.15));
#8617=CARTESIAN_POINT('',(-1.72,-2.25,-2.15));
#8618=CARTESIAN_POINT('',(1.55,-2.25,-2.15));
#8619=CARTESIAN_POINT('',(-1.72,-2.25,-2.15));
#8620=CARTESIAN_POINT('',(1.72,-2.25,-2.15));
#8621=CARTESIAN_POINT('',(1.72,-2.25,-2.15));
#8622=CARTESIAN_POINT('',(2.03,-2.25,-2.73));
#8623=CARTESIAN_POINT('',(2.03,-2.25,-0.35));
#8624=CARTESIAN_POINT('',(2.25,-2.25,-0.350000000000003));
#8625=CARTESIAN_POINT('',(-2.03,-2.25,-0.35));
#8626=CARTESIAN_POINT('',(-2.03,-2.25,-2.73));
#8627=CARTESIAN_POINT('',(2.25,2.15,-2.2));
#8628=CARTESIAN_POINT('',(0.75,2.15,-2.2));
#8629=CARTESIAN_POINT('',(0.75,2.25,-2.2));
#8630=CARTESIAN_POINT('',(2.25,2.25,-2.2));
#8631=CARTESIAN_POINT('',(2.03,2.25,-2.2));
#8632=CARTESIAN_POINT('',(2.05,2.24908902300207,-2.21346720165795));
#8633=CARTESIAN_POINT('',(2.04333422911194,2.24969752184849,-2.20898998673821));
#8634=CARTESIAN_POINT('',(2.03662259310206,2.25,-2.20446486889321));
#8635=CARTESIAN_POINT('',(2.03,2.25,-2.2));
#8636=CARTESIAN_POINT('',(2.05,2.24908902300207,-2.21346720165795));
#8637=CARTESIAN_POINT('',(2.05,2.15,-2.2));
#8638=CARTESIAN_POINT('',(2.25,2.15,-2.2));
#8639=CARTESIAN_POINT('',(-0.75,2.15,-2.2));
#8640=CARTESIAN_POINT('',(-0.75,2.25,-2.2));
#8641=CARTESIAN_POINT('',(-2.05,2.15,-2.19999999999999));
#8642=CARTESIAN_POINT('',(-2.05,2.24908902300207,-2.21346720165794));
#8643=CARTESIAN_POINT('',(-2.04999999999999,2.24908902300207,-2.21346720165795));
#8644=CARTESIAN_POINT('',(-2.04333422911193,2.24969752184849,-2.20898998673821));
#8645=CARTESIAN_POINT('',(-2.03662259310206,2.25,-2.20446486889321));
#8646=CARTESIAN_POINT('',(-2.03,2.25,-2.2));
#8647=CARTESIAN_POINT('',(-2.03,2.25,-2.2));
#8648=CARTESIAN_POINT('',(2.25,2.25,-2.2));
#8649=CARTESIAN_POINT('',(2.25,2.25,-2.2));
#8650=CARTESIAN_POINT('',(2.25,2.25,-1.6));
#8651=CARTESIAN_POINT('',(0.6,2.25,-1.6));
#8652=CARTESIAN_POINT('',(-0.6,2.25,-1.6));
#8653=CARTESIAN_POINT('',(0.6,2.25,-2.2));
#8654=CARTESIAN_POINT('',(0.6,2.25,-1.45));
#8655=CARTESIAN_POINT('',(2.25,2.25,-1.45));
#8656=CARTESIAN_POINT('',(-0.6,2.25,-1.45));
#8657=CARTESIAN_POINT('',(-0.6,2.25,-2.2));
#8658=CARTESIAN_POINT('',(0.75,2.25,-2.15));
#8659=CARTESIAN_POINT('',(0.75,2.25,-2.15));
#8660=CARTESIAN_POINT('',(0.75,2.25,-2.15));
#8661=CARTESIAN_POINT('',(0.6,2.25,-2.15));
#8662=CARTESIAN_POINT('',(0.75,2.25,-2.15));
#8663=CARTESIAN_POINT('',(-0.6,2.25,-2.15));
#8664=CARTESIAN_POINT('',(0.75,2.25,-2.15));
#8665=CARTESIAN_POINT('',(-0.75,2.25,-2.15));
#8666=CARTESIAN_POINT('',(-0.75,2.25,-2.15));
#8667=CARTESIAN_POINT('',(-2.03,2.25,-2.73));
#8668=CARTESIAN_POINT('',(-2.03,2.25,-1.45));
#8669=CARTESIAN_POINT('',(-2.,2.25,-1.45));
#8670=CARTESIAN_POINT('',(-2.3,2.25,-1.45));
#8671=CARTESIAN_POINT('',(-2.3,2.25,-1.45));
#8672=CARTESIAN_POINT('',(-2.3,2.25,-0.500000000000006));
#8673=CARTESIAN_POINT('',(-2.,2.25,-0.5));
#8674=CARTESIAN_POINT('',(-2.03,2.25,-0.5));
#8675=CARTESIAN_POINT('',(-2.03,2.25,-2.73));
#8676=CARTESIAN_POINT('',(-2.03,2.25,-0.35));
#8677=CARTESIAN_POINT('',(2.25,2.25,-0.35));
#8678=CARTESIAN_POINT('',(2.03,2.25,-0.35));
#8679=CARTESIAN_POINT('',(2.03,2.25,-2.73));
#8680=CARTESIAN_POINT('',(2.03,2.25,-0.5));
#8681=CARTESIAN_POINT('',(2.3,2.25,-0.5));
#8682=CARTESIAN_POINT('',(2.3,2.25,-0.5));
#8683=CARTESIAN_POINT('',(2.3,2.25,-1.45));
#8684=CARTESIAN_POINT('',(2.3,2.25,-1.45));
#8685=CARTESIAN_POINT('',(2.3,2.25,-1.45));
#8686=CARTESIAN_POINT('',(2.03,2.25,-1.45));
#8687=CARTESIAN_POINT('',(2.03,2.25,-2.73));
#8688=CARTESIAN_POINT('',(2.15,-2.05,-0.12));
#8689=CARTESIAN_POINT('',(3.,1.,-0.12));
#8690=CARTESIAN_POINT('',(-2.28,1.,-0.12));
#8691=CARTESIAN_POINT('',(-2.45,1.,-0.12));
#8692=CARTESIAN_POINT('',(-2.28,-2.,-0.119999999999995));
#8693=CARTESIAN_POINT('',(-2.28,1.5,-0.119999999999995));
#8694=CARTESIAN_POINT('',(-2.15,1.5,-0.119999999999997));
#8695=CARTESIAN_POINT('',(-2.15,1.5,-0.119999999999997));
#8696=CARTESIAN_POINT('',(-2.15,-2.05,-0.12));
#8697=CARTESIAN_POINT('',(-2.15,2.05,-0.12));
#8698=CARTESIAN_POINT('',(2.15,2.05,-0.12));
#8699=CARTESIAN_POINT('',(2.15,2.05,-0.12));
#8700=CARTESIAN_POINT('',(2.15,-2.05,-0.12));
#8701=CARTESIAN_POINT('',(2.15,1.5,-0.119999999999997));
#8702=CARTESIAN_POINT('',(2.28,1.5,-0.12));
#8703=CARTESIAN_POINT('',(2.28,1.5,-0.12));
#8704=CARTESIAN_POINT('',(2.28,-2.,-0.12));
#8705=CARTESIAN_POINT('',(2.28,1.,-0.12));
#8706=CARTESIAN_POINT('',(3.,1.,-0.12));
#8707=CARTESIAN_POINT('',(2.45,1.,-0.12));
#8708=CARTESIAN_POINT('',(2.45,0.9,-0.12));
#8709=CARTESIAN_POINT('',(2.45,0.8,-0.12));
#8710=CARTESIAN_POINT('',(2.45,0.8,-0.12));
#8711=CARTESIAN_POINT('',(2.45,-0.8,-0.12));
#8712=CARTESIAN_POINT('',(2.45,-0.9,-0.12));
#8713=CARTESIAN_POINT('',(2.45,-1.,-0.12));
#8714=CARTESIAN_POINT('',(3.,-1.,-0.12));
#8715=CARTESIAN_POINT('',(2.28,-1.,-0.12));
#8716=CARTESIAN_POINT('',(2.28,-2.,-0.12));
#8717=CARTESIAN_POINT('',(2.28,-2.,-0.12));
#8718=CARTESIAN_POINT('',(2.28,-2.,-0.12));
#8719=CARTESIAN_POINT('',(2.15,-2.,-0.119999999999997));
#8720=CARTESIAN_POINT('',(2.15,-2.05,-0.12));
#8721=CARTESIAN_POINT('',(2.15,-2.20000000000001,-0.12));
#8722=CARTESIAN_POINT('',(1.65,-2.20000000000001,-0.12));
#8723=CARTESIAN_POINT('',(1.65,-2.20000000000001,-0.12));
#8724=CARTESIAN_POINT('',(1.65,-2.1,-0.12));
#8725=CARTESIAN_POINT('',(1.65,-2.1,-0.12));
#8726=CARTESIAN_POINT('',(1.55,-2.10000000000004,-0.12));
#8727=CARTESIAN_POINT('',(1.46339745962158,-2.05,-0.12));
#8728=CARTESIAN_POINT('',(2.15,-2.05,-0.12));
#8729=CARTESIAN_POINT('',(-1.46339745962156,-2.05,-0.12));
#8730=CARTESIAN_POINT('',(-1.55,-2.10000000000001,-0.12));
#8731=CARTESIAN_POINT('',(-1.65,-2.1,-0.12));
#8732=CARTESIAN_POINT('',(-1.65,-2.2,-0.12));
#8733=CARTESIAN_POINT('',(-1.65,-2.2,-0.12));
#8734=CARTESIAN_POINT('',(-2.15,-2.2,-0.12));
#8735=CARTESIAN_POINT('',(-2.15,-2.2,-0.12));
#8736=CARTESIAN_POINT('',(-2.15,-2.05,-0.12));
#8737=CARTESIAN_POINT('',(-2.15,-2.,-0.12));
#8738=CARTESIAN_POINT('',(-2.15,-2.,-0.119999999999997));
#8739=CARTESIAN_POINT('',(-2.28,-2.,-0.119999999999995));
#8740=CARTESIAN_POINT('',(-2.28,-2.,-0.119999999999995));
#8741=CARTESIAN_POINT('',(-2.28,-1.,-0.12));
#8742=CARTESIAN_POINT('',(3.,-1.,-0.12));
#8743=CARTESIAN_POINT('',(-2.45,-1.,-0.12));
#8744=CARTESIAN_POINT('',(-2.45,-0.899999999999999,-0.12));
#8745=CARTESIAN_POINT('',(-2.45,-0.799999999999997,-0.12));
#8746=CARTESIAN_POINT('',(-2.45,-0.799999999999997,-0.12));
#8747=CARTESIAN_POINT('',(-2.45,0.799999999999997,-0.12));
#8748=CARTESIAN_POINT('',(-2.45,0.899999999999999,-0.12));
#8749=CARTESIAN_POINT('',(1.9,1.1,-0.12));
#8750=CARTESIAN_POINT('',(2.1,1.1,-0.12));
#8751=CARTESIAN_POINT('',(0.25298221281347,1.55,-0.12));
#8752=CARTESIAN_POINT('',(0.252982212813471,1.4785127662621,-0.12));
#8753=CARTESIAN_POINT('',(0.252982212813471,1.12182886395386,-0.12));
#8754=CARTESIAN_POINT('',(-1.0842021724855E-16,6.50521303491303E-16,-0.12));
#8755=CARTESIAN_POINT('',(1.46355666864997,0.328636391244476,-0.12));
#8756=CARTESIAN_POINT('',(1.56124859136316,0.350000925064058,-0.12));
#8757=CARTESIAN_POINT('',(1.65882760632222,0.371875360104721,-0.12));
#8758=CARTESIAN_POINT('',(0.,4.18083476259185E-7,-0.12));
#8759=CARTESIAN_POINT('',(-1.65882760632222,0.371875360104721,-0.12));
#8760=CARTESIAN_POINT('',(-1.56124859136316,0.350000925064058,-0.12));
#8761=CARTESIAN_POINT('',(-1.46355666864993,0.328636391244663,-0.12));
#8762=CARTESIAN_POINT('',(-1.0842021724855E-16,6.50521303491303E-16,-0.12));
#8763=CARTESIAN_POINT('',(-0.252982212813471,1.4785127662621,-0.12));
#8764=CARTESIAN_POINT('',(-0.25298221281347,1.55,-0.12));
#8765=CARTESIAN_POINT('',(-0.25298221281347,1.12182886395386,-0.12));
#8766=CARTESIAN_POINT('',(0.,0.,-0.12));
#8767=CARTESIAN_POINT('',(-0.25298221281347,-1.12182886395386,-0.12));
#8768=CARTESIAN_POINT('',(-0.25298221281347,1.55,-0.12));
#8769=CARTESIAN_POINT('',(-0.25298221281347,-1.4785127662621,-0.12));
#8770=CARTESIAN_POINT('',(0.,4.33680868994202E-16,-0.12));
#8771=CARTESIAN_POINT('',(-1.46355666864997,-0.328636391244476,-0.12));
#8772=CARTESIAN_POINT('',(-1.56124859136316,-0.350000925064058,-0.12));
#8773=CARTESIAN_POINT('',(-1.65882760632222,-0.371875360104721,-0.12));
#8774=CARTESIAN_POINT('',(1.0842021724855E-16,-4.18083472789738E-7,-0.12));
#8775=CARTESIAN_POINT('',(1.65882760632222,-0.371875360104721,-0.12));
#8776=CARTESIAN_POINT('',(1.56124859136316,-0.350000925064059,-0.12));
#8777=CARTESIAN_POINT('',(1.46355666864987,-0.32863639124493,-0.12));
#8778=CARTESIAN_POINT('',(0.,4.33680868994202E-16,-0.12));
#8779=CARTESIAN_POINT('',(0.252982212813471,-1.4785127662621,-0.12));
#8780=CARTESIAN_POINT('',(0.25298221281347,1.55,-0.12));
#8781=CARTESIAN_POINT('',(0.25298221281347,-1.12182886395386,-0.12));
#8782=CARTESIAN_POINT('',(0.,0.,-0.12));
#8783=CARTESIAN_POINT('',(0.,1.55,-0.07));
#8784=CARTESIAN_POINT('',(0.128571003717472,1.14279022440826,-0.0892223048327139));
#8785=CARTESIAN_POINT('',(0.119366150430429,1.14382582761951,-0.150790219632042));
#8786=CARTESIAN_POINT('',(7.67302195878918E-5,1.15617417955878,-0.249210271769177));
#8787=CARTESIAN_POINT('',(-0.119366300745441,1.14382581070814,-0.150789214229609));
#8788=CARTESIAN_POINT('',(-0.128571003717472,1.14279022440826,-0.0892223048327139));
#8789=CARTESIAN_POINT('',(0.128571003717472,1.14279022440826,-0.089222304832714));
#8790=CARTESIAN_POINT('',(-0.128571003717472,1.14279022440826,-0.0892223048327139));
#8791=CARTESIAN_POINT('',(0.128571003717472,1.55,-0.089222304832714));
#8792=CARTESIAN_POINT('',(0.128571003717472,1.49447967433588,-0.089222304832714));
#8793=CARTESIAN_POINT('',(0.128571003717472,1.49447967433588,-0.0892223048327139));
#8794=CARTESIAN_POINT('',(0.119369129414758,1.49527131723039,-0.150770294289652));
#8795=CARTESIAN_POINT('',(7.25069899867515E-5,1.50472868579832,-0.24922999912493));
#8796=CARTESIAN_POINT('',(-0.1193692201693,1.49527130942273,-0.150769687265544));
#8797=CARTESIAN_POINT('',(-0.128571003717473,1.49447967433589,-0.089222304832714));
#8798=CARTESIAN_POINT('',(-0.128571003717472,1.49447967433588,-0.0892223048327139));
#8799=CARTESIAN_POINT('',(-0.128571003717472,1.55,-0.0892223048327139));
#8800=CARTESIAN_POINT('',(2.71050543121376E-17,1.55,-0.0599999999999998));
#8801=CARTESIAN_POINT('',(0.252982212813471,1.4785127662621,-0.12));
#8802=CARTESIAN_POINT('',(0.225928913505409,1.48314174456991,-0.234066725380974));
#8803=CARTESIAN_POINT('',(0.000166101069317505,1.51685825794622,-0.405933423359216));
#8804=CARTESIAN_POINT('',(-0.225928996636318,1.48314173034573,-0.234066374870286));
#8805=CARTESIAN_POINT('',(-0.25298221281347,1.4785127662621,-0.12));
#8806=CARTESIAN_POINT('',(0.252982212813471,1.12182886395386,-0.12));
#8807=CARTESIAN_POINT('',(0.225899121661263,1.12793633769577,-0.23419233882524));
#8808=CARTESIAN_POINT('',(0.000172623317304927,1.17206361404151,-0.405806851465465));
#8809=CARTESIAN_POINT('',(-0.225898751202774,1.12793642123739,-0.234193900815379));
#8810=CARTESIAN_POINT('',(-0.25298221281347,1.12182886395386,-0.12));
#8811=CARTESIAN_POINT('',(0.,1.55,-0.07));
#8812=CARTESIAN_POINT('',(-0.128571003717472,-1.14279022440826,-0.089222304832714));
#8813=CARTESIAN_POINT('',(-0.119366150430429,-1.14382582761951,-0.150790219632042));
#8814=CARTESIAN_POINT('',(-7.67302195879189E-5,-1.15617417955878,-0.249210271769177));
#8815=CARTESIAN_POINT('',(0.119366300745441,-1.14382581070814,-0.150789214229609));
#8816=CARTESIAN_POINT('',(0.128571003717472,-1.14279022440826,-0.0892223048327138));
#8817=CARTESIAN_POINT('',(-0.128571003717472,-1.14279022440826,-0.0892223048327139));
#8818=CARTESIAN_POINT('',(0.128571003717472,-1.14279022440826,-0.089222304832714));
#8819=CARTESIAN_POINT('',(-0.128571003717472,1.55,-0.0892223048327139));
#8820=CARTESIAN_POINT('',(-0.128571003717472,-1.49447967433588,-0.0892223048327139));
#8821=CARTESIAN_POINT('',(-0.128571003717472,-1.49447967433588,-0.089222304832714));
#8822=CARTESIAN_POINT('',(-0.119369129414758,-1.4952713172304,-0.150770294289652));
#8823=CARTESIAN_POINT('',(-7.25069899867718E-5,-1.50472868579832,-0.24922999912493));
#8824=CARTESIAN_POINT('',(0.1193692201693,-1.49527130942273,-0.150769687265544));
#8825=CARTESIAN_POINT('',(0.128571003717473,-1.49447967433589,-0.0892223048327139));
#8826=CARTESIAN_POINT('',(0.128571003717472,-1.49447967433588,-0.089222304832714));
#8827=CARTESIAN_POINT('',(0.128571003717472,1.55,-0.089222304832714));
#8828=CARTESIAN_POINT('',(2.71050543121376E-17,1.55,-0.0599999999999998));
#8829=CARTESIAN_POINT('',(-0.25298221281347,-1.4785127662621,-0.12));
#8830=CARTESIAN_POINT('',(-0.225928913505409,-1.48314174456992,-0.234066725380974));
#8831=CARTESIAN_POINT('',(-0.000166101069317776,-1.51685825794622,-0.405933423359216));
#8832=CARTESIAN_POINT('',(0.225928996636318,-1.48314173034573,-0.234066374870287));
#8833=CARTESIAN_POINT('',(0.25298221281347,-1.4785127662621,-0.12));
#8834=CARTESIAN_POINT('',(-0.25298221281347,-1.12182886395386,-0.12));
#8835=CARTESIAN_POINT('',(-0.225899121661263,-1.12793633769577,-0.234192338825239));
#8836=CARTESIAN_POINT('',(-0.000172623317304941,-1.17206361404151,-0.405806851465465));
#8837=CARTESIAN_POINT('',(0.225898751202774,-1.12793642123739,-0.234193900815379));
#8838=CARTESIAN_POINT('',(0.252982212813471,-1.12182886395386,-0.12));
#8839=CARTESIAN_POINT('',(0.,0.,-0.12));
#8840=CARTESIAN_POINT('',(0.128571003717472,-1.14279022440826,-0.089222304832714));
#8841=CARTESIAN_POINT('',(0.1331869104795,-1.14227090620551,-0.0457819604418914));
#8842=CARTESIAN_POINT('',(0.167771271582173,-1.13850288391472,-0.00846781961117547));
#8843=CARTESIAN_POINT('',(0.209900248756937,-1.1306820444201,2.02722136605638E-12));
#8844=CARTESIAN_POINT('',(0.209900248757758,1.13068204441896,0.));
#8845=CARTESIAN_POINT('',(0.167769584956435,1.13850319701962,-0.00846815862077112));
#8846=CARTESIAN_POINT('',(0.133187354121796,1.14227085629299,-0.0457777853198392));
#8847=CARTESIAN_POINT('',(0.128571003717472,1.14279022440826,-0.089222304832714));
#8848=CARTESIAN_POINT('',(-0.128571003717472,1.14279022440826,-0.0892223048327139));
#8849=CARTESIAN_POINT('',(-0.1331869104795,1.14227090620551,-0.0457819604418913));
#8850=CARTESIAN_POINT('',(-0.167771271582173,1.13850288391472,-0.0084678196111755));
#8851=CARTESIAN_POINT('',(-0.209900248756937,1.1306820444201,2.02720611904974E-12));
#8852=CARTESIAN_POINT('',(-0.209900248757758,-1.13068204441896,0.));
#8853=CARTESIAN_POINT('',(-0.167769584956435,-1.13850319701962,-0.00846815862077111));
#8854=CARTESIAN_POINT('',(-0.133187354121796,-1.14227085629299,-0.0457777853198391));
#8855=CARTESIAN_POINT('',(-0.128571003717472,-1.14279022440826,-0.0892223048327139));
#8856=CARTESIAN_POINT('',(-1.0842021724855E-16,6.50521303491303E-16,-0.12));
#8857=CARTESIAN_POINT('',(0.209900248757758,1.48524135599957,0.));
#8858=CARTESIAN_POINT('',(0.16757929256311,1.49122232279465,-0.00850640691846241));
#8859=CARTESIAN_POINT('',(0.133176409400015,1.4940834684618,-0.0458807861706383));
#8860=CARTESIAN_POINT('',(0.12857100371345,1.49447967433987,-0.0892223048310683));
#8861=CARTESIAN_POINT('',(1.46355666864997,0.328636391244476,-0.12));
#8862=CARTESIAN_POINT('',(-1.46355666864993,0.328636391244663,-0.12));
#8863=CARTESIAN_POINT('',(-0.128571003717472,1.49447967433588,-0.0892223048327139));
#8864=CARTESIAN_POINT('',(-0.133176148387426,1.49408349091322,-0.0458832425973043));
#8865=CARTESIAN_POINT('',(-0.167580300261816,1.49122218038333,-0.00850620437109277));
#8866=CARTESIAN_POINT('',(-0.20990024875665,1.48524135600045,2.47242802370852E-12));
#8867=CARTESIAN_POINT('',(0.,4.33680868994202E-16,-0.12));
#8868=CARTESIAN_POINT('',(0.128571003717472,-1.49447967433588,-0.089222304832714));
#8869=CARTESIAN_POINT('',(0.133176148387426,-1.49408349091322,-0.0458832425973044));
#8870=CARTESIAN_POINT('',(0.167580300261816,-1.49122218038333,-0.00850620437109274));
#8871=CARTESIAN_POINT('',(0.20990024875665,-1.48524135600045,2.47243914267031E-12));
#8872=CARTESIAN_POINT('',(-0.209900248757758,-1.48524135599957,0.));
#8873=CARTESIAN_POINT('',(-0.16757929256311,-1.49122232279465,-0.00850640691846241));
#8874=CARTESIAN_POINT('',(-0.133176409400015,-1.4940834684618,-0.0458807861706382));
#8875=CARTESIAN_POINT('',(-0.12857100371345,-1.49447967433987,-0.0892223048310682));
#8876=CARTESIAN_POINT('',(-1.46355666864997,-0.328636391244476,-0.12));
#8877=CARTESIAN_POINT('',(1.46355666864987,-0.32863639124493,-0.12));
#8878=CARTESIAN_POINT('',(2.25,2.05,-0.15));
#8879=CARTESIAN_POINT('',(0.,0.,-0.15));
#8880=CARTESIAN_POINT('',(-1.9,0.,-0.15));
#8881=CARTESIAN_POINT('',(1.9,1.1,-0.15));
#8882=CARTESIAN_POINT('',(1.7,1.1,-0.15));
#8883=CARTESIAN_POINT('',(-2.15,2.35,-0.15));
#8884=CARTESIAN_POINT('',(-2.15,2.05,-0.15));
#8885=CARTESIAN_POINT('',(-2.15,-2.05,-0.15));
#8886=CARTESIAN_POINT('',(2.25,-2.05,-0.15));
#8887=CARTESIAN_POINT('',(2.15,-2.05,-0.15));
#8888=CARTESIAN_POINT('',(2.15,2.35,-0.15));
#8889=CARTESIAN_POINT('',(2.15,2.05,-0.15));
#8890=CARTESIAN_POINT('',(2.25,2.05,-0.15));
#8891=CARTESIAN_POINT('',(2.25,-2.05,-0.15));
#8892=CARTESIAN_POINT('',(-2.15,-2.075,-0.25));
#8893=CARTESIAN_POINT('',(2.25,-2.1,-0.35));
#8894=CARTESIAN_POINT('',(-2.23856653614614,-2.1,-0.35));
#8895=CARTESIAN_POINT('',(2.25,-2.1,-0.350000000000003));
#8896=CARTESIAN_POINT('',(2.23856653614614,-2.1,-0.35));
#8897=CARTESIAN_POINT('',(2.25,-2.1,-0.350000000000003));
#8898=CARTESIAN_POINT('',(2.15,-2.075,-0.25));
#8899=CARTESIAN_POINT('',(2.25,2.1,-0.35));
#8900=CARTESIAN_POINT('',(-2.03,2.03,-0.0700000000000041));
#8901=CARTESIAN_POINT('',(-2.23856653614614,2.1,-0.35));
#8902=CARTESIAN_POINT('',(-2.24659877697691,2.06853530604665,-0.224141224186618));
#8903=CARTESIAN_POINT('',(-2.15,2.075,-0.25));
#8904=CARTESIAN_POINT('',(2.15,2.075,-0.25));
#8905=CARTESIAN_POINT('',(2.2465987769769,2.06853530604666,-0.224141224186623));
#8906=CARTESIAN_POINT('',(2.03,2.03,-0.0699999999999919));
#8907=CARTESIAN_POINT('',(2.23856653614614,2.1,-0.35));
#8908=CARTESIAN_POINT('',(2.25,2.1,-0.35));
#8909=CARTESIAN_POINT('',(-2.3,2.05,-1.45));
#8910=CARTESIAN_POINT('',(-2.5,2.04999999999999,-1.45));
#8911=CARTESIAN_POINT('',(-2.5,2.04999999999999,-1.45));
#8912=CARTESIAN_POINT('',(-2.5,2.04999999999999,-0.700000000000006));
#8913=CARTESIAN_POINT('',(-2.3,2.05,-0.700000000000006));
#8914=CARTESIAN_POINT('',(-2.3,2.05,-1.45));
#8915=CARTESIAN_POINT('',(-2.3,1.7,-1.45));
#8916=CARTESIAN_POINT('',(-2.3,1.5,-1.45));
#8917=CARTESIAN_POINT('',(-2.3,1.5,-1.45));
#8918=CARTESIAN_POINT('',(-2.3,1.5,-0.5));
#8919=CARTESIAN_POINT('',(-2.3,1.7,-0.700000000000006));
#8920=CARTESIAN_POINT('',(-2.5,1.7,-0.700000000000006));
#8921=CARTESIAN_POINT('',(-2.5,1.70000000000001,-1.45));
#8922=CARTESIAN_POINT('',(-2.5,1.70000000000001,-1.45));
#8923=CARTESIAN_POINT('',(-2.3,1.7,-1.45));
#8924=CARTESIAN_POINT('',(2.3,1.7,-1.45));
#8925=CARTESIAN_POINT('',(2.5,1.7,-1.45));
#8926=CARTESIAN_POINT('',(2.5,1.7,-1.45));
#8927=CARTESIAN_POINT('',(2.5,1.7,-0.7));
#8928=CARTESIAN_POINT('',(2.3,1.7,-0.7));
#8929=CARTESIAN_POINT('',(2.3,1.5,-0.5));
#8930=CARTESIAN_POINT('',(2.3,1.5,-1.45));
#8931=CARTESIAN_POINT('',(2.3,1.5,-1.45));
#8932=CARTESIAN_POINT('',(2.3,1.7,-1.45));
#8933=CARTESIAN_POINT('',(2.3,2.05,-1.45));
#8934=CARTESIAN_POINT('',(2.3,2.05,-0.7));
#8935=CARTESIAN_POINT('',(2.5,2.05,-0.7));
#8936=CARTESIAN_POINT('',(2.5,2.05,-1.45));
#8937=CARTESIAN_POINT('',(2.5,2.05,-1.45));
#8938=CARTESIAN_POINT('',(2.3,2.05,-1.45));
#8939=CARTESIAN_POINT('',(-2.03,2.03,-2.73));
#8940=CARTESIAN_POINT('',(-2.03,2.03,-1.45));
#8941=CARTESIAN_POINT('',(-2.05,2.24908902300207,-2.21346720165793));
#8942=CARTESIAN_POINT('',(-2.09421535143565,2.24505273210718,-2.24316543678391));
#8943=CARTESIAN_POINT('',(-2.20133397093529,2.20177234108923,-2.23662869578178));
#8944=CARTESIAN_POINT('',(-2.24507694186339,2.09395014684343,-2.2429873061552));
#8945=CARTESIAN_POINT('',(-2.24908902300205,2.05000000000019,-2.21346720165806));
#8946=CARTESIAN_POINT('',(2.03,2.03,-2.73));
#8947=CARTESIAN_POINT('',(2.03,2.03,-1.45));
#8948=CARTESIAN_POINT('',(2.249089023002,2.05000000000078,-2.21346720165847));
#8949=CARTESIAN_POINT('',(2.24505273210693,2.0942153514367,-2.24316543678335));
#8950=CARTESIAN_POINT('',(2.20177234108875,2.20133397093553,-2.23662869578205));
#8951=CARTESIAN_POINT('',(2.09395014684304,2.24507694186347,-2.24298730615526));
#8952=CARTESIAN_POINT('',(2.05,2.24908902300207,-2.21346720165795));
#8953=CARTESIAN_POINT('',(-2.03,-2.03,-2.73));
#8954=CARTESIAN_POINT('',(-2.24908902300207,-2.05,-2.21346720165794));
#8955=CARTESIAN_POINT('',(-2.24505273210718,-2.09421535143568,-2.24316543678393));
#8956=CARTESIAN_POINT('',(-2.2017723410892,-2.2013339709354,-2.23662869578171));
#8957=CARTESIAN_POINT('',(-2.09395014684318,-2.24507694186345,-2.24298730615533));
#8958=CARTESIAN_POINT('',(-2.05000000000001,-2.24908902300207,-2.21346720165794));
#8959=CARTESIAN_POINT('',(-2.03,-2.03,-0.35));
#8960=CARTESIAN_POINT('',(-2.03,-2.03,-0.35));
#8961=CARTESIAN_POINT('',(2.03,-2.03,-2.73));
#8962=CARTESIAN_POINT('',(2.05,-2.24908902300207,-2.21346720165795));
#8963=CARTESIAN_POINT('',(2.09421535143568,-2.24505273210718,-2.24316543678395));
#8964=CARTESIAN_POINT('',(2.2013339709354,-2.2017723410892,-2.23662869578172));
#8965=CARTESIAN_POINT('',(2.24507694186345,-2.09395014684318,-2.24298730615534));
#8966=CARTESIAN_POINT('',(2.24908902300207,-2.05,-2.21346720165796));
#8967=CARTESIAN_POINT('',(2.03,-2.03,-0.35));
#8968=CARTESIAN_POINT('',(2.03,-2.03,-0.35));
#8969=CARTESIAN_POINT('',(-2.03,2.03,-2.73));
#8970=CARTESIAN_POINT('',(-2.24659877697691,2.06853530604665,-0.224141224186618));
#8971=CARTESIAN_POINT('',(-2.24886401870911,2.05580286302005,-0.232603325504439));
#8972=CARTESIAN_POINT('',(-2.25,2.04278441246819,-0.241380910065467));
#8973=CARTESIAN_POINT('',(-2.25,2.03,-0.25));
#8974=CARTESIAN_POINT('',(-2.03,2.03,-0.35));
#8975=CARTESIAN_POINT('',(-2.03,2.03,-0.5));
#8976=CARTESIAN_POINT('',(2.03,2.03,-2.73));
#8977=CARTESIAN_POINT('',(2.24659877697691,2.06853530604665,-0.224141224186617));
#8978=CARTESIAN_POINT('',(2.24886401870911,2.05580286302005,-0.232603325504438));
#8979=CARTESIAN_POINT('',(2.25,2.04278441246814,-0.241380910065394));
#8980=CARTESIAN_POINT('',(2.25,2.03,-0.25));
#8981=CARTESIAN_POINT('',(2.03,2.03,-0.5));
#8982=CARTESIAN_POINT('',(2.03,2.03,-0.35));
#8983=CARTESIAN_POINT('',(2.25,-2.1,-0.350000000000003));
#8984=CARTESIAN_POINT('',(2.25,2.25,-0.35));
#8985=CARTESIAN_POINT('',(2.5,-2.,-0.22));
#8986=CARTESIAN_POINT('',(2.5,-2.,-0.22));
#8987=CARTESIAN_POINT('',(2.5,-2.,-0.22));
#8988=CARTESIAN_POINT('',(2.5,-2.,-1.42));
#8989=CARTESIAN_POINT('',(2.5,-2.48,-0.460000000000003));
#8990=CARTESIAN_POINT('',(2.5,-1.8,-1.82));
#8991=CARTESIAN_POINT('',(2.5,-2.,-1.82));
#8992=CARTESIAN_POINT('',(2.5,1.3,-1.82));
#8993=CARTESIAN_POINT('',(2.5,1.28,-1.86));
#8994=CARTESIAN_POINT('',(2.5,1.5,-1.42));
#8995=CARTESIAN_POINT('',(2.5,1.5,-0.22));
#8996=CARTESIAN_POINT('',(2.5,1.5,-0.22));
#8997=CARTESIAN_POINT('',(2.5,-2.,-0.22));
#8998=CARTESIAN_POINT('',(2.5,1.,-0.22));
#8999=CARTESIAN_POINT('',(2.5,1.,-0.22));
#9000=CARTESIAN_POINT('',(2.5,1.,-1.45));
#9001=CARTESIAN_POINT('',(2.5,-2.,-1.45));
#9002=CARTESIAN_POINT('',(2.5,-1.,-1.45));
#9003=CARTESIAN_POINT('',(2.5,-1.,-0.22));
#9004=CARTESIAN_POINT('',(2.5,-1.,-0.22));
#9005=CARTESIAN_POINT('',(2.5,-2.,-0.22));
#9006=CARTESIAN_POINT('',(2.38,-2.,-1.82));
#9007=CARTESIAN_POINT('',(2.38,-2.,-1.82));
#9008=CARTESIAN_POINT('',(2.38,-1.8,-1.82));
#9009=CARTESIAN_POINT('',(2.38,1.3,-1.82));
#9010=CARTESIAN_POINT('',(2.38,-1.84,-1.74));
#9011=CARTESIAN_POINT('',(2.38,-2.,-1.42));
#9012=CARTESIAN_POINT('',(2.38,-2.,-1.82));
#9013=CARTESIAN_POINT('',(2.38,-2.,-0.22));
#9014=CARTESIAN_POINT('',(2.38,-2.,-0.22));
#9015=CARTESIAN_POINT('',(2.38,-1.,-0.22));
#9016=CARTESIAN_POINT('',(2.38,-1.,-1.82));
#9017=CARTESIAN_POINT('',(2.38,-1.,-1.45));
#9018=CARTESIAN_POINT('',(2.38,-2.,-1.45));
#9019=CARTESIAN_POINT('',(2.38,-0.9,-1.45));
#9020=CARTESIAN_POINT('',(2.38,-2.,-1.45));
#9021=CARTESIAN_POINT('',(2.38,0.9,-1.45));
#9022=CARTESIAN_POINT('',(2.38,-2.,-1.45));
#9023=CARTESIAN_POINT('',(2.38,1.,-1.45));
#9024=CARTESIAN_POINT('',(2.38,1.,-1.82));
#9025=CARTESIAN_POINT('',(2.38,1.,-0.22));
#9026=CARTESIAN_POINT('',(2.38,-2.,-0.22));
#9027=CARTESIAN_POINT('',(2.38,1.5,-0.22));
#9028=CARTESIAN_POINT('',(2.38,1.5,-1.82));
#9029=CARTESIAN_POINT('',(2.38,1.5,-1.42));
#9030=CARTESIAN_POINT('',(2.38,0.640000000000001,-3.14));
#9031=CARTESIAN_POINT('',(-2.5,-2.,-1.82));
#9032=CARTESIAN_POINT('',(-2.5,-2.,-1.82));
#9033=CARTESIAN_POINT('',(-2.5,-1.8,-1.82));
#9034=CARTESIAN_POINT('',(-2.5,1.3,-1.82));
#9035=CARTESIAN_POINT('',(-2.5,-1.84,-1.74));
#9036=CARTESIAN_POINT('',(-2.5,-2.,-1.42));
#9037=CARTESIAN_POINT('',(-2.5,-2.,-1.82));
#9038=CARTESIAN_POINT('',(-2.5,-2.,-0.219999999999998));
#9039=CARTESIAN_POINT('',(-2.5,-2.,-0.219999999999998));
#9040=CARTESIAN_POINT('',(-2.5,-1.,-0.219999999999998));
#9041=CARTESIAN_POINT('',(-2.5,-1.,-1.82));
#9042=CARTESIAN_POINT('',(-2.5,-1.,-1.45));
#9043=CARTESIAN_POINT('',(-2.5,-2.,-1.45));
#9044=CARTESIAN_POINT('',(-2.5,1.,-1.45));
#9045=CARTESIAN_POINT('',(-2.5,1.,-1.82));
#9046=CARTESIAN_POINT('',(-2.5,1.,-0.219999999999998));
#9047=CARTESIAN_POINT('',(-2.5,-2.,-0.219999999999998));
#9048=CARTESIAN_POINT('',(-2.5,1.5,-0.219999999999998));
#9049=CARTESIAN_POINT('',(-2.5,1.5,-1.82));
#9050=CARTESIAN_POINT('',(-2.5,1.5,-1.42));
#9051=CARTESIAN_POINT('',(-2.5,0.640000000000001,-3.14));
#9052=CARTESIAN_POINT('',(-2.38,-2.,-0.219999999999998));
#9053=CARTESIAN_POINT('',(-2.38,-2.,-0.219999999999998));
#9054=CARTESIAN_POINT('',(-2.38,-2.,-0.219999999999998));
#9055=CARTESIAN_POINT('',(-2.38,-2.,-1.42));
#9056=CARTESIAN_POINT('',(-2.38,-2.48,-0.460000000000001));
#9057=CARTESIAN_POINT('',(-2.38,-1.8,-1.82));
#9058=CARTESIAN_POINT('',(-2.38,-2.,-1.82));
#9059=CARTESIAN_POINT('',(-2.38,1.3,-1.82));
#9060=CARTESIAN_POINT('',(-2.38,1.28,-1.86));
#9061=CARTESIAN_POINT('',(-2.38,1.5,-1.42));
#9062=CARTESIAN_POINT('',(-2.38,1.5,-0.219999999999998));
#9063=CARTESIAN_POINT('',(-2.38,1.5,-0.219999999999998));
#9064=CARTESIAN_POINT('',(-2.38,-2.,-0.219999999999998));
#9065=CARTESIAN_POINT('',(-2.38,1.,-0.219999999999998));
#9066=CARTESIAN_POINT('',(-2.38,1.,-0.219999999999998));
#9067=CARTESIAN_POINT('',(-2.38,1.,-1.45));
#9068=CARTESIAN_POINT('',(-2.38,-2.,-1.45));
#9069=CARTESIAN_POINT('',(-2.38,0.9,-1.45));
#9070=CARTESIAN_POINT('',(-2.38,-2.,-1.45));
#9071=CARTESIAN_POINT('',(-2.38,-0.9,-1.45));
#9072=CARTESIAN_POINT('',(-2.38,-2.,-1.45));
#9073=CARTESIAN_POINT('',(-2.38,-1.,-1.45));
#9074=CARTESIAN_POINT('',(-2.38,-1.,-0.219999999999998));
#9075=CARTESIAN_POINT('',(-2.38,-1.,-0.219999999999998));
#9076=CARTESIAN_POINT('',(-2.38,-2.,-0.219999999999998));
#9077=CARTESIAN_POINT('',(2.5,-2.,-1.82));
#9078=CARTESIAN_POINT('',(2.5,-1.8,-1.82));
#9079=CARTESIAN_POINT('',(2.5,1.3,-1.82));
#9080=CARTESIAN_POINT('',(-2.38,-2.,-1.82));
#9081=CARTESIAN_POINT('',(-2.38,-1.8,-1.82));
#9082=CARTESIAN_POINT('',(-2.38,1.3,-1.82));
#9083=CARTESIAN_POINT('',(2.28,-2.,-0.219999999999993));
#9084=CARTESIAN_POINT('',(2.28,-2.,-1.42));
#9085=CARTESIAN_POINT('',(2.28,-2.,-0.219999999999993));
#9086=CARTESIAN_POINT('',(2.15,-2.,-0.119999999999997));
#9087=CARTESIAN_POINT('',(2.28,-2.,-0.22));
#9088=CARTESIAN_POINT('',(-2.28,-2.,-0.219999999999978));
#9089=CARTESIAN_POINT('',(-2.28,-2.,-1.42));
#9090=CARTESIAN_POINT('',(-2.28,-2.,-0.219999999999995));
#9091=CARTESIAN_POINT('',(-2.15,-2.,2.1316282072803E-14));
#9092=CARTESIAN_POINT('',(-2.28,-2.,-0.219999999999978));
#9093=CARTESIAN_POINT('',(2.28,1.5,-0.219999999999993));
#9094=CARTESIAN_POINT('',(2.28,1.5,-1.42));
#9095=CARTESIAN_POINT('',(2.28,1.5,-0.22));
#9096=CARTESIAN_POINT('',(2.15,1.5,-0.119999999999997));
#9097=CARTESIAN_POINT('',(2.28,1.5,-0.219999999999993));
#9098=CARTESIAN_POINT('',(-2.28,1.5,-0.219999999999978));
#9099=CARTESIAN_POINT('',(-2.28,1.5,-1.42));
#9100=CARTESIAN_POINT('',(-2.28,1.5,-0.219999999999978));
#9101=CARTESIAN_POINT('',(-2.15,1.5,2.1316282072803E-14));
#9102=CARTESIAN_POINT('',(-2.28,1.5,-0.219999999999995));
#9103=CARTESIAN_POINT('',(2.28,-2.,-0.219999999999993));
#9104=CARTESIAN_POINT('',(2.28,-1.,-0.219999999999993));
#9105=CARTESIAN_POINT('',(2.45,-1.,-0.0803575995623038));
#9106=CARTESIAN_POINT('',(2.45,-0.8,-0.0803575995623038));
#9107=CARTESIAN_POINT('',(2.41217472917281,-0.8,-0.0343092931706384));
#9108=CARTESIAN_POINT('',(2.28785799223228,-0.899577167974029,0.0114029247032211));
#9109=CARTESIAN_POINT('',(2.41211018029817,-1.,-0.0342307116749425));
#9110=CARTESIAN_POINT('',(2.45,-1.,-0.0803575995623039));
#9111=CARTESIAN_POINT('',(2.45,-0.8,-0.0803575995623038));
#9112=CARTESIAN_POINT('',(2.45,-2.,-0.0803575995623038));
#9113=CARTESIAN_POINT('',(2.45,0.8,-0.0803575995623038));
#9114=CARTESIAN_POINT('',(2.45,1.,-0.0803575995623038));
#9115=CARTESIAN_POINT('',(2.41217472917281,1.,-0.0343092931706385));
#9116=CARTESIAN_POINT('',(2.28785799223228,0.900422832025971,0.0114029247032211));
#9117=CARTESIAN_POINT('',(2.41211018029817,0.8,-0.0342307116749426));
#9118=CARTESIAN_POINT('',(2.45,0.8,-0.0803575995623039));
#9119=CARTESIAN_POINT('',(2.45,1.,-0.0803575995623038));
#9120=CARTESIAN_POINT('',(2.28,1.,-0.219999999999993));
#9121=CARTESIAN_POINT('',(2.28,-2.,-0.22));
#9122=CARTESIAN_POINT('',(2.28,-1.,-0.22));
#9123=CARTESIAN_POINT('',(2.28,-2.,-0.22));
#9124=CARTESIAN_POINT('',(2.28,1.,-0.22));
#9125=CARTESIAN_POINT('',(-2.28,-2.,-0.219999999999978));
#9126=CARTESIAN_POINT('',(-2.28,-1.,-0.219999999999978));
#9127=CARTESIAN_POINT('',(-2.45,-1.,-0.0803575995622891));
#9128=CARTESIAN_POINT('',(-2.28,1.,-0.219999999999978));
#9129=CARTESIAN_POINT('',(-2.45,1.,-0.0803575995622891));
#9130=CARTESIAN_POINT('',(-2.45,0.799999999999997,-0.0803575995622891));
#9131=CARTESIAN_POINT('',(-2.41217472917281,0.799999999999998,-0.0343092931706236));
#9132=CARTESIAN_POINT('',(-2.28785799223228,0.899577167974028,0.0114029247032353));
#9133=CARTESIAN_POINT('',(-2.41211018029817,1.,-0.0342307116749276));
#9134=CARTESIAN_POINT('',(-2.45,1.,-0.0803575995622892));
#9135=CARTESIAN_POINT('',(-2.45,0.799999999999997,-0.0803575995622891));
#9136=CARTESIAN_POINT('',(-2.45,-2.,-0.0803575995622891));
#9137=CARTESIAN_POINT('',(-2.45,-0.799999999999997,-0.0803575995622891));
#9138=CARTESIAN_POINT('',(-2.45,-1.,-0.0803575995622891));
#9139=CARTESIAN_POINT('',(-2.41217472917281,-1.,-0.0343092931706237));
#9140=CARTESIAN_POINT('',(-2.28785799223228,-0.90042283202597,0.0114029247032352));
#9141=CARTESIAN_POINT('',(-2.41211018029817,-0.799999999999998,-0.0342307116749277));
#9142=CARTESIAN_POINT('',(-2.45,-0.799999999999997,-0.0803575995622892));
#9143=CARTESIAN_POINT('',(-2.28,-2.,-0.219999999999995));
#9144=CARTESIAN_POINT('',(-2.28,-1.,-0.219999999999995));
#9145=CARTESIAN_POINT('',(-2.28,-2.,-0.219999999999995));
#9146=CARTESIAN_POINT('',(-2.28,1.,-0.219999999999995));
#9147=CARTESIAN_POINT('',(-2.15,-2.05,-0.200000000000001));
#9148=CARTESIAN_POINT('',(-2.15,2.05,-0.2));
#9149=CARTESIAN_POINT('',(-2.15,2.13,-0.2));
#9150=CARTESIAN_POINT('',(-2.15,2.05,-0.200000000000001));
#9151=CARTESIAN_POINT('',(-2.15,2.25,-0.2));
#9152=CARTESIAN_POINT('',(-2.15,2.25,-0.32));
#9153=CARTESIAN_POINT('',(-2.15,2.25,-0.32));
#9154=CARTESIAN_POINT('',(-2.15,2.13,-0.32));
#9155=CARTESIAN_POINT('',(-2.15,2.13,-0.32));
#9156=CARTESIAN_POINT('',(-2.15,2.13,-0.2));
#9157=CARTESIAN_POINT('',(2.15,-2.05,-0.200000000000001));
#9158=CARTESIAN_POINT('',(2.15,-2.20000000000001,-0.12));
#9159=CARTESIAN_POINT('',(2.15,-2.05,-0.200000000000001));
#9160=CARTESIAN_POINT('',(1.46339745962177,-2.04999999999966,0.));
#9161=CARTESIAN_POINT('',(1.45451726423485,-2.0653809495908,2.58716155812726E-14));
#9162=CARTESIAN_POINT('',(1.45,-2.08280093768779,-0.00191005389581132));
#9163=CARTESIAN_POINT('',(1.44999999999999,-2.10000000000002,-0.00635083268951915));
#9164=CARTESIAN_POINT('',(1.45,-2.1,-0.00635083268963005));
#9165=CARTESIAN_POINT('',(-1.45,-2.1,-0.00635083268962943));
#9166=CARTESIAN_POINT('',(-1.45,-2.08280395339573,-0.00191083254836703));
#9167=CARTESIAN_POINT('',(-1.45451567218305,-2.06538370710313,6.09926310107712E-13));
#9168=CARTESIAN_POINT('',(-1.4633974596203,-2.04999999999966,5.84001907970712E-13));
#9169=CARTESIAN_POINT('',(-1.45,-2.1,-0.00635083268962943));
#9170=CARTESIAN_POINT('',(-1.45,-2.05,-0.200000000000001));
#9171=CARTESIAN_POINT('',(-1.45,-2.25,-0.2));
#9172=CARTESIAN_POINT('',(2.15,-2.25,-0.2));
#9173=CARTESIAN_POINT('',(1.45,-2.25,-0.2));
#9174=CARTESIAN_POINT('',(1.45,-2.05,-0.200000000000001));
#9175=CARTESIAN_POINT('',(2.15,-2.25,-0.2));
#9176=CARTESIAN_POINT('',(1.45,-2.25,-0.2));
#9177=CARTESIAN_POINT('',(1.45,-2.25,-0.32));
#9178=CARTESIAN_POINT('',(-1.45,-2.25,-0.2));
#9179=CARTESIAN_POINT('',(-1.45,-2.25,-0.32));
#9180=CARTESIAN_POINT('',(2.15,-2.25,-0.32));
#9181=CARTESIAN_POINT('',(2.15,-2.25,-0.32));
#9182=CARTESIAN_POINT('',(1.45,-2.25,-0.32));
#9183=CARTESIAN_POINT('',(1.45,-2.13,-0.32));
#9184=CARTESIAN_POINT('',(-1.45,-2.25,-0.32));
#9185=CARTESIAN_POINT('',(-1.45,-2.13,-0.32));
#9186=CARTESIAN_POINT('',(2.15,-2.13,-0.32));
#9187=CARTESIAN_POINT('',(2.15,-2.13,-0.32));
#9188=CARTESIAN_POINT('',(1.45,-2.13,-0.32));
#9189=CARTESIAN_POINT('',(1.45,-2.13,-0.2));
#9190=CARTESIAN_POINT('',(-1.45,-2.13,-0.32));
#9191=CARTESIAN_POINT('',(-1.45,-2.13,-0.2));
#9192=CARTESIAN_POINT('',(2.15,-2.13,-0.2));
#9193=CARTESIAN_POINT('',(2.15,-2.05,-0.2));
#9194=CARTESIAN_POINT('',(1.46339745962158,-2.05,-0.12));
#9195=CARTESIAN_POINT('',(1.45393951330772,-2.06638164355085,-0.12));
#9196=CARTESIAN_POINT('',(1.45,-2.0852260315233,-0.125721378533231));
#9197=CARTESIAN_POINT('',(1.45,-2.10000000000002,-0.137550020015992));
#9198=CARTESIAN_POINT('',(1.45,-2.1,-0.137550020016019));
#9199=CARTESIAN_POINT('',(1.45,-2.05,-0.2));
#9200=CARTESIAN_POINT('',(-1.45,-2.05,-0.2));
#9201=CARTESIAN_POINT('',(-1.45,-2.1,-0.137550020016017));
#9202=CARTESIAN_POINT('',(-1.45,-2.1,-0.137550020016017));
#9203=CARTESIAN_POINT('',(-1.45,-2.08523232714811,-0.12572641906716));
#9204=CARTESIAN_POINT('',(-1.45393467598094,-2.06639002204658,-0.119999999999997));
#9205=CARTESIAN_POINT('',(-1.46339745962156,-2.05,-0.119999999999997));
#9206=CARTESIAN_POINT('',(2.15,-2.05,-0.200000000000001));
#9207=CARTESIAN_POINT('',(2.15,2.05,-0.200000000000001));
#9208=CARTESIAN_POINT('',(2.15,2.25,-0.2));
#9209=CARTESIAN_POINT('',(2.15,2.05,-0.2));
#9210=CARTESIAN_POINT('',(2.15,2.13,-0.2));
#9211=CARTESIAN_POINT('',(2.15,2.13,-0.2));
#9212=CARTESIAN_POINT('',(2.15,2.13,-0.32));
#9213=CARTESIAN_POINT('',(2.15,2.13,-0.32));
#9214=CARTESIAN_POINT('',(2.15,2.25,-0.32));
#9215=CARTESIAN_POINT('',(2.15,2.25,-0.32));
#9216=CARTESIAN_POINT('',(-2.15,-2.05,-0.200000000000001));
#9217=CARTESIAN_POINT('',(-2.15,-2.2,-0.12));
#9218=CARTESIAN_POINT('',(2.15,2.05,-0.2));
#9219=CARTESIAN_POINT('',(2.15,2.13,-0.2));
#9220=CARTESIAN_POINT('',(2.15,2.13,-0.2));
#9221=CARTESIAN_POINT('',(2.15,2.13,-0.32));
#9222=CARTESIAN_POINT('',(2.15,2.13,-0.32));
#9223=CARTESIAN_POINT('',(2.15,2.25,-0.32));
#9224=CARTESIAN_POINT('',(2.15,2.25,-0.32));
#9225=CARTESIAN_POINT('',(2.15,2.25,-0.2));
#9226=CARTESIAN_POINT('',(2.15,2.05,-0.200000000000001));
#9227=CARTESIAN_POINT('',(-1.45,-2.40000000000001,0.4));
#9228=CARTESIAN_POINT('',(-1.45,-2.1,0.4));
#9229=CARTESIAN_POINT('',(-1.55,-2.10000000000001,0.4));
#9230=CARTESIAN_POINT('',(-1.65,-2.1,-0.12));
#9231=CARTESIAN_POINT('',(1.45,-2.1,0.4));
#9232=CARTESIAN_POINT('',(1.45,-2.1,0.4));
#9233=CARTESIAN_POINT('',(1.55,-2.10000000000004,0.4));
#9234=CARTESIAN_POINT('',(1.65,-2.1,-0.12));
#9235=CARTESIAN_POINT('',(-2.15,-2.2,-0.12));
#9236=CARTESIAN_POINT('',(-1.65,-2.2,-0.12));
#9237=CARTESIAN_POINT('',(-1.65,-2.2,-0.12));
#9238=CARTESIAN_POINT('',(1.65,-2.1,-0.12));
#9239=CARTESIAN_POINT('',(1.65,-2.20000000000001,-0.12));
#9240=CARTESIAN_POINT('',(1.65,-2.20000000000001,-0.12));
#9241=CARTESIAN_POINT('',(2.45,0.8,-0.12));
#9242=CARTESIAN_POINT('',(2.45,-0.8,-0.12));
#9243=CARTESIAN_POINT('',(2.45,0.8,-0.12));
#9244=CARTESIAN_POINT('',(2.45,-0.9,-0.12));
#9245=CARTESIAN_POINT('',(2.45,-1.,-0.12));
#9246=CARTESIAN_POINT('',(2.45,-1.,-0.12));
#9247=CARTESIAN_POINT('',(3.,-1.,-1.45));
#9248=CARTESIAN_POINT('',(3.,1.,-0.12));
#9249=CARTESIAN_POINT('',(2.45,1.,-0.12));
#9250=CARTESIAN_POINT('',(3.,1.,-1.45));
#9251=CARTESIAN_POINT('',(2.45,0.9,-0.12));
#9252=CARTESIAN_POINT('',(-2.45,1.,-0.12));
#9253=CARTESIAN_POINT('',(3.,1.,-1.45));
#9254=CARTESIAN_POINT('',(-2.45,1.,-0.12));
#9255=CARTESIAN_POINT('',(-3.,-1.,-0.12));
#9256=CARTESIAN_POINT('',(-2.45,-1.,-0.12));
#9257=CARTESIAN_POINT('',(3.,-1.,-1.45));
#9258=CARTESIAN_POINT('',(-2.45,-0.899999999999999,-0.12));
#9259=CARTESIAN_POINT('',(-2.45,-0.799999999999997,-0.12));
#9260=CARTESIAN_POINT('',(-2.45,-0.799999999999997,-0.12));
#9261=CARTESIAN_POINT('',(-2.45,0.799999999999997,-0.12));
#9262=CARTESIAN_POINT('',(-2.45,0.899999999999999,-0.12));
#9263=CARTESIAN_POINT('',(3.,-1.,-1.45));
#9264=CARTESIAN_POINT('',(3.,0.9,-1.45));
#9265=CARTESIAN_POINT('',(-2.49476348052153,0.9,-1.45));
#9266=CARTESIAN_POINT('',(3.,-0.9,-1.45));
#9267=CARTESIAN_POINT('',(-2.49476348052153,-0.9,-1.45));
#9268=CARTESIAN_POINT('',(-2.49476348052153,0.9,-1.45));
#9269=CARTESIAN_POINT('',(3.,-1.,-1.45));
#9270=CARTESIAN_POINT('',(2.49476348052153,0.9,-1.45));
#9271=CARTESIAN_POINT('',(2.49476348052153,0.9,-1.45));
#9272=CARTESIAN_POINT('',(2.49476348052153,0.9,-1.45));
#9273=CARTESIAN_POINT('',(2.49476348052153,-0.9,-1.45));
#9274=CARTESIAN_POINT('',(2.49476348052153,-0.9,-1.45));
#9275=CARTESIAN_POINT('',(3.,1.61,-1.2));
#9276=CARTESIAN_POINT('',(3.,1.61,-1.2));
#9277=CARTESIAN_POINT('',(3.,-1.71,-2.));
#9278=CARTESIAN_POINT('',(3.,-1.71,-2.));
#9279=CARTESIAN_POINT('',(2.03,-2.03,-0.35));
#9280=CARTESIAN_POINT('',(2.03,-2.03,-0.35));
#9281=CARTESIAN_POINT('',(2.05,2.05,-2.2));
#9282=CARTESIAN_POINT('',(-2.05,2.05,-2.19999999999999));
#9283=CARTESIAN_POINT('',(2.05,-2.05,-2.2));
#9284=CARTESIAN_POINT('',(-2.05,-2.05,-2.19999999999999));
#9285=CARTESIAN_POINT('',(2.,1.5,-1.45));
#9286=CARTESIAN_POINT('',(2.,1.5,-0.5));
#9287=CARTESIAN_POINT('',(2.,1.5,-1.45));
#9288=CARTESIAN_POINT('',(2.5,1.7,-1.45));
#9289=CARTESIAN_POINT('',(2.5,1.5,-0.7));
#9290=CARTESIAN_POINT('',(2.5,1.7,-1.45));
#9291=CARTESIAN_POINT('',(2.3,1.7,-1.45));
#9292=CARTESIAN_POINT('',(2.3,1.7,-0.5));
#9293=CARTESIAN_POINT('',(2.3,1.5,-0.5));
#9294=CARTESIAN_POINT('',(-2.3,1.5,-1.45));
#9295=CARTESIAN_POINT('',(-2.3,1.5,-0.5));
#9296=CARTESIAN_POINT('',(-2.3,1.5,-1.45));
#9297=CARTESIAN_POINT('',(-2.5,2.04999999999999,-1.45));
#9298=CARTESIAN_POINT('',(-2.5,1.5,-0.700000000000006));
#9299=CARTESIAN_POINT('',(-2.5,2.04999999999999,-1.45));
#9300=CARTESIAN_POINT('',(-2.3,2.05,-1.45));
#9301=CARTESIAN_POINT('',(-2.3,2.05,-0.5));
#9302=CARTESIAN_POINT('',(-2.3,1.5,-0.500000000000006));
#9303=CARTESIAN_POINT('',(2.3,1.5,-0.7));
#9304=CARTESIAN_POINT('',(-2.3,1.5,-0.700000000000006));
#9305=CARTESIAN_POINT('',(2.15,2.35,-0.25));
#9306=CARTESIAN_POINT('',(-2.15,2.35,-0.25));
#9307=CARTESIAN_POINT('',(1.9,1.1,-0.5));
#9308=CARTESIAN_POINT('',(0.,4.18083476259185E-7,-0.12));
#9309=CARTESIAN_POINT('',(-1.65882760632222,0.371875360104721,-0.12));
#9310=CARTESIAN_POINT('',(1.65882760632222,0.371875360104721,-0.12));
#9311=CARTESIAN_POINT('',(-1.56124859136316,0.350000925064058,-0.12));
#9312=CARTESIAN_POINT('',(1.56124859136316,0.350000925064058,-0.12));
#9313=CARTESIAN_POINT('',(1.56124859136316,-0.350000925064059,-0.12));
#9314=CARTESIAN_POINT('',(1.65882760632222,-0.371875360104721,-0.12));
#9315=CARTESIAN_POINT('',(1.0842021724855E-16,-4.18083472789738E-7,-0.12));
#9316=CARTESIAN_POINT('',(-0.15,-1.69336942218761,0.02));
#9317=CARTESIAN_POINT('',(-0.15,-1.69336942218761,0.02));
#9318=CARTESIAN_POINT('',(1.19262238973405E-15,-2.49366499671666E-14,0.02));
#9319=CARTESIAN_POINT('',(0.15,-1.69336942218761,0.02));
#9320=CARTESIAN_POINT('',(0.15,-1.69336942218761,0.02));
#9321=CARTESIAN_POINT('',(-1.65882760632222,-0.371875360104721,-0.12));
#9322=CARTESIAN_POINT('',(-1.56124859136316,-0.350000925064058,-0.12));
#9323=CARTESIAN_POINT('',(0.,0.,-0.33));
#9324=CARTESIAN_POINT('',(0.,0.,-0.33));
#9325=CARTESIAN_POINT('',(1.9,0.,-0.33));
#9326=CARTESIAN_POINT('',(0.,0.,-0.33));
#9327=CARTESIAN_POINT('',(0.,0.,-0.33));
#9328=CARTESIAN_POINT('',(1.7,0.,-0.33));
#9329=CARTESIAN_POINT('',(0.,0.,-1.12));
#9330=CARTESIAN_POINT('',(0.,0.,-1.12));
#9331=CARTESIAN_POINT('',(1.7,0.,-1.12));
#9332=CARTESIAN_POINT('',(0.,0.,-1.12));
#9333=CARTESIAN_POINT('',(0.23,1.55,-0.1));
#9334=CARTESIAN_POINT('',(-0.23,1.55,-0.1));
#9335=CARTESIAN_POINT('',(-0.23,1.55,-0.1));
#9336=CARTESIAN_POINT('',(0.23,1.55,-0.1));
#9337=CARTESIAN_POINT('',(2.49476348052153,0.9,-1.45));
#9338=CARTESIAN_POINT('',(2.49476348052153,0.9,-1.45));
#9339=CARTESIAN_POINT('',(2.49476348052153,-0.9,-1.45));
#9340=CARTESIAN_POINT('',(2.25,0.9,-0.5));
#9341=CARTESIAN_POINT('',(2.25,-0.9,-0.5));
#9342=CARTESIAN_POINT('',(2.5,-0.9,-1.15));
#9343=CARTESIAN_POINT('',(2.5,0.9,-1.15));
#9344=CARTESIAN_POINT('',(2.5,0.9,-1.15));
#9345=CARTESIAN_POINT('',(2.25,0.9,-0.5));
#9346=CARTESIAN_POINT('',(2.5,0.9,-1.15));
#9347=CARTESIAN_POINT('',(2.5,-0.9,-1.15));
#9348=CARTESIAN_POINT('',(2.5,0.9,-1.15));
#9349=CARTESIAN_POINT('',(0.,0.9,0.));
#9350=CARTESIAN_POINT('',(0.,-0.9,0.));
#9351=CARTESIAN_POINT('',(-2.2,0.9,-1.45));
#9352=CARTESIAN_POINT('',(-2.2,0.9,-1.45));
#9353=CARTESIAN_POINT('',(-2.2,-0.9,-1.45));
#9354=CARTESIAN_POINT('',(0.,0.9,0.));
#9355=CARTESIAN_POINT('',(-2.49476348052153,0.9,-1.45));
#9356=CARTESIAN_POINT('',(-2.5,0.9,-1.15));
#9357=CARTESIAN_POINT('',(-2.5,0.9,-1.15));
#9358=CARTESIAN_POINT('',(0.,-0.9,0.));
#9359=CARTESIAN_POINT('',(-2.5,-0.9,-1.15));
#9360=CARTESIAN_POINT('',(-2.5,-0.9,-1.15));
#9361=CARTESIAN_POINT('',(-2.49476348052153,-0.9,-1.45));
#9362=CARTESIAN_POINT('',(-2.49476348052153,0.9,-1.45));
#9363=CARTESIAN_POINT('',(-2.5,0.9,-1.15));
#9364=CARTESIAN_POINT('',(-2.5,0.9,-1.15));
#9365=CARTESIAN_POINT('',(-2.25,-1.,-2.15));
#9366=CARTESIAN_POINT('',(-2.25,-1.,-2.15));
#9367=CARTESIAN_POINT('',(-1.72,-1.,-2.15));
#9368=CARTESIAN_POINT('',(-1.72,-1.,-2.15));
#9369=CARTESIAN_POINT('',(-1.8,-0.149999999999999,-2.15));
#9370=CARTESIAN_POINT('',(-1.8,-0.149999999999998,-2.15));
#9371=CARTESIAN_POINT('',(-1.8,-0.149999999999998,-2.15));
#9372=CARTESIAN_POINT('',(-1.8,-0.149999999999999,-2.15));
#9373=CARTESIAN_POINT('',(1.72,-1.,-2.15));
#9374=CARTESIAN_POINT('',(1.72,-1.,-2.15));
#9375=CARTESIAN_POINT('',(1.72,-1.,-2.15));
#9376=CARTESIAN_POINT('',(1.72,-1.,-2.15));
#9377=CARTESIAN_POINT('',(2.25,-0.149999999999999,-2.15));
#9378=CARTESIAN_POINT('',(2.25,-0.149999999999999,-2.15));
#9379=CARTESIAN_POINT('',(1.8,-0.149999999999999,-2.15));
#9380=CARTESIAN_POINT('',(1.8,-0.149999999999999,-2.15));
#9381=CARTESIAN_POINT('',(-1.72,-1.,-2.15));
#9382=CARTESIAN_POINT('',(-1.72,-1.,-2.15));
#9383=CARTESIAN_POINT('',(1.72,-2.25,-2.15));
#9384=CARTESIAN_POINT('',(1.72,-2.25,-2.15));
#9385=CARTESIAN_POINT('',(0.75,1.,-2.15));
#9386=CARTESIAN_POINT('',(0.75,1.,-2.15));
#9387=CARTESIAN_POINT('',(0.75,1.,-2.15));
#9388=CARTESIAN_POINT('',(0.75,1.,-2.15));
#9389=CARTESIAN_POINT('',(-0.75,2.25,-2.15));
#9390=CARTESIAN_POINT('',(-0.75,2.25,-2.15));
#9391=CARTESIAN_POINT('',(-0.75,1.,-2.15));
#9392=CARTESIAN_POINT('',(-0.75,1.,-2.15));
#9393=CARTESIAN_POINT('',(1.8,-0.149999999999999,-2.15));
#9394=CARTESIAN_POINT('',(1.8,-0.149999999999999,-2.15));
#9395=CARTESIAN_POINT('',(1.8,0.8,-2.15));
#9396=CARTESIAN_POINT('',(1.8,0.8,-2.15));
#9397=CARTESIAN_POINT('',(1.6,0.8,-2.15));
#9398=CARTESIAN_POINT('',(1.6,0.8,-2.15));
#9399=CARTESIAN_POINT('',(1.6,1.,-2.15));
#9400=CARTESIAN_POINT('',(1.6,1.,-2.15));
#9401=CARTESIAN_POINT('',(1.6,1.,-2.15));
#9402=CARTESIAN_POINT('',(1.6,1.,-2.15));
#9403=CARTESIAN_POINT('',(-0.75,1.,-2.15));
#9404=CARTESIAN_POINT('',(-0.75,1.,-2.15));
#9405=CARTESIAN_POINT('',(-1.6,1.,-2.15));
#9406=CARTESIAN_POINT('',(-1.6,1.,-2.15));
#9407=CARTESIAN_POINT('',(-1.6,0.8,-2.15));
#9408=CARTESIAN_POINT('',(-1.6,0.8,-2.15));
#9409=CARTESIAN_POINT('',(-1.8,0.799999999999994,-2.15));
#9410=CARTESIAN_POINT('',(-1.8,0.799999999999994,-2.15));
#9411=CARTESIAN_POINT('',(-1.8,0.799999999999994,-2.15));
#9412=CARTESIAN_POINT('',(-1.8,0.799999999999994,-2.15));
#9413=CARTESIAN_POINT('',(1.6,0.8,-2.15));
#9414=CARTESIAN_POINT('',(0.9,-0.75,-2.15));
#9415=CARTESIAN_POINT('',(1.3,-0.75,-2.15));
#9416=CARTESIAN_POINT('',(-0.9,-0.75,-2.15));
#9417=CARTESIAN_POINT('',(-0.5,-0.75,-2.15));
#9418=CARTESIAN_POINT('',(0.,-0.75,-2.15));
#9419=CARTESIAN_POINT('',(0.4,-0.75,-2.15));
#9420=CARTESIAN_POINT('',(0.,0.15,-2.15));
#9421=CARTESIAN_POINT('',(0.4,0.15,-2.15));
#9422=CARTESIAN_POINT('',(1.55,-1.5,-2.15));
#9423=CARTESIAN_POINT('',(1.55,-1.5,-2.15));
#9424=CARTESIAN_POINT('',(1.55,-1.5,-2.15));
#9425=CARTESIAN_POINT('',(1.05,-1.5,-2.15));
#9426=CARTESIAN_POINT('',(1.05,-1.5,-2.15));
#9427=CARTESIAN_POINT('',(0.25,-1.5,-2.15));
#9428=CARTESIAN_POINT('',(0.25,-1.5,-2.15));
#9429=CARTESIAN_POINT('',(0.25,-1.5,-2.15));
#9430=CARTESIAN_POINT('',(-0.25,-1.5,-2.15));
#9431=CARTESIAN_POINT('',(-0.25,-1.5,-2.15));
#9432=CARTESIAN_POINT('',(-1.05,-1.5,-2.15));
#9433=CARTESIAN_POINT('',(-1.05,-1.5,-2.15));
#9434=CARTESIAN_POINT('',(-1.05,-1.5,-2.15));
#9435=CARTESIAN_POINT('',(-1.55,-1.5,-2.15));
#9436=CARTESIAN_POINT('',(-1.55,-1.5,-2.15));
#9437=CARTESIAN_POINT('',(-0.6,0.8,-2.15));
#9438=CARTESIAN_POINT('',(-0.6,1.5,-2.15));
#9439=CARTESIAN_POINT('',(0.6,1.5,-2.15));
#9440=CARTESIAN_POINT('',(0.6,1.5,-2.15));
#9441=CARTESIAN_POINT('',(0.6,0.8,-2.15));
#9442=CARTESIAN_POINT('',(0.,0.15,-1.65));
#9443=CARTESIAN_POINT('',(0.,0.15,-1.65));
#9444=CARTESIAN_POINT('',(0.4,0.15,-1.65));
#9445=CARTESIAN_POINT('',(0.,0.15,-1.65));
#9446=CARTESIAN_POINT('',(0.,-0.75,-1.65));
#9447=CARTESIAN_POINT('',(0.,-0.75,-1.65));
#9448=CARTESIAN_POINT('',(0.4,-0.75,-1.65));
#9449=CARTESIAN_POINT('',(0.,-0.75,-1.65));
#9450=CARTESIAN_POINT('',(-0.9,-0.75,-1.65));
#9451=CARTESIAN_POINT('',(-0.9,-0.75,-1.65));
#9452=CARTESIAN_POINT('',(-0.5,-0.75,-1.65));
#9453=CARTESIAN_POINT('',(-0.9,-0.75,-1.65));
#9454=CARTESIAN_POINT('',(0.9,-0.75,-1.65));
#9455=CARTESIAN_POINT('',(0.9,-0.75,-1.65));
#9456=CARTESIAN_POINT('',(1.3,-0.75,-1.65));
#9457=CARTESIAN_POINT('',(0.9,-0.75,-1.65));
#9458=CARTESIAN_POINT('',(0.6,2.35,-1.45));
#9459=CARTESIAN_POINT('',(-0.6,2.35,-1.45));
#9460=CARTESIAN_POINT('',(-0.6,2.35,-1.45));
#9461=CARTESIAN_POINT('',(0.6,2.35,-1.45));
#9462=CARTESIAN_POINT('',(0.6,2.35,-1.45));
#9463=CARTESIAN_POINT('',(0.6,2.35,-1.45));
#9464=CARTESIAN_POINT('',(0.6,1.6,-1.6));
#9465=CARTESIAN_POINT('',(0.6,1.6,-1.6));
#9466=CARTESIAN_POINT('',(0.6,2.35,-1.6));
#9467=CARTESIAN_POINT('',(-0.6,1.6,-1.6));
#9468=CARTESIAN_POINT('',(-0.6,2.35,-1.6));
#9469=CARTESIAN_POINT('',(0.6,2.35,-1.6));
#9470=CARTESIAN_POINT('',(0.6,2.35,-2.15));
#9471=CARTESIAN_POINT('',(-0.6,2.35,-2.15));
#9472=CARTESIAN_POINT('',(-0.6,2.35,-2.15));
#9473=CARTESIAN_POINT('',(0.6,2.35,-2.15));
#9474=CARTESIAN_POINT('',(0.6,2.35,-2.15));
#9475=CARTESIAN_POINT('',(0.6,2.35,-2.15));
#9476=CARTESIAN_POINT('',(0.6,2.35,-1.7));
#9477=CARTESIAN_POINT('',(0.6,2.35,-1.7));
#9478=CARTESIAN_POINT('',(0.6,2.45,-1.7));
#9479=CARTESIAN_POINT('',(0.6,2.45,-1.7));
#9480=CARTESIAN_POINT('',(0.6,2.45,-2.05));
#9481=CARTESIAN_POINT('',(0.6,2.35,-2.05));
#9482=CARTESIAN_POINT('',(0.6,1.5,-2.15));
#9483=CARTESIAN_POINT('',(0.6,1.5,-2.3));
#9484=CARTESIAN_POINT('',(0.6,1.5,-2.3));
#9485=CARTESIAN_POINT('',(0.6,2.35,-2.3));
#9486=CARTESIAN_POINT('',(0.6,2.35,-2.05));
#9487=CARTESIAN_POINT('',(0.6,2.6,-2.05));
#9488=CARTESIAN_POINT('',(0.6,2.6,-2.05));
#9489=CARTESIAN_POINT('',(0.6,2.6,-1.7));
#9490=CARTESIAN_POINT('',(0.6,2.35,-1.7));
#9491=CARTESIAN_POINT('',(-0.6,2.35,-1.7));
#9492=CARTESIAN_POINT('',(-0.6,2.35,-1.7));
#9493=CARTESIAN_POINT('',(-0.6,2.6,-1.7));
#9494=CARTESIAN_POINT('',(-0.6,2.6,-2.05));
#9495=CARTESIAN_POINT('',(-0.6,2.6,-2.05));
#9496=CARTESIAN_POINT('',(-0.6,2.35,-2.05));
#9497=CARTESIAN_POINT('',(-0.6,2.35,-2.3));
#9498=CARTESIAN_POINT('',(-0.6,1.5,-2.3));
#9499=CARTESIAN_POINT('',(-0.6,1.5,-2.3));
#9500=CARTESIAN_POINT('',(-0.6,1.5,-2.15));
#9501=CARTESIAN_POINT('',(-0.6,2.35,-2.05));
#9502=CARTESIAN_POINT('',(-0.6,2.45,-2.05));
#9503=CARTESIAN_POINT('',(-0.6,2.45,-1.7));
#9504=CARTESIAN_POINT('',(-0.6,2.45,-1.7));
#9505=CARTESIAN_POINT('',(-0.6,2.35,-1.7));
#9506=CARTESIAN_POINT('',(0.6,2.35,-1.7));
#9507=CARTESIAN_POINT('',(0.6,2.45,-1.7));
#9508=CARTESIAN_POINT('',(0.6,2.45,-1.7));
#9509=CARTESIAN_POINT('',(0.6,2.45,-2.05));
#9510=CARTESIAN_POINT('',(0.6,2.35,-2.05));
#9511=CARTESIAN_POINT('',(0.6,1.5,-2.15));
#9512=CARTESIAN_POINT('',(0.6,1.5,-2.3));
#9513=CARTESIAN_POINT('',(0.6,1.5,-2.3));
#9514=CARTESIAN_POINT('',(0.6,2.35,-2.3));
#9515=CARTESIAN_POINT('',(0.6,2.35,-2.05));
#9516=CARTESIAN_POINT('',(0.6,2.6,-2.05));
#9517=CARTESIAN_POINT('',(0.6,2.6,-2.05));
#9518=CARTESIAN_POINT('',(0.6,2.6,-1.7));
#9519=CARTESIAN_POINT('',(0.6,2.35,-1.7));
#9520=CARTESIAN_POINT('',(-1.05,-1.6,-1.45000000000001));
#9521=CARTESIAN_POINT('',(-1.05,-1.6,-1.45000000000001));
#9522=CARTESIAN_POINT('',(-1.05,-2.35,-1.45000000000001));
#9523=CARTESIAN_POINT('',(-1.55,-1.6,-1.45000000000001));
#9524=CARTESIAN_POINT('',(-1.55,-2.35,-1.45000000000001));
#9525=CARTESIAN_POINT('',(-1.05,-2.35,-1.45000000000001));
#9526=CARTESIAN_POINT('',(-1.05,-1.5,-2.15));
#9527=CARTESIAN_POINT('',(-1.05,-1.5,-2.15));
#9528=CARTESIAN_POINT('',(-1.05,-2.35,-2.15));
#9529=CARTESIAN_POINT('',(-1.55,-1.5,-2.15));
#9530=CARTESIAN_POINT('',(-1.55,-2.35,-2.15));
#9531=CARTESIAN_POINT('',(-1.05,-2.35,-2.15));
#9532=CARTESIAN_POINT('',(-1.05,-2.35,-1.6));
#9533=CARTESIAN_POINT('',(-1.55,-2.35,-1.6));
#9534=CARTESIAN_POINT('',(-1.55,-2.35,-1.6));
#9535=CARTESIAN_POINT('',(-1.05,-2.35,-1.6));
#9536=CARTESIAN_POINT('',(-1.05,-2.35,-1.6));
#9537=CARTESIAN_POINT('',(-1.05,-2.35,-1.6));
#9538=CARTESIAN_POINT('',(-1.05,-2.35,-1.70000000000001));
#9539=CARTESIAN_POINT('',(-1.05,-2.35,-1.70000000000001));
#9540=CARTESIAN_POINT('',(-1.05,-2.6,-1.70000000000001));
#9541=CARTESIAN_POINT('',(-1.05,-2.6,-1.70000000000001));
#9542=CARTESIAN_POINT('',(-1.05,-2.6,-2.04999999999999));
#9543=CARTESIAN_POINT('',(-1.05,-2.35,-2.04999999999999));
#9544=CARTESIAN_POINT('',(-1.05,-2.35,-2.29999999999999));
#9545=CARTESIAN_POINT('',(-1.05,-2.35,-2.29999999999999));
#9546=CARTESIAN_POINT('',(-1.05,-1.5,-2.29999999999999));
#9547=CARTESIAN_POINT('',(-1.05,-1.5,-2.29999999999999));
#9548=CARTESIAN_POINT('',(-1.05,-2.35,-2.05));
#9549=CARTESIAN_POINT('',(-1.05,-2.45,-2.04999999999999));
#9550=CARTESIAN_POINT('',(-1.05,-2.45,-2.04999999999999));
#9551=CARTESIAN_POINT('',(-1.05,-2.45,-1.70000000000001));
#9552=CARTESIAN_POINT('',(-1.05,-2.35,-1.7));
#9553=CARTESIAN_POINT('',(-1.55,-2.35,-1.70000000000001));
#9554=CARTESIAN_POINT('',(-1.55,-2.35,-1.7));
#9555=CARTESIAN_POINT('',(-1.55,-2.45,-1.70000000000001));
#9556=CARTESIAN_POINT('',(-1.55,-2.45,-2.04999999999999));
#9557=CARTESIAN_POINT('',(-1.55,-2.45,-2.04999999999999));
#9558=CARTESIAN_POINT('',(-1.55,-2.35,-2.05));
#9559=CARTESIAN_POINT('',(-1.55,-1.5,-2.29999999999999));
#9560=CARTESIAN_POINT('',(-1.55,-1.5,-2.29999999999999));
#9561=CARTESIAN_POINT('',(-1.55,-2.35,-2.29999999999999));
#9562=CARTESIAN_POINT('',(-1.55,-2.35,-2.29999999999999));
#9563=CARTESIAN_POINT('',(-1.55,-2.35,-2.04999999999999));
#9564=CARTESIAN_POINT('',(-1.55,-2.6,-2.04999999999999));
#9565=CARTESIAN_POINT('',(-1.55,-2.6,-1.70000000000001));
#9566=CARTESIAN_POINT('',(-1.55,-2.6,-1.70000000000001));
#9567=CARTESIAN_POINT('',(-1.55,-2.35,-1.70000000000001));
#9568=CARTESIAN_POINT('',(-1.05,-2.35,-1.70000000000001));
#9569=CARTESIAN_POINT('',(-1.05,-2.6,-1.70000000000001));
#9570=CARTESIAN_POINT('',(-1.05,-2.6,-1.70000000000001));
#9571=CARTESIAN_POINT('',(-1.05,-2.6,-2.04999999999999));
#9572=CARTESIAN_POINT('',(-1.05,-2.35,-2.04999999999999));
#9573=CARTESIAN_POINT('',(-1.05,-2.35,-2.29999999999999));
#9574=CARTESIAN_POINT('',(-1.05,-2.35,-2.29999999999999));
#9575=CARTESIAN_POINT('',(-1.05,-1.5,-2.29999999999999));
#9576=CARTESIAN_POINT('',(-1.05,-1.5,-2.29999999999999));
#9577=CARTESIAN_POINT('',(-1.05,-2.35,-2.05));
#9578=CARTESIAN_POINT('',(-1.05,-2.45,-2.04999999999999));
#9579=CARTESIAN_POINT('',(-1.05,-2.45,-2.04999999999999));
#9580=CARTESIAN_POINT('',(-1.05,-2.45,-1.70000000000001));
#9581=CARTESIAN_POINT('',(-1.05,-2.35,-1.7));
#9582=CARTESIAN_POINT('',(0.25,-1.6,-1.45000000000001));
#9583=CARTESIAN_POINT('',(0.25,-1.6,-1.45000000000001));
#9584=CARTESIAN_POINT('',(0.25,-2.35,-1.45000000000001));
#9585=CARTESIAN_POINT('',(-0.25,-1.6,-1.45000000000001));
#9586=CARTESIAN_POINT('',(-0.25,-2.35,-1.45000000000001));
#9587=CARTESIAN_POINT('',(0.25,-2.35,-1.45000000000001));
#9588=CARTESIAN_POINT('',(0.25,-1.5,-2.15));
#9589=CARTESIAN_POINT('',(0.25,-1.5,-2.15));
#9590=CARTESIAN_POINT('',(0.25,-2.35,-2.15));
#9591=CARTESIAN_POINT('',(-0.25,-1.5,-2.15));
#9592=CARTESIAN_POINT('',(-0.25,-2.35,-2.15));
#9593=CARTESIAN_POINT('',(0.25,-2.35,-2.15));
#9594=CARTESIAN_POINT('',(0.25,-2.35,-1.6));
#9595=CARTESIAN_POINT('',(-0.25,-2.35,-1.6));
#9596=CARTESIAN_POINT('',(-0.25,-2.35,-1.6));
#9597=CARTESIAN_POINT('',(0.25,-2.35,-1.6));
#9598=CARTESIAN_POINT('',(0.25,-2.35,-1.6));
#9599=CARTESIAN_POINT('',(0.25,-2.35,-1.6));
#9600=CARTESIAN_POINT('',(0.25,-2.35,-1.70000000000001));
#9601=CARTESIAN_POINT('',(0.25,-2.35,-1.70000000000001));
#9602=CARTESIAN_POINT('',(0.25,-2.6,-1.70000000000001));
#9603=CARTESIAN_POINT('',(0.25,-2.6,-1.70000000000001));
#9604=CARTESIAN_POINT('',(0.25,-2.6,-2.04999999999999));
#9605=CARTESIAN_POINT('',(0.25,-2.35,-2.04999999999999));
#9606=CARTESIAN_POINT('',(0.25,-2.35,-2.29999999999999));
#9607=CARTESIAN_POINT('',(0.25,-2.35,-2.29999999999999));
#9608=CARTESIAN_POINT('',(0.25,-1.5,-2.29999999999999));
#9609=CARTESIAN_POINT('',(0.25,-1.5,-2.29999999999999));
#9610=CARTESIAN_POINT('',(0.25,-2.35,-2.05));
#9611=CARTESIAN_POINT('',(0.25,-2.45,-2.04999999999999));
#9612=CARTESIAN_POINT('',(0.25,-2.45,-2.04999999999999));
#9613=CARTESIAN_POINT('',(0.25,-2.45,-1.70000000000001));
#9614=CARTESIAN_POINT('',(0.25,-2.35,-1.7));
#9615=CARTESIAN_POINT('',(-0.25,-2.35,-1.70000000000001));
#9616=CARTESIAN_POINT('',(-0.25,-2.35,-1.7));
#9617=CARTESIAN_POINT('',(-0.25,-2.45,-1.70000000000001));
#9618=CARTESIAN_POINT('',(-0.25,-2.45,-2.04999999999999));
#9619=CARTESIAN_POINT('',(-0.25,-2.45,-2.04999999999999));
#9620=CARTESIAN_POINT('',(-0.25,-2.35,-2.05));
#9621=CARTESIAN_POINT('',(-0.25,-1.5,-2.29999999999999));
#9622=CARTESIAN_POINT('',(-0.25,-1.5,-2.29999999999999));
#9623=CARTESIAN_POINT('',(-0.25,-2.35,-2.29999999999999));
#9624=CARTESIAN_POINT('',(-0.25,-2.35,-2.29999999999999));
#9625=CARTESIAN_POINT('',(-0.25,-2.35,-2.04999999999999));
#9626=CARTESIAN_POINT('',(-0.25,-2.6,-2.04999999999999));
#9627=CARTESIAN_POINT('',(-0.25,-2.6,-1.70000000000001));
#9628=CARTESIAN_POINT('',(-0.25,-2.6,-1.70000000000001));
#9629=CARTESIAN_POINT('',(-0.25,-2.35,-1.70000000000001));
#9630=CARTESIAN_POINT('',(0.25,-2.35,-1.70000000000001));
#9631=CARTESIAN_POINT('',(0.25,-2.6,-1.70000000000001));
#9632=CARTESIAN_POINT('',(0.25,-2.6,-1.70000000000001));
#9633=CARTESIAN_POINT('',(0.25,-2.6,-2.04999999999999));
#9634=CARTESIAN_POINT('',(0.25,-2.35,-2.04999999999999));
#9635=CARTESIAN_POINT('',(0.25,-2.35,-2.29999999999999));
#9636=CARTESIAN_POINT('',(0.25,-2.35,-2.29999999999999));
#9637=CARTESIAN_POINT('',(0.25,-1.5,-2.29999999999999));
#9638=CARTESIAN_POINT('',(0.25,-1.5,-2.29999999999999));
#9639=CARTESIAN_POINT('',(0.25,-2.35,-2.05));
#9640=CARTESIAN_POINT('',(0.25,-2.45,-2.04999999999999));
#9641=CARTESIAN_POINT('',(0.25,-2.45,-2.04999999999999));
#9642=CARTESIAN_POINT('',(0.25,-2.45,-1.70000000000001));
#9643=CARTESIAN_POINT('',(0.25,-2.35,-1.7));
#9644=CARTESIAN_POINT('',(1.55,-1.6,-1.45000000000001));
#9645=CARTESIAN_POINT('',(1.55,-1.6,-1.45000000000001));
#9646=CARTESIAN_POINT('',(1.55,-2.35,-1.45000000000001));
#9647=CARTESIAN_POINT('',(1.05,-1.6,-1.45000000000001));
#9648=CARTESIAN_POINT('',(1.05,-2.35,-1.45000000000001));
#9649=CARTESIAN_POINT('',(1.55,-2.35,-1.45000000000001));
#9650=CARTESIAN_POINT('',(1.55,-1.5,-2.15));
#9651=CARTESIAN_POINT('',(1.55,-1.5,-2.15));
#9652=CARTESIAN_POINT('',(1.55,-2.35,-2.15));
#9653=CARTESIAN_POINT('',(1.05,-1.5,-2.15));
#9654=CARTESIAN_POINT('',(1.05,-2.35,-2.15));
#9655=CARTESIAN_POINT('',(1.55,-2.35,-2.15));
#9656=CARTESIAN_POINT('',(1.55,-2.35,-1.6));
#9657=CARTESIAN_POINT('',(1.05,-2.35,-1.6));
#9658=CARTESIAN_POINT('',(1.05,-2.35,-1.6));
#9659=CARTESIAN_POINT('',(1.55,-2.35,-1.6));
#9660=CARTESIAN_POINT('',(1.55,-2.35,-1.6));
#9661=CARTESIAN_POINT('',(1.55,-2.35,-1.6));
#9662=CARTESIAN_POINT('',(1.55,-2.35,-1.70000000000001));
#9663=CARTESIAN_POINT('',(1.55,-2.35,-1.70000000000001));
#9664=CARTESIAN_POINT('',(1.55,-2.6,-1.70000000000001));
#9665=CARTESIAN_POINT('',(1.55,-2.6,-1.70000000000001));
#9666=CARTESIAN_POINT('',(1.55,-2.6,-2.04999999999999));
#9667=CARTESIAN_POINT('',(1.55,-2.35,-2.04999999999999));
#9668=CARTESIAN_POINT('',(1.55,-2.35,-2.29999999999999));
#9669=CARTESIAN_POINT('',(1.55,-2.35,-2.29999999999999));
#9670=CARTESIAN_POINT('',(1.55,-1.5,-2.29999999999999));
#9671=CARTESIAN_POINT('',(1.55,-1.5,-2.29999999999999));
#9672=CARTESIAN_POINT('',(1.55,-2.35,-2.05));
#9673=CARTESIAN_POINT('',(1.55,-2.45,-2.04999999999999));
#9674=CARTESIAN_POINT('',(1.55,-2.45,-2.04999999999999));
#9675=CARTESIAN_POINT('',(1.55,-2.45,-1.70000000000001));
#9676=CARTESIAN_POINT('',(1.55,-2.35,-1.7));
#9677=CARTESIAN_POINT('',(1.05,-2.35,-1.70000000000001));
#9678=CARTESIAN_POINT('',(1.05,-2.35,-1.7));
#9679=CARTESIAN_POINT('',(1.05,-2.45,-1.70000000000001));
#9680=CARTESIAN_POINT('',(1.05,-2.45,-2.04999999999999));
#9681=CARTESIAN_POINT('',(1.05,-2.45,-2.04999999999999));
#9682=CARTESIAN_POINT('',(1.05,-2.35,-2.05));
#9683=CARTESIAN_POINT('',(1.05,-1.5,-2.29999999999999));
#9684=CARTESIAN_POINT('',(1.05,-1.5,-2.29999999999999));
#9685=CARTESIAN_POINT('',(1.05,-2.35,-2.29999999999999));
#9686=CARTESIAN_POINT('',(1.05,-2.35,-2.29999999999999));
#9687=CARTESIAN_POINT('',(1.05,-2.35,-2.04999999999999));
#9688=CARTESIAN_POINT('',(1.05,-2.6,-2.04999999999999));
#9689=CARTESIAN_POINT('',(1.05,-2.6,-1.70000000000001));
#9690=CARTESIAN_POINT('',(1.05,-2.6,-1.70000000000001));
#9691=CARTESIAN_POINT('',(1.05,-2.35,-1.70000000000001));
#9692=CARTESIAN_POINT('',(1.55,-2.35,-1.70000000000001));
#9693=CARTESIAN_POINT('',(1.55,-2.6,-1.70000000000001));
#9694=CARTESIAN_POINT('',(1.55,-2.6,-1.70000000000001));
#9695=CARTESIAN_POINT('',(1.55,-2.6,-2.04999999999999));
#9696=CARTESIAN_POINT('',(1.55,-2.35,-2.04999999999999));
#9697=CARTESIAN_POINT('',(1.55,-2.35,-2.29999999999999));
#9698=CARTESIAN_POINT('',(1.55,-2.35,-2.29999999999999));
#9699=CARTESIAN_POINT('',(1.55,-1.5,-2.29999999999999));
#9700=CARTESIAN_POINT('',(1.55,-1.5,-2.29999999999999));
#9701=CARTESIAN_POINT('',(1.55,-2.35,-2.05));
#9702=CARTESIAN_POINT('',(1.55,-2.45,-2.04999999999999));
#9703=CARTESIAN_POINT('',(1.55,-2.45,-2.04999999999999));
#9704=CARTESIAN_POINT('',(1.55,-2.45,-1.70000000000001));
#9705=CARTESIAN_POINT('',(1.55,-2.35,-1.7));
#9706=CARTESIAN_POINT('',(1.48492424049175,-1.48492424049175,0.02));
#9707=CARTESIAN_POINT('',(1.48492424049175,-1.48492424049175,0.02));
#9708=CARTESIAN_POINT('',(1.63492424049175,-1.48492424049175,0.02));
#9709=CARTESIAN_POINT('',(1.48492424049175,-1.48492424049175,0.02));
#9710=CARTESIAN_POINT('',(-1.48492424049175,-1.48492424049175,0.02));
#9711=CARTESIAN_POINT('',(-1.48492424049175,-1.48492424049175,0.02));
#9712=CARTESIAN_POINT('',(-1.33492424049175,-1.48492424049175,0.02));
#9713=CARTESIAN_POINT('',(-1.48492424049175,-1.48492424049175,0.02));
#9714=CARTESIAN_POINT('',(0.15,-2.,0.02));
#9715=CARTESIAN_POINT('',(0.15,-2.,0.02));
#9716=CARTESIAN_POINT('',(0.15,-2.,0.02));
#9717=CARTESIAN_POINT('',(0.15,-2.,0.02));
#9718=CARTESIAN_POINT('',(-0.15,-2.,0.02));
#9719=CARTESIAN_POINT('',(-0.15,-2.,0.02));
#9720=CARTESIAN_POINT('',(-0.15,-2.,0.02));
#9721=CARTESIAN_POINT('',(-0.15,-2.,0.02));
#9722=CARTESIAN_POINT('',(-0.15,-1.69336942218761,0.02));
#9723=CARTESIAN_POINT('',(-0.15,-1.69336942218761,0.02));
#9724=CARTESIAN_POINT('',(1.19262238973405E-15,-2.49366499671666E-14,0.02));
#9725=CARTESIAN_POINT('',(0.,0.,0.));
#9726=CARTESIAN_POINT('',(0.,0.,0.));
#9727=CARTESIAN_POINT('',(1.,-0.9,0.));
#9728=CARTESIAN_POINT('',(-0.3,-0.9,0.));
#9729=CARTESIAN_POINT('',(-0.666633332499958,-0.9,0.));
#9730=CARTESIAN_POINT('',(-0.3,1.15,0.));
#9731=CARTESIAN_POINT('',(-0.3,1.0790736768173,0.));
#9732=CARTESIAN_POINT('',(0.,0.,0.));
#9733=CARTESIAN_POINT('',(1.,-0.9,-0.15));
#9734=CARTESIAN_POINT('',(1.,-0.9,-0.15));
#9735=CARTESIAN_POINT('',(-0.3,-0.9,-0.15));
#9736=CARTESIAN_POINT('',(-0.715891053163818,-0.9,-0.15));
#9737=CARTESIAN_POINT('',(-0.3,-0.9,-0.15));
#9738=CARTESIAN_POINT('',(-0.666633332499958,-0.9,3.74081807926114E-16));
#9739=CARTESIAN_POINT('',(-0.687606478303555,-0.9,3.74081807926114E-16));
#9740=CARTESIAN_POINT('',(-0.715891053163818,-0.9,-0.00869449387142569));
#9741=CARTESIAN_POINT('',(-0.715891053163818,-0.9,-0.03));
#9742=CARTESIAN_POINT('',(-0.715891053163818,-0.9,-0.03));
#9743=CARTESIAN_POINT('',(-0.715891053163818,-0.9,-0.45));
#9744=CARTESIAN_POINT('',(0.,0.,-0.0300000000000001));
#9745=CARTESIAN_POINT('',(-0.3,1.11018016555873,-0.03));
#9746=CARTESIAN_POINT('',(-0.3,1.11018016555873,-0.0140649284764629));
#9747=CARTESIAN_POINT('',(-0.3,1.09499461377356,5.52797307044887E-16));
#9748=CARTESIAN_POINT('',(-0.3,1.0790736768173,5.52797307044887E-16));
#9749=CARTESIAN_POINT('',(-0.3,1.11018016555873,-0.03));
#9750=CARTESIAN_POINT('',(0.,0.,-0.03));
#9751=CARTESIAN_POINT('',(0.,0.,-0.45));
#9752=CARTESIAN_POINT('',(0.,0.,-0.15));
#9753=CARTESIAN_POINT('',(1.11018016555873,0.3,-0.15));
#9754=CARTESIAN_POINT('',(0.3,1.11018016555873,-0.15));
#9755=CARTESIAN_POINT('',(0.3,1.11018016555873,-0.45));
#9756=CARTESIAN_POINT('',(0.3,1.11018016555873,-0.03));
#9757=CARTESIAN_POINT('',(0.,0.,-0.03));
#9758=CARTESIAN_POINT('',(0.715891053163818,-0.9,-0.03));
#9759=CARTESIAN_POINT('',(0.715891053163818,-0.9,-0.45));
#9760=CARTESIAN_POINT('',(0.715891053163818,-0.9,-0.15));
#9761=CARTESIAN_POINT('',(0.,0.,-0.15));
#9762=CARTESIAN_POINT('',(1.11018016555873,-0.3,-0.15));
#9763=CARTESIAN_POINT('',(0.,0.,-0.45));
#9764=CARTESIAN_POINT('',(1.14891252930761,-0.05,-0.4));
#9765=CARTESIAN_POINT('',(0.,0.,-0.4));
#9766=CARTESIAN_POINT('',(1.14891252930761,0.05,-0.4));
#9767=CARTESIAN_POINT('',(0.,0.,-0.45));
#9768=CARTESIAN_POINT('',(0.05,1.6,-0.4));
#9769=CARTESIAN_POINT('',(0.05,-1.15,-0.4));
#9770=CARTESIAN_POINT('',(-0.05,-1.15,-0.4));
#9771=CARTESIAN_POINT('',(0.05,-1.15,-0.4));
#9772=CARTESIAN_POINT('',(-0.05,1.6,-0.4));
#9773=CARTESIAN_POINT('',(-0.05,-1.54919333848297,-0.4));
#9774=CARTESIAN_POINT('',(0.,0.,-0.4));
#9775=CARTESIAN_POINT('',(0.05,-1.54919333848297,-0.4));
#9776=CARTESIAN_POINT('',(0.05,1.6,-0.4));
#9777=CARTESIAN_POINT('',(0.05,1.6,-0.4));
#9778=CARTESIAN_POINT('',(1.6,-0.05,-0.4));
#9779=CARTESIAN_POINT('',(-1.14891252930761,-0.05,-0.4));
#9780=CARTESIAN_POINT('',(-1.54919333848297,-0.05,-0.4));
#9781=CARTESIAN_POINT('',(0.,0.,-0.4));
#9782=CARTESIAN_POINT('',(-1.14891252930761,0.05,-0.4));
#9783=CARTESIAN_POINT('',(1.6,0.05,-0.4));
#9784=CARTESIAN_POINT('',(-1.54919333848297,0.05,-0.4));
#9785=CARTESIAN_POINT('',(0.,0.,-0.4));
#9786=CARTESIAN_POINT('',(0.05,1.6,-0.4));
#9787=CARTESIAN_POINT('',(0.05,1.15,-0.4));
#9788=CARTESIAN_POINT('',(0.05,1.15,-0.4));
#9789=CARTESIAN_POINT('',(-0.05,1.15,-0.4));
#9790=CARTESIAN_POINT('',(0.05,1.6,-0.4));
#9791=CARTESIAN_POINT('',(0.05,1.54919333848297,-0.4));
#9792=CARTESIAN_POINT('',(0.,0.,-0.4));
#9793=CARTESIAN_POINT('',(-0.05,1.54919333848297,-0.4));
#9794=CARTESIAN_POINT('',(-0.05,1.6,-0.4));
#9795=CARTESIAN_POINT('',(0.,0.,-0.15));
#9796=CARTESIAN_POINT('',(-0.3,1.6,-0.15));
#9797=CARTESIAN_POINT('',(-0.3,1.52069063257456,-0.15));
#9798=CARTESIAN_POINT('',(-0.3,1.15,-0.15));
#9799=CARTESIAN_POINT('',(0.,0.,-0.15));
#9800=CARTESIAN_POINT('',(0.3,1.52069063257456,-0.15));
#9801=CARTESIAN_POINT('',(0.3,1.6,-0.15));
#9802=CARTESIAN_POINT('',(0.3,1.15,-0.15));
#9803=CARTESIAN_POINT('',(0.3,1.6,-0.15));
#9804=CARTESIAN_POINT('',(1.6,0.3,-0.15));
#9805=CARTESIAN_POINT('',(1.52069063257456,0.3,-0.15));
#9806=CARTESIAN_POINT('',(0.,0.,-0.15));
#9807=CARTESIAN_POINT('',(1.52069063257456,-0.3,-0.15));
#9808=CARTESIAN_POINT('',(1.6,-0.3,-0.15));
#9809=CARTESIAN_POINT('',(1.,-0.9,-0.15));
#9810=CARTESIAN_POINT('',(0.3,-0.9,-0.15));
#9811=CARTESIAN_POINT('',(0.3,1.6,-0.15));
#9812=CARTESIAN_POINT('',(0.3,-1.15,-0.15));
#9813=CARTESIAN_POINT('',(0.3,1.6,-0.15));
#9814=CARTESIAN_POINT('',(0.3,-1.52069063257456,-0.15));
#9815=CARTESIAN_POINT('',(0.,0.,-0.15));
#9816=CARTESIAN_POINT('',(-0.3,-1.52069063257456,-0.15));
#9817=CARTESIAN_POINT('',(-0.3,1.6,-0.15));
#9818=CARTESIAN_POINT('',(-0.3,-1.15,-0.15));
#9819=CARTESIAN_POINT('',(-0.3,1.6,-0.15));
#9820=CARTESIAN_POINT('',(0.,0.,-0.15));
#9821=CARTESIAN_POINT('',(-1.11018016555873,-0.3,-0.15));
#9822=CARTESIAN_POINT('',(1.6,-0.3,-0.15));
#9823=CARTESIAN_POINT('',(-1.52069063257455,-0.3,-0.15));
#9824=CARTESIAN_POINT('',(0.,0.,-0.15));
#9825=CARTESIAN_POINT('',(-1.52069063257456,0.3,-0.15));
#9826=CARTESIAN_POINT('',(1.6,0.3,-0.15));
#9827=CARTESIAN_POINT('',(-1.11018016555873,0.3,-0.15));
#9828=CARTESIAN_POINT('',(0.,0.,-0.15));
#9829=CARTESIAN_POINT('',(-0.3,1.11018016555873,-0.15));
#9830=CARTESIAN_POINT('',(-0.3,1.6,-0.15));
#9831=CARTESIAN_POINT('',(0.,0.,-0.15));
#9832=CARTESIAN_POINT('',(-1.7,0.,-0.15));
#9833=CARTESIAN_POINT('',(-0.05,1.6,-0.4));
#9834=CARTESIAN_POINT('',(-0.05,1.15,-0.4));
#9835=CARTESIAN_POINT('',(0.,0.,-0.45));
#9836=CARTESIAN_POINT('',(-0.05,1.6,-0.4));
#9837=CARTESIAN_POINT('',(-0.05,-1.15,-0.4));
#9838=CARTESIAN_POINT('',(0.,0.,-0.45));
#9839=CARTESIAN_POINT('',(0.3,1.6,-0.15));
#9840=CARTESIAN_POINT('',(0.3,1.15,-0.15));
#9841=CARTESIAN_POINT('',(0.,0.,-0.45));
#9842=CARTESIAN_POINT('',(0.3,1.6,-0.15));
#9843=CARTESIAN_POINT('',(0.3,-1.15,-0.15));
#9844=CARTESIAN_POINT('',(0.,0.,-0.45));
#9845=CARTESIAN_POINT('',(0.05,1.6,-0.4));
#9846=CARTESIAN_POINT('',(1.6,0.05,-0.4));
#9847=CARTESIAN_POINT('',(1.54919333848297,0.05,-0.4));
#9848=CARTESIAN_POINT('',(1.6,-0.05,-0.4));
#9849=CARTESIAN_POINT('',(1.54919333848297,-0.05,-0.4));
#9850=CARTESIAN_POINT('',(0.,0.,-0.4));
#9851=CARTESIAN_POINT('',(1.6,-0.3,-0.15));
#9852=CARTESIAN_POINT('',(0.,0.,-0.45));
#9853=CARTESIAN_POINT('',(1.6,0.05,-0.4));
#9854=CARTESIAN_POINT('',(0.,0.,-0.45));
#9855=CARTESIAN_POINT('',(1.6,0.05,-0.4));
#9856=CARTESIAN_POINT('',(0.,0.,-0.45));
#9857=CARTESIAN_POINT('',(0.,0.,-0.45));
#9858=CARTESIAN_POINT('',(1.6,-0.3,-0.15));
#9859=CARTESIAN_POINT('',(0.,0.,-0.45));
#9860=CARTESIAN_POINT('',(0.,0.,-0.45));
#9861=CARTESIAN_POINT('',(0.,0.,0.));
#9862=CARTESIAN_POINT('',(0.,0.,0.));
#9863=CARTESIAN_POINT('',(0.3,1.0790736768173,0.));
#9864=CARTESIAN_POINT('',(0.666633332499958,-0.9,0.));
#9865=CARTESIAN_POINT('',(0.3,-1.15,0.));
#9866=CARTESIAN_POINT('',(0.3,-0.9,0.));
#9867=CARTESIAN_POINT('',(1.,-0.9,0.));
#9868=CARTESIAN_POINT('',(0.,0.,-0.0300000000000001));
#9869=CARTESIAN_POINT('',(0.3,1.0790736768173,6.67198402013714E-16));
#9870=CARTESIAN_POINT('',(0.3,1.0950178921153,6.67198402013714E-16));
#9871=CARTESIAN_POINT('',(0.3,1.11018016555873,-0.0138920789130788));
#9872=CARTESIAN_POINT('',(0.3,1.11018016555873,-0.0300000000000001));
#9873=CARTESIAN_POINT('',(0.715891053163841,-0.9,-0.030000000000001));
#9874=CARTESIAN_POINT('',(0.715891053163842,-0.9,-0.00893215436835114));
#9875=CARTESIAN_POINT('',(0.687506540002661,-0.9,5.32844521597978E-16));
#9876=CARTESIAN_POINT('',(0.666633332499958,-0.9,5.32844521597978E-16));
#9877=CARTESIAN_POINT('',(0.,0.,-0.45));
#9878=CARTESIAN_POINT('',(-0.3,1.11018016555873,-0.45));
#9879=CARTESIAN_POINT('',(1.,-0.9,-0.15));
#9880=CARTESIAN_POINT('',(0.3,-0.9,-0.15));
#9881=CARTESIAN_POINT('',(-0.3,1.15,-0.5));
#9882=CARTESIAN_POINT('',(-0.3,-1.15,-0.5));
#9883=CARTESIAN_POINT('',(-0.3,-1.15,-0.5));
#9884=CARTESIAN_POINT('',(-0.3,1.15,-0.5));
#9885=CARTESIAN_POINT('',(-0.3,1.15,-0.5));
#9886=CARTESIAN_POINT('',(-0.3,1.15,-0.5));
#9887=CARTESIAN_POINT('',(-0.3,-1.15,-0.5));
#9888=CARTESIAN_POINT('',(0.3,-1.15,-0.5));
#9889=CARTESIAN_POINT('',(0.3,-1.15,-0.5));
#9890=CARTESIAN_POINT('',(-0.3,-1.15,-0.5));
#9891=CARTESIAN_POINT('',(0.3,-1.15,-0.5));
#9892=CARTESIAN_POINT('',(0.3,1.15,-0.5));
#9893=CARTESIAN_POINT('',(0.3,1.15,-0.5));
#9894=CARTESIAN_POINT('',(0.3,-1.15,-0.5));
#9895=CARTESIAN_POINT('',(0.3,1.15,-0.5));
#9896=CARTESIAN_POINT('',(0.3,1.15,-0.5));
#9897=CARTESIAN_POINT('',(0.,0.,-0.5));
#9898=CARTESIAN_POINT('',(0.,0.,-1.2));
#9899=CARTESIAN_POINT('',(0.,0.,-1.2));
#9900=CARTESIAN_POINT('',(0.,0.,-1.2));
#9901=CARTESIAN_POINT('',(0.,0.,-1.2));
#9902=CARTESIAN_POINT('',(0.,1.7,-1.2));
#9903=CARTESIAN_POINT('',(0.,0.,-1.2));
#9904=CARTESIAN_POINT('',(-1.7,0.,-1.2));
#9905=CARTESIAN_POINT('',(0.,0.,-1.2));
#9906=CARTESIAN_POINT('',(0.,0.,0.));
#9907=MECHANICAL_DESIGN_GEOMETRIC_PRESENTATION_REPRESENTATION('',(#4684,
#4685,#4686,#4687,#4688,#4689,#4690,#4691,#4692,#4693,#4694,#4695,#4696,
#4697,#4698,#4699,#4700,#4701,#4702,#4703,#4704,#4705,#4706,#4707,#4708,
#4709,#4710,#4711,#4712,#4713,#4714,#4715,#4716,#4717,#4718,#4719,#4720,
#4721,#4722,#4723,#4724,#4725,#4726,#4727,#4728,#4729,#4730,#4731,#4732,
#4733,#4734,#4735,#4736,#4737,#4738,#4739,#4740,#4741,#4742,#4743,#4744,
#4745,#4746,#4747,#4748,#4749,#4750,#4751,#4752,#4753,#4754,#4755,#4756,
#4757,#4758,#4759,#4760,#4761,#4762,#4763,#4764,#4765,#4766,#4767,#4768,
#4769,#4770,#4771,#4772,#4773,#4774,#4775,#4776,#4777,#4778,#4779,#4780,
#4781,#4782,#4783,#4784,#4785,#4786,#4787,#4788,#4789,#4790,#4791,#4792,
#4793,#4794,#4795,#4796,#4797,#4798,#4799,#4800,#4801,#4802,#4803,#4804,
#4805,#4806,#4807,#4808,#4809,#4810,#4811,#4812,#4813,#4814,#4815,#4816,
#4817,#4818,#4819,#4820,#4821,#4822,#4823,#4824,#4825,#4826,#4827,#4828,
#4829,#4830,#4831,#4832,#4833,#4834,#4835,#4836,#4837,#4838,#4839,#4840,
#4841,#4842,#4843,#4844,#4845,#4846,#4847,#4848,#4849,#4850,#4851,#4852,
#4853,#4854,#4855,#4856,#4857,#4858,#4859,#4860,#4861,#4862,#4863,#4864,
#4865,#4866,#4867,#4868,#4869,#4870,#4871,#4872,#4873,#4874,#4875,#4876,
#4877,#4878,#4879,#4880,#4881,#4882,#4883,#4884,#4885,#4886,#4887,#4888,
#4889,#4890,#4891,#4892,#4893,#4894,#4895,#4896,#4897,#4898,#4899,#4900,
#4901,#4902,#4903,#4904),#9908);
#9908=(
GEOMETRIC_REPRESENTATION_CONTEXT(3)
GLOBAL_UNCERTAINTY_ASSIGNED_CONTEXT((#9911))
GLOBAL_UNIT_ASSIGNED_CONTEXT((#9916,#9915,#9914))
REPRESENTATION_CONTEXT('CS-4-13NTA','TOP_LEVEL_ASSEMBLY_PART')
);
#9909=(
GEOMETRIC_REPRESENTATION_CONTEXT(3)
GLOBAL_UNCERTAINTY_ASSIGNED_CONTEXT((#9912))
GLOBAL_UNIT_ASSIGNED_CONTEXT((#9916,#9915,#9914))
REPRESENTATION_CONTEXT('CS-4-13NA Body','COMPONENT_PART')
);
#9910=(
GEOMETRIC_REPRESENTATION_CONTEXT(3)
GLOBAL_UNCERTAINTY_ASSIGNED_CONTEXT((#9913))
GLOBAL_UNIT_ASSIGNED_CONTEXT((#9916,#9915,#9914))
REPRESENTATION_CONTEXT('CS-4-13NA7 Dial','COMPONENT_PART')
);
#9911=UNCERTAINTY_MEASURE_WITH_UNIT(LENGTH_MEASURE(0.005),#9916,
'DISTANCE_ACCURACY_VALUE','Maximum Tolerance applied to model');
#9912=UNCERTAINTY_MEASURE_WITH_UNIT(LENGTH_MEASURE(0.005),#9916,
'DISTANCE_ACCURACY_VALUE','Maximum Tolerance applied to model');
#9913=UNCERTAINTY_MEASURE_WITH_UNIT(LENGTH_MEASURE(0.005),#9916,
'DISTANCE_ACCURACY_VALUE','Maximum Tolerance applied to model');
#9914=(
NAMED_UNIT(*)
SI_UNIT($,.STERADIAN.)
SOLID_ANGLE_UNIT()
);
#9915=(
NAMED_UNIT(*)
PLANE_ANGLE_UNIT()
SI_UNIT($,.RADIAN.)
);
#9916=(
LENGTH_UNIT()
NAMED_UNIT(*)
SI_UNIT(.MILLI.,.METRE.)
);
#9917=PRODUCT_DEFINITION_SHAPE('','',#9922);
#9918=PRODUCT_DEFINITION_SHAPE('','',#9923);
#9919=PRODUCT_DEFINITION_SHAPE(' ','NAUO PRDDFN',#20);
#9920=PRODUCT_DEFINITION_SHAPE('','',#9924);
#9921=PRODUCT_DEFINITION_SHAPE(' ','NAUO PRDDFN',#21);
#9922=PRODUCT_DEFINITION('','',#9928,#9925);
#9923=PRODUCT_DEFINITION('','',#9929,#9926);
#9924=PRODUCT_DEFINITION('','',#9930,#9927);
#9925=PRODUCT_DEFINITION_CONTEXT('',#9944,'design');
#9926=PRODUCT_DEFINITION_CONTEXT('',#9944,'design');
#9927=PRODUCT_DEFINITION_CONTEXT('',#9944,'design');
#9928=PRODUCT_DEFINITION_FORMATION_WITH_SPECIFIED_SOURCE('','',#9934,
 .NOT_KNOWN.);
#9929=PRODUCT_DEFINITION_FORMATION_WITH_SPECIFIED_SOURCE('','',#9935,
 .NOT_KNOWN.);
#9930=PRODUCT_DEFINITION_FORMATION_WITH_SPECIFIED_SOURCE('','',#9936,
 .NOT_KNOWN.);
#9931=PRODUCT_RELATED_PRODUCT_CATEGORY('','',(#9934));
#9932=PRODUCT_RELATED_PRODUCT_CATEGORY('','',(#9935));
#9933=PRODUCT_RELATED_PRODUCT_CATEGORY('','',(#9936));
#9934=PRODUCT('CS-4-13NTA','CS-4-13NTA','CS-4-13NTA',(#9940));
#9935=PRODUCT('CS-4-13NA Body','CS-4-13NA Body','CS-4-13NA Body',(#9941));
#9936=PRODUCT('CS-4-13NA7 Dial','CS-4-13NA7 Dial','CS-4-13NA7 Dial',(#9942));
#9937=PRODUCT_CATEGORY('','');
#9938=PRODUCT_CATEGORY('','');
#9939=PRODUCT_CATEGORY('','');
#9940=PRODUCT_CONTEXT('',#9944,'mechanical');
#9941=PRODUCT_CONTEXT('',#9944,'mechanical');
#9942=PRODUCT_CONTEXT('',#9944,'mechanical');
#9943=APPLICATION_PROTOCOL_DEFINITION('international standard',
'automotive_design',2010,#9944);
#9944=APPLICATION_CONTEXT(
'core data for automotive mechanical design processes');
ENDSEC;
END-ISO-10303-21;
