ISO-10303-21;
HEADER;
FILE_DESCRIPTION (( 'STEP AP214' ),
    '1' );
FILE_NAME ('TMC2300-LA-T.STEP',
    '2020-12-18T09:05:46',
    ( '' ),
    ( '' ),
    'SwSTEP 2.0',
    'SolidWorks 2018',
    '' );
FILE_SCHEMA (( 'AUTOMOTIVE_DESIGN' ));
ENDSEC;

DATA;
#1 = DIRECTION ( 'NONE',  ( -0.000000000000000000, -1.000000000000000000, -0.000000000000000000 ) ) ;
#2 = CARTESIAN_POINT ( 'NONE',  ( 0.7000000000000007327, 0.6472135954999583829, 1.100000000000000533 ) ) ;
#3 = ORIENTED_EDGE ( 'NONE', *, *, #5047, .F. ) ;
#4 = CARTESIAN_POINT ( 'NONE',  ( 0.000000000000000000, 0.2000000000000000111, 0.000000000000000000 ) ) ;
#5 = LINE ( 'NONE', #3483, #2734 ) ;
#6 = CARTESIAN_POINT ( 'NONE',  ( 0.1000000000000003664, 0.6472135954999583829, -1.500000000000000000 ) ) ;
#7 = EDGE_LOOP ( 'NONE', ( #950, #5386, #3839, #2467 ) ) ;
#8 = ORIENTED_EDGE ( 'NONE', *, *, #2645, .T. ) ;
#9 = VERTEX_POINT ( 'NONE', #512 ) ;
#10 = PRODUCT_RELATED_PRODUCT_CATEGORY ( 'part', '', ( #206 ) ) ;
#11 = FACE_OUTER_BOUND ( 'NONE', #2674, .T. ) ;
#12 = CARTESIAN_POINT ( 'NONE',  ( 0.3000000000000005440, 0.2000000000000000111, -1.100000000000000089 ) ) ;
#13 = EDGE_CURVE ( 'NONE', #4567, #3753, #922, .T. ) ;
#14 = DIRECTION ( 'NONE',  ( -0.000000000000000000, -1.000000000000000000, -0.000000000000000000 ) ) ;
#15 = ADVANCED_FACE ( 'NONE', ( #4116 ), #3491, .F. ) ;
#16 = VERTEX_POINT ( 'NONE', #1014 ) ;
#17 = PLANE ( 'NONE',  #4599 ) ;
#18 = ORIENTED_EDGE ( 'NONE', *, *, #974, .T. ) ;
#19 = LINE ( 'NONE', #1694, #1660 ) ;
#20 = ORIENTED_EDGE ( 'NONE', *, *, #740, .T. ) ;
#21 = EDGE_CURVE ( 'NONE', #3920, #491, #3087, .T. ) ;
#22 = CARTESIAN_POINT ( 'NONE',  ( -0.8999999999999995781, 0.2000000000000000111, -1.500000000000000000 ) ) ;
#23 = LINE ( 'NONE', #5140, #5170 ) ;
#24 = CARTESIAN_POINT ( 'NONE',  ( 1.099999999999999201, 0.000000000000000000, 0.3000000000000001554 ) ) ;
#25 = CLOSED_SHELL ( 'NONE', ( #2946, #15, #1153, #3349, #1732, #5938 ) ) ;
#26 = DIRECTION ( 'NONE',  ( -0.000000000000000000, -1.000000000000000000, -0.000000000000000000 ) ) ;
#27 = LINE ( 'NONE', #5963, #2671 ) ;
#28 = ADVANCED_FACE ( 'NONE', ( #4032 ), #2023, .T. ) ;
#29 = VERTEX_POINT ( 'NONE', #1054 ) ;
#30 = ORIENTED_EDGE ( 'NONE', *, *, #4788, .F. ) ;
#31 = DIRECTION ( 'NONE',  ( -1.000000000000000000, 0.000000000000000000, 0.000000000000000000 ) ) ;
#32 = EDGE_CURVE ( 'NONE', #902, #2986, #3885, .T. ) ;
#33 = CARTESIAN_POINT ( 'NONE',  ( 0.8499999999999997558, 0.05000000000000012768, 0.8500000000000001998 ) ) ;
#34 = EDGE_CURVE ( 'NONE', #686, #1258, #5425, .T. ) ;
#35 = VECTOR ( 'NONE', #210, 1000.000000000000000 ) ;
#36 = DIRECTION ( 'NONE',  ( 0.000000000000000000, 0.000000000000000000, 1.000000000000000000 ) ) ;
#37 = CARTESIAN_POINT ( 'NONE',  ( 0.3000000000000008771, 0.2000000000000000111, 1.500000000000000444 ) ) ;
#38 = CARTESIAN_POINT ( 'NONE',  ( -0.09999999999999928391, 0.04999999999999999584, 1.100000000000000533 ) ) ;
#39 = ORIENTED_EDGE ( 'NONE', *, *, #2906, .T. ) ;
#40 = AXIS2_PLACEMENT_3D ( 'NONE', #679, #1182, #4683 ) ;
#41 = FACE_OUTER_BOUND ( 'NONE', #2357, .T. ) ;
#42 = LINE ( 'NONE', #6397, #282 ) ;
#43 = EDGE_LOOP ( 'NONE', ( #4967, #83, #3956, #6374 ) ) ;
#44 = DIRECTION ( 'NONE',  ( -2.710505431213761578E-16, 0.000000000000000000, -1.000000000000000000 ) ) ;
#45 = ADVANCED_FACE ( 'NONE', ( #4763 ), #73, .F. ) ;
#46 = DIRECTION ( 'NONE',  ( -0.000000000000000000, -0.000000000000000000, 1.000000000000000000 ) ) ;
#47 = FACE_OUTER_BOUND ( 'NONE', #849, .T. ) ;
#48 = DIRECTION ( 'NONE',  ( -2.710505431213761578E-16, 0.000000000000000000, 1.000000000000000000 ) ) ;
#49 = EDGE_CURVE ( 'NONE', #3699, #5616, #2784, .T. ) ;
#50 = ORIENTED_EDGE ( 'NONE', *, *, #2823, .F. ) ;
#51 = VECTOR ( 'NONE', #3686, 1000.000000000000000 ) ;
#52 = VECTOR ( 'NONE', #968, 1000.000000000000000 ) ;
#53 = ORIENTED_EDGE ( 'NONE', *, *, #3561, .F. ) ;
#54 = CARTESIAN_POINT ( 'NONE',  ( 0.5000000000000008882, 0.1999999999999999833, 1.100000000000000089 ) ) ;
#55 = LINE ( 'NONE', #6327, #1312 ) ;
#56 = EDGE_CURVE ( 'NONE', #1450, #3450, #4440, .T. ) ;
#57 = LINE ( 'NONE', #573, #4294 ) ;
#58 = UNCERTAINTY_MEASURE_WITH_UNIT (LENGTH_MEASURE( 1.000000000000000082E-05 ), #3286, 'distance_accuracy_value', 'NONE');
#59 = ORIENTED_EDGE ( 'NONE', *, *, #1584, .T. ) ;
#60 = ORIENTED_EDGE ( 'NONE', *, *, #2361, .F. ) ;
#61 = CARTESIAN_POINT ( 'NONE',  ( 1.099999999999999201, 0.6472135954999579388, 0.1000000000000001582 ) ) ;
#62 = CARTESIAN_POINT ( 'NONE',  ( 0.000000000000000000, 0.05000000000000000278, -1.100000000000000089 ) ) ;
#63 =( GEOMETRIC_REPRESENTATION_CONTEXT ( 3 ) GLOBAL_UNCERTAINTY_ASSIGNED_CONTEXT ( ( #268 ) ) GLOBAL_UNIT_ASSIGNED_CONTEXT ( ( #2562, #92, #2611 ) ) REPRESENTATION_CONTEXT ( 'NONE', 'WORKASPACE' ) );
#64 = ORIENTED_EDGE ( 'NONE', *, *, #49, .F. ) ;
#65 = EDGE_CURVE ( 'NONE', #6404, #2786, #3637, .T. ) ;
#66 = CARTESIAN_POINT ( 'NONE',  ( -0.4999999999999995559, 0.000000000000000000, -1.100000000000000089 ) ) ;
#67 = SURFACE_SIDE_STYLE ('',( #731 ) ) ;
#68 = ORIENTED_EDGE ( 'NONE', *, *, #4315, .F. ) ;
#69 = VECTOR ( 'NONE', #1673, 1000.000000000000000 ) ;
#70 = VECTOR ( 'NONE', #1103, 1000.000000000000000 ) ;
#71 = ORIENTED_EDGE ( 'NONE', *, *, #2468, .F. ) ;
#72 = FACE_OUTER_BOUND ( 'NONE', #4540, .T. ) ;
#73 = PLANE ( 'NONE',  #3698 ) ;
#74 = ORIENTED_EDGE ( 'NONE', *, *, #4263, .F. ) ;
#75 = VECTOR ( 'NONE', #1691, 1000.000000000000000 ) ;
#76 = PLANE ( 'NONE',  #160 ) ;
#77 = EDGE_CURVE ( 'NONE', #5687, #5077, #3408, .T. ) ;
#78 = DIRECTION ( 'NONE',  ( -2.168404344971010446E-15, 0.000000000000000000, -1.000000000000000000 ) ) ;
#79 = DIRECTION ( 'NONE',  ( 0.000000000000000000, 0.000000000000000000, -1.000000000000000000 ) ) ;
#80 = VERTEX_POINT ( 'NONE', #3511 ) ;
#81 = VERTEX_POINT ( 'NONE', #714 ) ;
#82 = PLANE ( 'NONE',  #226 ) ;
#83 = ORIENTED_EDGE ( 'NONE', *, *, #4315, .T. ) ;
#84 = LINE ( 'NONE', #5103, #1268 ) ;
#85 = SURFACE_STYLE_USAGE ( .BOTH. , #5143 ) ;
#86 = DIRECTION ( 'NONE',  ( 1.000000000000000000, -0.000000000000000000, 5.421010862427523156E-16 ) ) ;
#87 = ORIENTED_EDGE ( 'NONE', *, *, #3808, .T. ) ;
#88 = EDGE_CURVE ( 'NONE', #163, #2912, #57, .T. ) ;
#89 = FACE_OUTER_BOUND ( 'NONE', #5922, .T. ) ;
#90 =( LENGTH_UNIT ( ) NAMED_UNIT ( * ) SI_UNIT ( .MILLI., .METRE. ) );
#91 = DIRECTION ( 'NONE',  ( 0.000000000000000000, 1.000000000000000000, 0.000000000000000000 ) ) ;
#92 =( NAMED_UNIT ( * ) PLANE_ANGLE_UNIT ( ) SI_UNIT ( $, .RADIAN. ) );
#93 = ORIENTED_EDGE ( 'NONE', *, *, #3314, .F. ) ;
#94 = EDGE_CURVE ( 'NONE', #776, #1739, #3727, .T. ) ;
#95 = DIRECTION ( 'NONE',  ( 0.000000000000000000, -0.000000000000000000, -1.000000000000000000 ) ) ;
#96 = EDGE_CURVE ( 'NONE', #600, #5279, #2084, .T. ) ;
#97 = VERTEX_POINT ( 'NONE', #3557 ) ;
#98 = EDGE_CURVE ( 'NONE', #3758, #1075, #5576, .T. ) ;
#99 =( NAMED_UNIT ( * ) SI_UNIT ( $, .STERADIAN. ) SOLID_ANGLE_UNIT ( ) );
#100 = CARTESIAN_POINT ( 'NONE',  ( -0.8999999999999995781, 0.2000000000000000111, -1.100000000000000089 ) ) ;
#101 = VECTOR ( 'NONE', #5148, 1000.000000000000000 ) ;
#102 = FACE_OUTER_BOUND ( 'NONE', #3949, .T. ) ;
#103 = FILL_AREA_STYLE_COLOUR ( '', #353 ) ;
#104 = ORIENTED_EDGE ( 'NONE', *, *, #6235, .T. ) ;
#105 = CARTESIAN_POINT ( 'NONE',  ( 0.5000000000000012212, 0.05000000000000000278, -2.710505431213768481E-16 ) ) ;
#106 = VERTEX_POINT ( 'NONE', #1194 ) ;
#107 = AXIS2_PLACEMENT_3D ( 'NONE', #982, #3905, #2475 ) ;
#108 = LINE ( 'NONE', #2763, #1047 ) ;
#109 = LINE ( 'NONE', #6, #5264 ) ;
#110 = DIRECTION ( 'NONE',  ( 1.000000000000000000, -0.000000000000000000, -0.000000000000000000 ) ) ;
#111 = CARTESIAN_POINT ( 'NONE',  ( -1.099999999999999201, 0.1999999999999999833, 0.3000000000000001554 ) ) ;
#112 = EDGE_LOOP ( 'NONE', ( #495, #3130, #362, #1059 ) ) ;
#113 = CARTESIAN_POINT ( 'NONE',  ( 0.000000000000000000, 0.2000000000000000111, 0.000000000000000000 ) ) ;
#114 = LINE ( 'NONE', #236, #1460 ) ;
#115 = VECTOR ( 'NONE', #583, 1000.000000000000000 ) ;
#116 = CARTESIAN_POINT ( 'NONE',  ( -1.099999999999999201, 0.1999999999999999833, 0.5000000000000002220 ) ) ;
#117 = EDGE_CURVE ( 'NONE', #2176, #2794, #5355, .T. ) ;
#118 = PRESENTATION_LAYER_ASSIGNMENT (  '', '', ( #3375 ) ) ;
#119 = VERTEX_POINT ( 'NONE', #38 ) ;
#120 = VECTOR ( 'NONE', #744, 1000.000000000000000 ) ;
#121 = VECTOR ( 'NONE', #2712, 1000.000000000000000 ) ;
#122 = VECTOR ( 'NONE', #5461, 1000.000000000000000 ) ;
#123 = PLANE ( 'NONE',  #2005 ) ;
#124 = CARTESIAN_POINT ( 'NONE',  ( -1.499999999999999556, 6.042640687119285481, 1.500000000000000444 ) ) ;
#125 = EDGE_LOOP ( 'NONE', ( #430, #5841, #914, #5557 ) ) ;
#126 = DIRECTION ( 'NONE',  ( 0.000000000000000000, -1.000000000000000000, 0.000000000000000000 ) ) ;
#127 = CARTESIAN_POINT ( 'NONE',  ( 0.000000000000000000, 0.000000000000000000, 0.000000000000000000 ) ) ;
#128 = VECTOR ( 'NONE', #5071, 1000.000000000000000 ) ;
#129 = AXIS2_PLACEMENT_3D ( 'NONE', #925, #1469, #4960 ) ;
#130 = VECTOR ( 'NONE', #5649, 1000.000000000000000 ) ;
#131 = CARTESIAN_POINT ( 'NONE',  ( 1.084202172485504311E-16, 0.05000000000000000278, -0.8499999999999998668 ) ) ;
#132 = EDGE_CURVE ( 'NONE', #628, #6064, #1233, .T. ) ;
#133 = ORIENTED_EDGE ( 'NONE', *, *, #3045, .T. ) ;
#134 = DIRECTION ( 'NONE',  ( -5.421010862427523156E-16, 0.000000000000000000, -1.000000000000000000 ) ) ;
#135 = VECTOR ( 'NONE', #4388, 1000.000000000000000 ) ;
#136 = EDGE_LOOP ( 'NONE', ( #3272, #3515, #3508, #2185 ) ) ;
#137 = MANIFOLD_SOLID_BREP ( 'LPattern3[4]', #6166 ) ;
#138 = ADVANCED_FACE ( 'NONE', ( #1148 ), #5031, .T. ) ;
#139 = CARTESIAN_POINT ( 'NONE',  ( -1.099999999999999201, 0.000000000000000000, -0.09999999999999993616 ) ) ;
#140 = DIRECTION ( 'NONE',  ( 0.000000000000000000, -1.000000000000000000, 0.000000000000000000 ) ) ;
#141 = CARTESIAN_POINT ( 'NONE',  ( -0.6999999999999989564, 0.05000000000000000278, -1.897353801849630048E-16 ) ) ;
#142 = VERTEX_POINT ( 'NONE', #1730 ) ;
#143 = EDGE_CURVE ( 'NONE', #1347, #4003, #2004, .T. ) ;
#144 = DIRECTION ( 'NONE',  ( 0.000000000000000000, -1.000000000000000000, 0.000000000000000000 ) ) ;
#145 = ORIENTED_EDGE ( 'NONE', *, *, #2466, .F. ) ;
#146 = VECTOR ( 'NONE', #954, 1000.000000000000000 ) ;
#147 = VERTEX_POINT ( 'NONE', #4787 ) ;
#148 = ADVANCED_FACE ( 'NONE', ( #4202 ), #5245, .T. ) ;
#149 = DIRECTION ( 'NONE',  ( -0.000000000000000000, -0.000000000000000000, 1.000000000000000000 ) ) ;
#150 = DIRECTION ( 'NONE',  ( 0.000000000000000000, -0.000000000000000000, 1.000000000000000000 ) ) ;
#151 = ORIENTED_EDGE ( 'NONE', *, *, #1239, .F. ) ;
#152 = FILL_AREA_STYLE ('',( #3151 ) ) ;
#153 = DIRECTION ( 'NONE',  ( 0.000000000000000000, 1.000000000000000000, 0.000000000000000000 ) ) ;
#154 = CARTESIAN_POINT ( 'NONE',  ( -0.8500000000000001998, 2.604163056034261903, -0.8499999999999999778 ) ) ;
#155 = VECTOR ( 'NONE', #1013, 1000.000000000000000 ) ;
#156 = CARTESIAN_POINT ( 'NONE',  ( -1.499999999999999112, 0.000000000000000000, 0.5000000000000002220 ) ) ;
#157 = VERTEX_POINT ( 'NONE', #3239 ) ;
#158 = VECTOR ( 'NONE', #5117, 1000.000000000000000 ) ;
#159 = CARTESIAN_POINT ( 'NONE',  ( 0.5000000000000004441, 0.2000000000000000111, -1.500000000000000000 ) ) ;
#160 = AXIS2_PLACEMENT_3D ( 'NONE', #1151, #2646, #558 ) ;
#161 = DIRECTION ( 'NONE',  ( -1.000000000000000000, 0.000000000000000000, 0.000000000000000000 ) ) ;
#162 = DIRECTION ( 'NONE',  ( 0.000000000000000000, 0.000000000000000000, -1.000000000000000000 ) ) ;
#163 = VERTEX_POINT ( 'NONE', #5767 ) ;
#164 = CARTESIAN_POINT ( 'NONE',  ( 0.9000000000000006883, 0.6472135954999583829, 1.500000000000000000 ) ) ;
#165 = CARTESIAN_POINT ( 'NONE',  ( 1.099999999999999201, 0.6472135954999579388, -0.6999999999999998446 ) ) ;
#166 = ORIENTED_EDGE ( 'NONE', *, *, #2142, .T. ) ;
#167 = LINE ( 'NONE', #5074, #3359 ) ;
#168 = ORIENTED_EDGE ( 'NONE', *, *, #1510, .F. ) ;
#169 = ORIENTED_EDGE ( 'NONE', *, *, #5786, .F. ) ;
#170 = AXIS2_PLACEMENT_3D ( 'NONE', #5303, #6258, #3744 ) ;
#171 = FACE_OUTER_BOUND ( 'NONE', #1752, .T. ) ;
#172 = CARTESIAN_POINT ( 'NONE',  ( 0.5000000000000008882, 0.2000000000000000111, 1.100000000000000089 ) ) ;
#173 = EDGE_CURVE ( 'NONE', #1820, #2115, #3078, .T. ) ;
#174 = CARTESIAN_POINT ( 'NONE',  ( 0.8499999999999997558, 2.604163056034261903, 0.8500000000000001998 ) ) ;
#175 = DIRECTION ( 'NONE',  ( 0.000000000000000000, -1.000000000000000000, 0.000000000000000000 ) ) ;
#176 = ADVANCED_FACE ( 'NONE', ( #3329 ), #2243, .F. ) ;
#177 = CARTESIAN_POINT ( 'NONE',  ( 0.000000000000000000, 0.2000000000000000111, 0.000000000000000000 ) ) ;
#178 = CARTESIAN_POINT ( 'NONE',  ( 0.8499999999999997558, 0.000000000000000000, 0.8500000000000001998 ) ) ;
#179 = VERTEX_POINT ( 'NONE', #6240 ) ;
#180 = DIRECTION ( 'NONE',  ( -1.000000000000000000, 0.000000000000000000, 5.421010862427523156E-16 ) ) ;
#181 = LINE ( 'NONE', #5586, #5249 ) ;
#182 = PLANE ( 'NONE',  #40 ) ;
#183 = ORIENTED_EDGE ( 'NONE', *, *, #1659, .F. ) ;
#184 = EDGE_CURVE ( 'NONE', #2120, #2020, #3878, .T. ) ;
#185 = CARTESIAN_POINT ( 'NONE',  ( 0.3000000000000005440, 0.1999999999999999833, -1.500000000000000000 ) ) ;
#186 = CARTESIAN_POINT ( 'NONE',  ( 0.1000000000000005884, 0.000000000000000000, -1.100000000000000089 ) ) ;
#187 = VECTOR ( 'NONE', #2393, 1000.000000000000000 ) ;
#188 = CARTESIAN_POINT ( 'NONE',  ( 0.5000000000000007772, 0.2000000000000000111, 1.500000000000000000 ) ) ;
#189 = DIRECTION ( 'NONE',  ( 1.000000000000000000, -0.000000000000000000, 0.000000000000000000 ) ) ;
#190 = EDGE_LOOP ( 'NONE', ( #1401, #3373, #1626, #3309 ) ) ;
#191 = EDGE_CURVE ( 'NONE', #5412, #4831, #3550, .T. ) ;
#192 = DIRECTION ( 'NONE',  ( -5.421010862427523156E-16, 0.000000000000000000, -1.000000000000000000 ) ) ;
#193 = ORIENTED_EDGE ( 'NONE', *, *, #2130, .F. ) ;
#194 = COLOUR_RGB ( '',0.7921568627450980005, 0.8196078431372548767, 0.9333333333333333481 ) ;
#195 = AXIS2_PLACEMENT_3D ( 'NONE', #1281, #3301, #3320 ) ;
#196 = EDGE_CURVE ( 'NONE', #300, #6351, #4290, .T. ) ;
#197 = DIRECTION ( 'NONE',  ( 1.000000000000000000, 0.000000000000000000, 1.275531967630005245E-16 ) ) ;
#198 = VERTEX_POINT ( 'NONE', #240 ) ;
#199 = DIRECTION ( 'NONE',  ( 0.000000000000000000, -0.000000000000000000, 1.000000000000000000 ) ) ;
#200 = FILL_AREA_STYLE ('',( #4167 ) ) ;
#201 = CARTESIAN_POINT ( 'NONE',  ( -1.499999999999999112, 0.6472135954999579388, 0.5000000000000002220 ) ) ;
#202 = VECTOR ( 'NONE', #6065, 1000.000000000000000 ) ;
#203 = LINE ( 'NONE', #4944, #2589 ) ;
#204 = DIRECTION ( 'NONE',  ( 0.000000000000000000, -1.000000000000000000, 0.000000000000000000 ) ) ;
#205 = CARTESIAN_POINT ( 'NONE',  ( 1.099999999999999201, 0.1999999999999999833, 0.9000000000000002442 ) ) ;
#206 = PRODUCT ( 'TMC2300-LA-T', 'TMC2300-LA-T', '', ( #1323 ) ) ;
#207 = ORIENTED_EDGE ( 'NONE', *, *, #2270, .F. ) ;
#208 = VECTOR ( 'NONE', #4347, 1000.000000000000000 ) ;
#209 = VECTOR ( 'NONE', #5426, 1000.000000000000000 ) ;
#210 = DIRECTION ( 'NONE',  ( -1.000000000000000000, -0.000000000000000000, -5.421010862427523156E-16 ) ) ;
#211 = CARTESIAN_POINT ( 'NONE',  ( -0.4999999999999995559, 0.6472135954999583829, -1.500000000000000000 ) ) ;
#212 = DIRECTION ( 'NONE',  ( -0.000000000000000000, -0.000000000000000000, 1.000000000000000000 ) ) ;
#213 = ORIENTED_EDGE ( 'NONE', *, *, #1742, .T. ) ;
#214 = DIRECTION ( 'NONE',  ( 1.000000000000000000, -0.000000000000000000, 0.000000000000000000 ) ) ;
#215 = LINE ( 'NONE', #5534, #3171 ) ;
#216 = AXIS2_PLACEMENT_3D ( 'NONE', #4794, #4833, #245 ) ;
#217 = ORIENTED_EDGE ( 'NONE', *, *, #2888, .T. ) ;
#218 = ADVANCED_FACE ( 'NONE', ( #5749 ), #736, .T. ) ;
#219 = LINE ( 'NONE', #2622, #2329 ) ;
#220 = VECTOR ( 'NONE', #1544, 1000.000000000000000 ) ;
#221 = PLANE ( 'NONE',  #4082 ) ;
#222 = CARTESIAN_POINT ( 'NONE',  ( -0.2999999999999992117, 0.000000000000000000, 1.100000000000000089 ) ) ;
#223 = DIRECTION ( 'NONE',  ( 1.000000000000000000, 0.000000000000000000, 0.000000000000000000 ) ) ;
#224 = ORIENTED_EDGE ( 'NONE', *, *, #5516, .F. ) ;
#225 = PLANE ( 'NONE',  #1246 ) ;
#226 = AXIS2_PLACEMENT_3D ( 'NONE', #1492, #1572, #5057 ) ;
#227 = EDGE_CURVE ( 'NONE', #3850, #2237, #5968, .T. ) ;
#228 = EDGE_LOOP ( 'NONE', ( #2762, #1969, #953, #6100 ) ) ;
#229 = ORIENTED_EDGE ( 'NONE', *, *, #1192, .F. ) ;
#230 = DIRECTION ( 'NONE',  ( 1.000000000000000000, 0.000000000000000000, 0.000000000000000000 ) ) ;
#231 = CARTESIAN_POINT ( 'NONE',  ( -0.09999999999999917288, 0.2000000000000000111, 1.500000000000000444 ) ) ;
#232 = EDGE_LOOP ( 'NONE', ( #2113, #5750, #4769, #5396 ) ) ;
#233 = CARTESIAN_POINT ( 'NONE',  ( 0.8499999999999997558, 2.604163056034261903, -0.8499999999999997558 ) ) ;
#234 = CARTESIAN_POINT ( 'NONE',  ( 0.5000000000000006661, 0.000000000000000000, -1.100000000000000089 ) ) ;
#235 = DIRECTION ( 'NONE',  ( -2.710505431213761578E-16, 0.000000000000000000, -1.000000000000000000 ) ) ;
#236 = CARTESIAN_POINT ( 'NONE',  ( -1.499999999999999112, 0.000000000000000000, -0.2999999999999998779 ) ) ;
#237 = VECTOR ( 'NONE', #2126, 1000.000000000000000 ) ;
#238 = LINE ( 'NONE', #6014, #6449 ) ;
#239 = EDGE_CURVE ( 'NONE', #4596, #5550, #6044, .T. ) ;
#240 = CARTESIAN_POINT ( 'NONE',  ( -1.099999999999999201, 0.05000000000000002359, 0.7000000000000000666 ) ) ;
#241 = ORIENTED_EDGE ( 'NONE', *, *, #6028, .F. ) ;
#242 = LINE ( 'NONE', #3858, #5378 ) ;
#243 = CARTESIAN_POINT ( 'NONE',  ( -1.099999999999999201, 0.000000000000000000, -0.2999999999999998779 ) ) ;
#244 = DIRECTION ( 'NONE',  ( 0.000000000000000000, -0.000000000000000000, -1.000000000000000000 ) ) ;
#245 = DIRECTION ( 'NONE',  ( -1.000000000000000000, 0.000000000000000000, 1.445602896647339163E-16 ) ) ;
#246 =( GEOMETRIC_REPRESENTATION_CONTEXT ( 3 ) GLOBAL_UNCERTAINTY_ASSIGNED_CONTEXT ( ( #5552 ) ) GLOBAL_UNIT_ASSIGNED_CONTEXT ( ( #768, #4775, #1780 ) ) REPRESENTATION_CONTEXT ( 'NONE', 'WORKASPACE' ) );
#247 = ORIENTED_EDGE ( 'NONE', *, *, #3141, .T. ) ;
#248 = PLANE ( 'NONE',  #5290 ) ;
#249 = EDGE_CURVE ( 'NONE', #4478, #3834, #2931, .T. ) ;
#250 = ORIENTED_EDGE ( 'NONE', *, *, #4336, .F. ) ;
#251 = DIRECTION ( 'NONE',  ( 1.000000000000000000, 0.000000000000000000, -2.168404344971008079E-15 ) ) ;
#252 = ADVANCED_FACE ( 'NONE', ( #2242 ), #867, .F. ) ;
#253 = ORIENTED_EDGE ( 'NONE', *, *, #1372, .T. ) ;
#254 = CARTESIAN_POINT ( 'NONE',  ( -1.099999999999999201, 0.000000000000000000, -0.6999999999999998446 ) ) ;
#255 = VECTOR ( 'NONE', #2705, 1000.000000000000000 ) ;
#256 = EDGE_CURVE ( 'NONE', #2255, #5541, #675, .T. ) ;
#257 =( NAMED_UNIT ( * ) PLANE_ANGLE_UNIT ( ) SI_UNIT ( $, .RADIAN. ) );
#258 = DIRECTION ( 'NONE',  ( 1.000000000000000000, -0.000000000000000000, -0.000000000000000000 ) ) ;
#259 = CARTESIAN_POINT ( 'NONE',  ( 0.9000000000000007994, 0.04999999999999999584, 1.100000000000000089 ) ) ;
#260 = DIRECTION ( 'NONE',  ( 0.000000000000000000, 0.000000000000000000, -1.000000000000000000 ) ) ;
#261 = CARTESIAN_POINT ( 'NONE',  ( 0.5000000000000006661, 0.2000000000000000111, -1.100000000000000089 ) ) ;
#262 = ORIENTED_EDGE ( 'NONE', *, *, #5422, .F. ) ;
#263 = VECTOR ( 'NONE', #2116, 1000.000000000000000 ) ;
#264 = DIRECTION ( 'NONE',  ( 1.000000000000000000, 0.000000000000000000, -0.000000000000000000 ) ) ;
#265 = ORIENTED_EDGE ( 'NONE', *, *, #6435, .T. ) ;
#266 = ORIENTED_EDGE ( 'NONE', *, *, #3157, .F. ) ;
#267 = CARTESIAN_POINT ( 'NONE',  ( -0.2999999999999994338, 0.2000000000000000111, -1.100000000000000089 ) ) ;
#268 = UNCERTAINTY_MEASURE_WITH_UNIT (LENGTH_MEASURE( 1.000000000000000082E-05 ), #2562, 'distance_accuracy_value', 'NONE');
#269 = EDGE_CURVE ( 'NONE', #3679, #672, #3401, .T. ) ;
#270 = VECTOR ( 'NONE', #6161, 1000.000000000000000 ) ;
#271 = SURFACE_STYLE_USAGE ( .BOTH. , #3248 ) ;
#272 = DIRECTION ( 'NONE',  ( -1.000000000000000000, 0.000000000000000000, 1.445602896647339163E-16 ) ) ;
#273 = ORIENTED_EDGE ( 'NONE', *, *, #1980, .T. ) ;
#274 = LINE ( 'NONE', #5933, #349 ) ;
#275 = EDGE_LOOP ( 'NONE', ( #3191, #2543, #2097, #6371 ) ) ;
#276 = EDGE_CURVE ( 'NONE', #5072, #6351, #364, .T. ) ;
#277 = ORIENTED_EDGE ( 'NONE', *, *, #5352, .T. ) ;
#278 = CARTESIAN_POINT ( 'NONE',  ( -0.4999999999999995559, 0.6472135954999583829, -1.100000000000000089 ) ) ;
#279 = CARTESIAN_POINT ( 'NONE',  ( -0.09999999999999958922, 0.05000000000000000278, 2.710505431213750300E-17 ) ) ;
#280 = CARTESIAN_POINT ( 'NONE',  ( -0.6999999999999994005, 0.1999999999999999833, -1.100000000000000089 ) ) ;
#281 = VECTOR ( 'NONE', #3618, 1000.000000000000000 ) ;
#282 = VECTOR ( 'NONE', #4448, 1000.000000000000000 ) ;
#283 = ORIENTED_EDGE ( 'NONE', *, *, #817, .T. ) ;
#284 = LINE ( 'NONE', #5764, #5735 ) ;
#285 = STYLED_ITEM ( 'NONE', ( #1137 ), #533 ) ;
#286 = CARTESIAN_POINT ( 'NONE',  ( 1.499999999999999112, 0.6472135954999579388, 0.1000000000000001582 ) ) ;
#287 = ADVANCED_FACE ( 'NONE', ( #2079 ), #1917, .T. ) ;
#288 = VECTOR ( 'NONE', #2172, 1000.000000000000000 ) ;
#289 = VERTEX_POINT ( 'NONE', #1838 ) ;
#290 = DIRECTION ( 'NONE',  ( -1.000000000000000000, 0.000000000000000000, -2.710505431213761578E-16 ) ) ;
#291 = VECTOR ( 'NONE', #4191, 1000.000000000000000 ) ;
#292 = PLANE ( 'NONE',  #5476 ) ;
#293 = LINE ( 'NONE', #4189, #3723 ) ;
#294 = DIRECTION ( 'NONE',  ( 0.000000000000000000, -1.000000000000000000, 0.000000000000000000 ) ) ;
#295 = ORIENTED_EDGE ( 'NONE', *, *, #4263, .T. ) ;
#296 = LINE ( 'NONE', #5112, #5574 ) ;
#297 = CARTESIAN_POINT ( 'NONE',  ( -0.2999999999999993228, 0.1999999999999999833, 1.500000000000000000 ) ) ;
#298 = CARTESIAN_POINT ( 'NONE',  ( 1.499999999999999112, 0.04999999999999969746, 0.7000000000000002887 ) ) ;
#299 = PLANE ( 'NONE',  #4408 ) ;
#300 = VERTEX_POINT ( 'NONE', #382 ) ;
#301 = VECTOR ( 'NONE', #5607, 1000.000000000000000 ) ;
#302 = ORIENTED_EDGE ( 'NONE', *, *, #3938, .F. ) ;
#303 = EDGE_CURVE ( 'NONE', #6265, #1066, #592, .T. ) ;
#304 = ORIENTED_EDGE ( 'NONE', *, *, #5904, .F. ) ;
#305 = VERTEX_POINT ( 'NONE', #5829 ) ;
#306 = LINE ( 'NONE', #936, #314 ) ;
#307 = EDGE_LOOP ( 'NONE', ( #3702, #330, #1600, #688 ) ) ;
#308 = CARTESIAN_POINT ( 'NONE',  ( 1.099999999999999201, 0.1999999999999999833, 0.5000000000000002220 ) ) ;
#309 = EDGE_CURVE ( 'NONE', #2312, #4225, #2391, .T. ) ;
#310 = VERTEX_POINT ( 'NONE', #847 ) ;
#311 = DIRECTION ( 'NONE',  ( 0.000000000000000000, 0.000000000000000000, -1.000000000000000000 ) ) ;
#312 = ADVANCED_FACE ( 'NONE', ( #1227 ), #2836, .F. ) ;
#313 = LINE ( 'NONE', #6332, #5771 ) ;
#314 = VECTOR ( 'NONE', #6403, 1000.000000000000000 ) ;
#315 = EDGE_CURVE ( 'NONE', #3759, #1979, #4514, .T. ) ;
#316 = CARTESIAN_POINT ( 'NONE',  ( 1.499999999999999112, 0.6472135954999579388, 0.5000000000000002220 ) ) ;
#317 = PLANE ( 'NONE',  #1172 ) ;
#318 = DIRECTION ( 'NONE',  ( 5.421010862427523156E-16, -0.000000000000000000, 1.000000000000000000 ) ) ;
#319 = CARTESIAN_POINT ( 'NONE',  ( -0.6999999999999996225, 0.000000000000000000, -1.500000000000000000 ) ) ;
#320 = VERTEX_POINT ( 'NONE', #4827 ) ;
#321 = AXIS2_PLACEMENT_3D ( 'NONE', #2380, #4923, #2873 ) ;
#322 = VECTOR ( 'NONE', #175, 1000.000000000000000 ) ;
#323 = EDGE_CURVE ( 'NONE', #6064, #5985, #1537, .T. ) ;
#324 = EDGE_LOOP ( 'NONE', ( #5345, #857, #1094, #6242 ) ) ;
#325 = VERTEX_POINT ( 'NONE', #4389 ) ;
#326 = ORIENTED_EDGE ( 'NONE', *, *, #3830, .F. ) ;
#327 = LINE ( 'NONE', #1277, #3585 ) ;
#328 = MECHANICAL_DESIGN_GEOMETRIC_PRESENTATION_REPRESENTATION (  '', ( #4474 ), #1338 ) ;
#329 = EDGE_LOOP ( 'NONE', ( #1877, #5001, #704, #716 ) ) ;
#330 = ORIENTED_EDGE ( 'NONE', *, *, #504, .F. ) ;
#331 = VECTOR ( 'NONE', #6117, 1000.000000000000000 ) ;
#332 = ORIENTED_EDGE ( 'NONE', *, *, #303, .T. ) ;
#333 = DIRECTION ( 'NONE',  ( 0.000000000000000000, 1.000000000000000000, 0.000000000000000000 ) ) ;
#334 = DIRECTION ( 'NONE',  ( 0.000000000000000000, -1.000000000000000000, 0.000000000000000000 ) ) ;
#335 = DIRECTION ( 'NONE',  ( 0.000000000000000000, -1.000000000000000000, 0.000000000000000000 ) ) ;
#336 = CARTESIAN_POINT ( 'NONE',  ( -0.2999999999999993228, 0.2000000000000000111, 1.500000000000000000 ) ) ;
#337 = CARTESIAN_POINT ( 'NONE',  ( 0.000000000000000000, 0.2000000000000000111, 0.000000000000000000 ) ) ;
#338 = EDGE_LOOP ( 'NONE', ( #508, #1650, #924, #3414 ) ) ;
#339 = MANIFOLD_SOLID_BREP ( 'LPattern3[8]', #3387 ) ;
#340 = DIRECTION ( 'NONE',  ( -5.421010862427523156E-16, 0.000000000000000000, -1.000000000000000000 ) ) ;
#341 = LINE ( 'NONE', #2824, #6179 ) ;
#342 = ADVANCED_FACE ( 'NONE', ( #4435 ), #6343, .F. ) ;
#343 = VERTEX_POINT ( 'NONE', #2818 ) ;
#344 = CARTESIAN_POINT ( 'NONE',  ( 1.099999999999999201, 0.6472135954999579388, -0.09999999999999993616 ) ) ;
#345 = CARTESIAN_POINT ( 'NONE',  ( -1.499999999999999556, 0.05000000000000000278, 1.500000000000000444 ) ) ;
#346 = ORIENTED_EDGE ( 'NONE', *, *, #2308, .F. ) ;
#347 = EDGE_CURVE ( 'NONE', #4112, #3380, #442, .T. ) ;
#348 = CARTESIAN_POINT ( 'NONE',  ( 1.500000000000000444, 0.8999999999999998002, 1.500000000000000000 ) ) ;
#349 = VECTOR ( 'NONE', #4493, 1000.000000000000000 ) ;
#350 = DIRECTION ( 'NONE',  ( 0.000000000000000000, 1.000000000000000000, 0.000000000000000000 ) ) ;
#351 = VERTEX_POINT ( 'NONE', #887 ) ;
#352 = DIRECTION ( 'NONE',  ( 0.000000000000000000, -1.000000000000000000, 0.000000000000000000 ) ) ;
#353 = COLOUR_RGB ( '',0.7921568627450980005, 0.8196078431372548767, 0.9333333333333333481 ) ;
#354 = LINE ( 'NONE', #4739, #1775 ) ;
#355 = EDGE_CURVE ( 'NONE', #3753, #3804, #4365, .T. ) ;
#356 = DIRECTION ( 'NONE',  ( -2.710505431213761578E-16, 0.000000000000000000, -1.000000000000000000 ) ) ;
#357 = ORIENTED_EDGE ( 'NONE', *, *, #1734, .F. ) ;
#358 = CARTESIAN_POINT ( 'NONE',  ( 0.3000000000000007661, 0.04999999999999999584, 1.100000000000000533 ) ) ;
#359 = LINE ( 'NONE', #286, #2233 ) ;
#360 = LINE ( 'NONE', #1477, #3794 ) ;
#361 = CARTESIAN_POINT ( 'NONE',  ( -1.099999999999999201, 0.6472135954999579388, 0.9000000000000002442 ) ) ;
#362 = ORIENTED_EDGE ( 'NONE', *, *, #777, .T. ) ;
#363 = FACE_OUTER_BOUND ( 'NONE', #2031, .T. ) ;
#364 = LINE ( 'NONE', #4368, #2532 ) ;
#365 = CARTESIAN_POINT ( 'NONE',  ( 0.000000000000000000, 0.2000000000000000111, 0.000000000000000000 ) ) ;
#366 = EDGE_CURVE ( 'NONE', #456, #5934, #5661, .T. ) ;
#367 = CARTESIAN_POINT ( 'NONE',  ( -0.09999999999999917288, 0.000000000000000000, 1.500000000000000444 ) ) ;
#368 = CLOSED_SHELL ( 'NONE', ( #5952, #1395, #836, #775, #6072, #5830 ) ) ;
#369 = CARTESIAN_POINT ( 'NONE',  ( 0.3000000000000005440, 0.2000000000000000111, -1.500000000000000000 ) ) ;
#370 = FACE_OUTER_BOUND ( 'NONE', #2025, .T. ) ;
#371 = ORIENTED_EDGE ( 'NONE', *, *, #3435, .T. ) ;
#372 = MECHANICAL_DESIGN_GEOMETRIC_PRESENTATION_REPRESENTATION (  '', ( #1296 ), #2169 ) ;
#373 = ADVANCED_FACE ( 'NONE', ( #839 ), #3446, .T. ) ;
#374 = VERTEX_POINT ( 'NONE', #1432 ) ;
#375 = PLANE ( 'NONE',  #6159 ) ;
#376 = ORIENTED_EDGE ( 'NONE', *, *, #5207, .T. ) ;
#377 = PLANE ( 'NONE',  #3040 ) ;
#378 = DIRECTION ( 'NONE',  ( 0.000000000000000000, 0.000000000000000000, -1.000000000000000000 ) ) ;
#379 = DIRECTION ( 'NONE',  ( 0.000000000000000000, -1.000000000000000000, 0.000000000000000000 ) ) ;
#380 = VERTEX_POINT ( 'NONE', #5969 ) ;
#381 = ORIENTED_EDGE ( 'NONE', *, *, #1351, .T. ) ;
#382 = CARTESIAN_POINT ( 'NONE',  ( -1.499999999999999112, 0.04999999999999969746, 0.5000000000000002220 ) ) ;
#383 = EDGE_CURVE ( 'NONE', #2533, #2800, #1385, .T. ) ;
#384 = DIRECTION ( 'NONE',  ( -0.000000000000000000, 0.000000000000000000, 1.000000000000000000 ) ) ;
#385 = VERTEX_POINT ( 'NONE', #470 ) ;
#386 = ORIENTED_EDGE ( 'NONE', *, *, #5090, .T. ) ;
#387 = LINE ( 'NONE', #3030, #3662 ) ;
#388 = CARTESIAN_POINT ( 'NONE',  ( 0.000000000000000000, 0.2000000000000000111, 0.000000000000000000 ) ) ;
#389 = VERTEX_POINT ( 'NONE', #12 ) ;
#390 = LINE ( 'NONE', #835, #618 ) ;
#391 = DIRECTION ( 'NONE',  ( -2.710505431213761578E-16, 0.000000000000000000, 1.000000000000000000 ) ) ;
#392 = EDGE_CURVE ( 'NONE', #672, #2087, #1702, .T. ) ;
#393 = DIRECTION ( 'NONE',  ( 0.000000000000000000, -1.000000000000000000, 0.000000000000000000 ) ) ;
#394 = EDGE_LOOP ( 'NONE', ( #5976, #59, #448, #3985 ) ) ;
#395 = LINE ( 'NONE', #5399, #5156 ) ;
#396 = CARTESIAN_POINT ( 'NONE',  ( 1.499999999999999112, 0.6472135954999579388, 0.7000000000000002887 ) ) ;
#397 = DIRECTION ( 'NONE',  ( -1.000000000000000000, 0.000000000000000000, 0.000000000000000000 ) ) ;
#398 = ORIENTED_EDGE ( 'NONE', *, *, #4449, .F. ) ;
#399 = AXIS2_PLACEMENT_3D ( 'NONE', #4823, #318, #4805 ) ;
#400 = ORIENTED_EDGE ( 'NONE', *, *, #4341, .T. ) ;
#401 = EDGE_CURVE ( 'NONE', #1011, #3299, #5961, .T. ) ;
#402 = FACE_OUTER_BOUND ( 'NONE', #1263, .T. ) ;
#403 = CARTESIAN_POINT ( 'NONE',  ( -1.499999999999999112, 0.6472135954999579388, 0.9000000000000002442 ) ) ;
#404 = CARTESIAN_POINT ( 'NONE',  ( -0.8999999999999993561, 0.2000000000000000111, 1.100000000000000533 ) ) ;
#405 = ADVANCED_FACE ( 'NONE', ( #5348 ), #1027, .F. ) ;
#406 = ORIENTED_EDGE ( 'NONE', *, *, #3903, .F. ) ;
#407 = DIRECTION ( 'NONE',  ( 1.000000000000000000, -0.000000000000000000, -2.168404344971010446E-15 ) ) ;
#408 = LINE ( 'NONE', #3873, #2430 ) ;
#409 = DIRECTION ( 'NONE',  ( -2.710505431213761578E-16, 0.000000000000000000, 1.000000000000000000 ) ) ;
#410 = CARTESIAN_POINT ( 'NONE',  ( 0.000000000000000000, 0.000000000000000000, 1.200000000000000178 ) ) ;
#411 = ORIENTED_EDGE ( 'NONE', *, *, #3279, .T. ) ;
#412 = VECTOR ( 'NONE', #1139, 1000.000000000000000 ) ;
#413 = LINE ( 'NONE', #2093, #4804 ) ;
#414 = SURFACE_SIDE_STYLE ('',( #1084 ) ) ;
#415 = ORIENTED_EDGE ( 'NONE', *, *, #5628, .T. ) ;
#416 = AXIS2_PLACEMENT_3D ( 'NONE', #3170, #214, #3696 ) ;
#417 = CARTESIAN_POINT ( 'NONE',  ( -0.8999999999999995781, 0.04999999999999999584, -1.100000000000000089 ) ) ;
#418 = EDGE_CURVE ( 'NONE', #374, #5678, #4746, .T. ) ;
#419 = FACE_OUTER_BOUND ( 'NONE', #4522, .T. ) ;
#420 = FACE_OUTER_BOUND ( 'NONE', #5241, .T. ) ;
#421 = ORIENTED_EDGE ( 'NONE', *, *, #2472, .F. ) ;
#422 = CARTESIAN_POINT ( 'NONE',  ( 0.8499999999999997558, 0.000000000000000000, -0.8499999999999997558 ) ) ;
#423 = ORIENTED_EDGE ( 'NONE', *, *, #5267, .T. ) ;
#424 = CARTESIAN_POINT ( 'NONE',  ( -0.2999999999999992117, 0.000000000000000000, 1.100000000000000089 ) ) ;
#425 = CARTESIAN_POINT ( 'NONE',  ( 0.1000000000000003664, 0.2000000000000000111, -1.500000000000000000 ) ) ;
#426 = LINE ( 'NONE', #5915, #4348 ) ;
#427 = AXIS2_PLACEMENT_3D ( 'NONE', #5126, #6254, #2258 ) ;
#428 = DIRECTION ( 'NONE',  ( 0.000000000000000000, 1.000000000000000000, 0.000000000000000000 ) ) ;
#429 = EDGE_CURVE ( 'NONE', #995, #6392, #2845, .T. ) ;
#430 = ORIENTED_EDGE ( 'NONE', *, *, #3054, .T. ) ;
#431 = DIRECTION ( 'NONE',  ( 1.000000000000000000, 0.000000000000000000, 0.000000000000000000 ) ) ;
#432 = LINE ( 'NONE', #2796, #3945 ) ;
#433 = VECTOR ( 'NONE', #126, 1000.000000000000000 ) ;
#434 = LINE ( 'NONE', #6338, #5562 ) ;
#435 = CARTESIAN_POINT ( 'NONE',  ( -0.4999999999999995559, 0.2000000000000000111, -1.100000000000000089 ) ) ;
#436 = EDGE_LOOP ( 'NONE', ( #400, #3785, #1857, #295 ) ) ;
#437 = DIRECTION ( 'NONE',  ( 0.000000000000000000, -0.000000000000000000, -1.000000000000000000 ) ) ;
#438 = ADVANCED_FACE ( 'NONE', ( #2459 ), #1996, .F. ) ;
#439 = LINE ( 'NONE', #5120, #6042 ) ;
#440 = EDGE_CURVE ( 'NONE', #3472, #106, #4897, .T. ) ;
#441 = VECTOR ( 'NONE', #1313, 1000.000000000000000 ) ;
#442 = LINE ( 'NONE', #361, #2164 ) ;
#443 = EDGE_CURVE ( 'NONE', #2529, #5506, #510, .T. ) ;
#444 = CARTESIAN_POINT ( 'NONE',  ( 0.5000000000000008882, 0.6472135954999583829, 1.100000000000000089 ) ) ;
#445 = VERTEX_POINT ( 'NONE', #2483 ) ;
#446 = LINE ( 'NONE', #3142, #2783 ) ;
#447 = DIRECTION ( 'NONE',  ( -0.000000000000000000, 0.000000000000000000, 1.000000000000000000 ) ) ;
#448 = ORIENTED_EDGE ( 'NONE', *, *, #1568, .T. ) ;
#449 = DIRECTION ( 'NONE',  ( 0.000000000000000000, 0.000000000000000000, 1.000000000000000000 ) ) ;
#450 = DIRECTION ( 'NONE',  ( 1.275531967630005245E-16, 0.000000000000000000, -1.000000000000000000 ) ) ;
#451 = AXIS2_PLACEMENT_3D ( 'NONE', #5655, #3179, #2623 ) ;
#452 = ORIENTED_EDGE ( 'NONE', *, *, #1924, .F. ) ;
#453 = DIRECTION ( 'NONE',  ( 0.000000000000000000, 1.000000000000000000, 0.000000000000000000 ) ) ;
#454 = VECTOR ( 'NONE', #3685, 1000.000000000000000 ) ;
#455 = ORIENTED_EDGE ( 'NONE', *, *, #1173, .F. ) ;
#456 = VERTEX_POINT ( 'NONE', #5011 ) ;
#457 = EDGE_CURVE ( 'NONE', #2291, #2376, #4359, .T. ) ;
#458 = DIRECTION ( 'NONE',  ( 1.000000000000000000, 0.000000000000000000, 0.000000000000000000 ) ) ;
#459 = AXIS2_PLACEMENT_3D ( 'NONE', #4145, #1661, #2696 ) ;
#460 = ORIENTED_EDGE ( 'NONE', *, *, #2040, .T. ) ;
#461 = CARTESIAN_POINT ( 'NONE',  ( 0.7000000000000005107, 0.2000000000000000111, -1.100000000000000089 ) ) ;
#462 = LINE ( 'NONE', #6245, #4309 ) ;
#463 = DIRECTION ( 'NONE',  ( -1.000000000000000000, 0.000000000000000000, 2.168404344971008079E-15 ) ) ;
#464 = CLOSED_SHELL ( 'NONE', ( #2135, #2618, #2008, #4780, #3467, #3806, #1612, #806, #1264, #1977, #5546, #4838, #3452, #6013, #4475, #5863, #6141, #5921, #2041, #4811, #3838, #4630, #5699, #4143, #405, #2070, #1886, #3998, #1516, #3439, #1967, #4745, #5737, #2973, #5136, #28, #498, #1334, #3640, #5371, #4353, #4012, #2367, #1800, #3037, #3289, #4168, #933, #138, #3218, #5021, #627, #2878, #1552, #5664, #3714, #5797, #2726, #4181, #2102, #3969, #287, #3681, #4504, #1050, #2851, #2342, #2424, #5892, #2819, #4292, #1993, #4061, #1682, #705, #373, #5308, #5770, #3007, #2915, #148, #3378, #4252, #4443, #5007, #2609, #2692, #2485, #1648, #636, #4219 ) ) ;
#465 = CARTESIAN_POINT ( 'NONE',  ( 0.5000000000000007772, 0.1999999999999999833, 1.500000000000000000 ) ) ;
#466 = ORIENTED_EDGE ( 'NONE', *, *, #1689, .F. ) ;
#467 = LINE ( 'NONE', #4280, #2105 ) ;
#469 = LINE ( 'NONE', #764, #3184 ) ;
#468 = AXIS2_PLACEMENT_3D ( 'NONE', #3084, #1128, #2572 ) ;
#470 = CARTESIAN_POINT ( 'NONE',  ( 1.500000000000000444, 0.05000000000000000278, 1.500000000000000000 ) ) ;
#471 = EDGE_CURVE ( 'NONE', #1553, #300, #1693, .T. ) ;
#472 = DIRECTION ( 'NONE',  ( 2.710505431213761578E-16, -0.000000000000000000, -1.000000000000000000 ) ) ;
#473 = ADVANCED_FACE ( 'NONE', ( #2694 ), #2504, .F. ) ;
#474 = VERTEX_POINT ( 'NONE', #5478 ) ;
#475 = COLOUR_RGB ( '',0.7921568627450980005, 0.8196078431372548767, 0.9333333333333333481 ) ;
#476 = DIRECTION ( 'NONE',  ( -1.000000000000000000, 0.000000000000000000, 2.168404344971008079E-15 ) ) ;
#477 = ORIENTED_EDGE ( 'NONE', *, *, #3258, .T. ) ;
#478 = VERTEX_POINT ( 'NONE', #2465 ) ;
#479 = VERTEX_POINT ( 'NONE', #6441 ) ;
#480 = EDGE_CURVE ( 'NONE', #1149, #4128, #360, .T. ) ;
#481 = LINE ( 'NONE', #3476, #6317 ) ;
#482 = DIRECTION ( 'NONE',  ( 2.710505431213761578E-16, 0.000000000000000000, 1.000000000000000000 ) ) ;
#483 = VERTEX_POINT ( 'NONE', #4948 ) ;
#484 = ORIENTED_EDGE ( 'NONE', *, *, #77, .F. ) ;
#485 = DIRECTION ( 'NONE',  ( 5.421010862427523156E-16, -0.000000000000000000, 1.000000000000000000 ) ) ;
#486 = ORIENTED_EDGE ( 'NONE', *, *, #2181, .T. ) ;
#487 = CARTESIAN_POINT ( 'NONE',  ( -1.099999999999999201, 0.6472135954999579388, -0.6999999999999998446 ) ) ;
#488 = DIRECTION ( 'NONE',  ( 1.000000000000000000, 0.000000000000000000, 0.000000000000000000 ) ) ;
#489 = PLANE ( 'NONE',  #5894 ) ;
#490 = DIRECTION ( 'NONE',  ( -0.000000000000000000, -1.000000000000000000, -0.000000000000000000 ) ) ;
#491 = VERTEX_POINT ( 'NONE', #5712 ) ;
#492 = AXIS2_PLACEMENT_3D ( 'NONE', #4165, #3220, #3703 ) ;
#493 = FACE_OUTER_BOUND ( 'NONE', #4931, .T. ) ;
#494 = VERTEX_POINT ( 'NONE', #4097 ) ;
#495 = ORIENTED_EDGE ( 'NONE', *, *, #184, .T. ) ;
#496 = DIRECTION ( 'NONE',  ( -1.000000000000000000, 0.000000000000000000, 5.421010862427523156E-16 ) ) ;
#497 = CARTESIAN_POINT ( 'NONE',  ( -0.8500000000000001998, 0.05000000000000012768, 0.8499999999999999778 ) ) ;
#498 = ADVANCED_FACE ( 'NONE', ( #4196 ), #3135, .T. ) ;
#499 = FACE_OUTER_BOUND ( 'NONE', #6246, .T. ) ;
#500 = CARTESIAN_POINT ( 'NONE',  ( -0.8999999999999995781, 0.04999999999999999584, -1.500000000000000000 ) ) ;
#501 = DIRECTION ( 'NONE',  ( 0.000000000000000000, 0.000000000000000000, 1.000000000000000000 ) ) ;
#502 = ORIENTED_EDGE ( 'NONE', *, *, #1447, .T. ) ;
#503 = CARTESIAN_POINT ( 'NONE',  ( -1.499999999999999556, 0.05000000000000000278, 1.500000000000000444 ) ) ;
#504 = EDGE_CURVE ( 'NONE', #3023, #343, #2999, .T. ) ;
#505 = LINE ( 'NONE', #5717, #4819 ) ;
#506 = VECTOR ( 'NONE', #5362, 1000.000000000000000 ) ;
#507 = CARTESIAN_POINT ( 'NONE',  ( 0.5000000000000007772, 0.000000000000000000, 1.500000000000000000 ) ) ;
#508 = ORIENTED_EDGE ( 'NONE', *, *, #2936, .T. ) ;
#509 = VECTOR ( 'NONE', #3595, 1000.000000000000000 ) ;
#510 = LINE ( 'NONE', #1008, #122 ) ;
#511 = CARTESIAN_POINT ( 'NONE',  ( -0.4999999999999991673, 0.2000000000000000111, 1.500000000000000444 ) ) ;
#512 = CARTESIAN_POINT ( 'NONE',  ( 1.500000000000000444, 0.1999999999999996503, -0.1000000000000000472 ) ) ;
#513 = EDGE_CURVE ( 'NONE', #5541, #5934, #5483, .T. ) ;
#514 = ADVANCED_FACE ( 'NONE', ( #912 ), #6385, .F. ) ;
#515 = ORIENTED_EDGE ( 'NONE', *, *, #2621, .F. ) ;
#516 = VECTOR ( 'NONE', #1684, 1000.000000000000000 ) ;
#517 = DIRECTION ( 'NONE',  ( -0.000000000000000000, -1.000000000000000000, -0.000000000000000000 ) ) ;
#518 = ORIENTED_EDGE ( 'NONE', *, *, #3899, .F. ) ;
#519 = FILL_AREA_STYLE ('',( #2497 ) ) ;
#520 = LINE ( 'NONE', #4655, #5429 ) ;
#521 = ORIENTED_EDGE ( 'NONE', *, *, #6028, .T. ) ;
#522 = DIRECTION ( 'NONE',  ( -0.000000000000000000, -1.000000000000000000, -0.000000000000000000 ) ) ;
#523 = PLANE ( 'NONE',  #6364 ) ;
#524 = ORIENTED_EDGE ( 'NONE', *, *, #6393, .F. ) ;
#525 = CARTESIAN_POINT ( 'NONE',  ( 1.499999999999999112, 0.6472135954999580498, -0.2999999999999998779 ) ) ;
#526 = ORIENTED_EDGE ( 'NONE', *, *, #4500, .T. ) ;
#527 = ADVANCED_FACE ( 'NONE', ( #4661 ), #2425, .F. ) ;
#528 = LINE ( 'NONE', #1462, #2019 ) ;
#529 = VERTEX_POINT ( 'NONE', #3392 ) ;
#530 = CARTESIAN_POINT ( 'NONE',  ( 1.600000000000000089, 0.2000000000000000111, 0.000000000000000000 ) ) ;
#531 = DIRECTION ( 'NONE',  ( 1.000000000000000000, -0.000000000000000000, 0.000000000000000000 ) ) ;
#532 = VERTEX_POINT ( 'NONE', #1116 ) ;
#533 = MANIFOLD_SOLID_BREP ( 'LPattern3[2]', #1887 ) ;
#534 = ORIENTED_EDGE ( 'NONE', *, *, #2727, .T. ) ;
#535 = ORIENTED_EDGE ( 'NONE', *, *, #4038, .F. ) ;
#536 = LINE ( 'NONE', #2953, #5681 ) ;
#537 = LINE ( 'NONE', #1934, #1007 ) ;
#538 =( GEOMETRIC_REPRESENTATION_CONTEXT ( 3 ) GLOBAL_UNCERTAINTY_ASSIGNED_CONTEXT ( ( #742 ) ) GLOBAL_UNIT_ASSIGNED_CONTEXT ( ( #4773, #2765, #2294 ) ) REPRESENTATION_CONTEXT ( 'NONE', 'WORKASPACE' ) );
#539 = FILL_AREA_STYLE ('',( #2068 ) ) ;
#540 = EDGE_LOOP ( 'NONE', ( #634, #1272, #4534, #4464 ) ) ;
#541 = DIRECTION ( 'NONE',  ( 0.000000000000000000, -0.000000000000000000, 1.000000000000000000 ) ) ;
#542 = VECTOR ( 'NONE', #5759, 1000.000000000000000 ) ;
#543 = DIRECTION ( 'NONE',  ( -0.000000000000000000, -0.000000000000000000, 1.000000000000000000 ) ) ;
#544 = CARTESIAN_POINT ( 'NONE',  ( -1.499999999999999112, 0.1999999999999999833, 0.5000000000000002220 ) ) ;
#545 = CARTESIAN_POINT ( 'NONE',  ( -1.499999999999999556, 0.1999999999999996503, -0.2999999999999997113 ) ) ;
#546 = ORIENTED_EDGE ( 'NONE', *, *, #4043, .T. ) ;
#547 = AXIS2_PLACEMENT_3D ( 'NONE', #3137, #6055, #5596 ) ;
#548 = LINE ( 'NONE', #2551, #2654 ) ;
#549 = EDGE_CURVE ( 'NONE', #389, #1540, #3626, .T. ) ;
#550 = CARTESIAN_POINT ( 'NONE',  ( -1.499999999999999112, 0.000000000000000000, -0.2999999999999998779 ) ) ;
#551 = ORIENTED_EDGE ( 'NONE', *, *, #2403, .T. ) ;
#552 = ORIENTED_EDGE ( 'NONE', *, *, #3099, .T. ) ;
#553 = DIRECTION ( 'NONE',  ( 0.000000000000000000, 0.000000000000000000, 1.000000000000000000 ) ) ;
#554 = LINE ( 'NONE', #3528, #1023 ) ;
#555 = ORIENTED_EDGE ( 'NONE', *, *, #2454, .F. ) ;
#556 = EDGE_CURVE ( 'NONE', #5125, #4831, #2316, .T. ) ;
#557 = LINE ( 'NONE', #4966, #5528 ) ;
#558 = DIRECTION ( 'NONE',  ( -1.000000000000000000, 0.000000000000000000, -0.000000000000000000 ) ) ;
#559 = DIRECTION ( 'NONE',  ( -1.000000000000000000, 0.000000000000000000, -0.000000000000000000 ) ) ;
#560 = DIRECTION ( 'NONE',  ( 1.000000000000000000, 0.000000000000000000, -1.445602896647339163E-16 ) ) ;
#561 = EDGE_LOOP ( 'NONE', ( #5813, #3810, #1951, #2490 ) ) ;
#562 = CARTESIAN_POINT ( 'NONE',  ( 1.099999999999999201, 0.6472135954999579388, 0.9000000000000002442 ) ) ;
#563 = CARTESIAN_POINT ( 'NONE',  ( -0.6999999999999992895, 0.2000000000000000111, 1.500000000000000000 ) ) ;
#564 = FACE_OUTER_BOUND ( 'NONE', #2791, .T. ) ;
#565 = AXIS2_PLACEMENT_3D ( 'NONE', #3524, #4034, #5060 ) ;
#566 = ORIENTED_EDGE ( 'NONE', *, *, #1447, .F. ) ;
#567 = EDGE_CURVE ( 'NONE', #3461, #4743, #5652, .T. ) ;
#568 = VECTOR ( 'NONE', #2676, 1000.000000000000000 ) ;
#569 = SURFACE_SIDE_STYLE ('',( #6115 ) ) ;
#570 = CARTESIAN_POINT ( 'NONE',  ( -0.2999999999999994338, 0.1999999999999999833, -1.100000000000000089 ) ) ;
#571 = CARTESIAN_POINT ( 'NONE',  ( 0.000000000000000000, 0.05000000000000000278, -1.100000000000000089 ) ) ;
#572 = ORIENTED_EDGE ( 'NONE', *, *, #931, .T. ) ;
#573 = CARTESIAN_POINT ( 'NONE',  ( -0.2999999999999996558, 0.2000000000000000111, -1.500000000000000000 ) ) ;
#574 = EDGE_CURVE ( 'NONE', #6335, #4007, #5277, .T. ) ;
#575 = ORIENTED_EDGE ( 'NONE', *, *, #5051, .T. ) ;
#576 = AXIS2_PLACEMENT_3D ( 'NONE', #3987, #4999, #1488 ) ;
#577 = SURFACE_STYLE_FILL_AREA ( #5081 ) ;
#578 = DIRECTION ( 'NONE',  ( -1.000000000000000000, -0.000000000000000000, -5.421010862427523156E-16 ) ) ;
#579 = ORIENTED_EDGE ( 'NONE', *, *, #5430, .F. ) ;
#580 = CARTESIAN_POINT ( 'NONE',  ( 1.500000000000000444, 0.05000000000000000278, 1.500000000000000000 ) ) ;
#581 = CARTESIAN_POINT ( 'NONE',  ( -1.099999999999999201, 0.6472135954999579388, -0.09999999999999993616 ) ) ;
#582 = LINE ( 'NONE', #2349, #2314 ) ;
#583 = DIRECTION ( 'NONE',  ( -2.710505431213761578E-16, 0.000000000000000000, 1.000000000000000000 ) ) ;
#584 = LINE ( 'NONE', #4330, #984 ) ;
#585 = LINE ( 'NONE', #2348, #4820 ) ;
#586 = AXIS2_PLACEMENT_3D ( 'NONE', #5261, #732, #3211 ) ;
#587 = CARTESIAN_POINT ( 'NONE',  ( -1.626303258728254432E-16, 0.05000000000000000278, 0.2999999999999995448 ) ) ;
#588 = EDGE_CURVE ( 'NONE', #6079, #617, #1308, .T. ) ;
#589 = EDGE_LOOP ( 'NONE', ( #3334, #5627, #1802, #575 ) ) ;
#590 = VECTOR ( 'NONE', #3575, 1000.000000000000000 ) ;
#591 = VECTOR ( 'NONE', #4287, 1000.000000000000000 ) ;
#592 = LINE ( 'NONE', #4889, #5488 ) ;
#593 =( NAMED_UNIT ( * ) SI_UNIT ( $, .STERADIAN. ) SOLID_ANGLE_UNIT ( ) );
#594 = ORIENTED_EDGE ( 'NONE', *, *, #3435, .F. ) ;
#595 = CARTESIAN_POINT ( 'NONE',  ( 1.499999999999999112, 0.6472135954999579388, 0.5000000000000002220 ) ) ;
#596 = VECTOR ( 'NONE', #3415, 1000.000000000000000 ) ;
#597 = EDGE_CURVE ( 'NONE', #5133, #289, #6425, .T. ) ;
#598 = CARTESIAN_POINT ( 'NONE',  ( -1.099999999999999201, 0.6472135954999579388, 0.9000000000000002442 ) ) ;
#599 = ORIENTED_EDGE ( 'NONE', *, *, #3558, .F. ) ;
#600 = VERTEX_POINT ( 'NONE', #2662 ) ;
#601 = VECTOR ( 'NONE', #1473, 1000.000000000000000 ) ;
#602 = ORIENTED_EDGE ( 'NONE', *, *, #6017, .T. ) ;
#603 = PLANE ( 'NONE',  #1677 ) ;
#604 = DIRECTION ( 'NONE',  ( 5.421010862427523156E-16, 0.000000000000000000, 1.000000000000000000 ) ) ;
#605 = CARTESIAN_POINT ( 'NONE',  ( -1.499999999999999112, 0.6472135954999579388, 0.1000000000000001582 ) ) ;
#606 = AXIS2_PLACEMENT_3D ( 'NONE', #444, #1387, #1911 ) ;
#607 = ORIENTED_EDGE ( 'NONE', *, *, #6311, .F. ) ;
#608 = FILL_AREA_STYLE_COLOUR ( '', #2901 ) ;
#609 = DIRECTION ( 'NONE',  ( -1.000000000000000000, 0.000000000000000000, -1.275531967630005245E-16 ) ) ;
#610 = DIRECTION ( 'NONE',  ( 1.000000000000000000, -0.000000000000000000, 5.421010862427523156E-16 ) ) ;
#611 = ORIENTED_EDGE ( 'NONE', *, *, #964, .F. ) ;
#612 = VECTOR ( 'NONE', #197, 1000.000000000000000 ) ;
#613 = ORIENTED_EDGE ( 'NONE', *, *, #4887, .T. ) ;
#614 = PLANE ( 'NONE',  #5567 ) ;
#615 = DIRECTION ( 'NONE',  ( 0.000000000000000000, 0.000000000000000000, 1.000000000000000000 ) ) ;
#616 = AXIS2_PLACEMENT_3D ( 'NONE', #2234, #3207, #3230 ) ;
#617 = VERTEX_POINT ( 'NONE', #4259 ) ;
#618 = VECTOR ( 'NONE', #4859, 1000.000000000000000 ) ;
#619 = DIRECTION ( 'NONE',  ( -1.000000000000000000, 0.000000000000000000, 5.421010862427523156E-16 ) ) ;
#620 = VERTEX_POINT ( 'NONE', #2195 ) ;
#621 = ORIENTED_EDGE ( 'NONE', *, *, #5375, .T. ) ;
#622 = LINE ( 'NONE', #1633, #2487 ) ;
#623 = AXIS2_PLACEMENT_3D ( 'NONE', #4463, #5453, #3061 ) ;
#624 = EDGE_CURVE ( 'NONE', #1258, #6104, #3325, .T. ) ;
#625 = DIRECTION ( 'NONE',  ( -0.000000000000000000, -1.000000000000000000, -0.000000000000000000 ) ) ;
#626 = DIRECTION ( 'NONE',  ( -5.421010862427523156E-16, 0.000000000000000000, -1.000000000000000000 ) ) ;
#627 = ADVANCED_FACE ( 'NONE', ( #6197 ), #4691, .T. ) ;
#628 = VERTEX_POINT ( 'NONE', #1745 ) ;
#629 = DIRECTION ( 'NONE',  ( -0.000000000000000000, -1.000000000000000000, -0.000000000000000000 ) ) ;
#630 = CARTESIAN_POINT ( 'NONE',  ( -1.099999999999999201, 0.1999999999999999833, 0.1000000000000001582 ) ) ;
#631 = ORIENTED_EDGE ( 'NONE', *, *, #3080, .T. ) ;
#632 = CARTESIAN_POINT ( 'NONE',  ( -1.499999999999999112, 0.1999999999999999833, 0.1000000000000001582 ) ) ;
#633 = LINE ( 'NONE', #4255, #3035 ) ;
#634 = ORIENTED_EDGE ( 'NONE', *, *, #1276, .T. ) ;
#635 = CARTESIAN_POINT ( 'NONE',  ( -1.099999999999999201, 0.1999999999999999833, -0.9000000000000000222 ) ) ;
#636 = ADVANCED_FACE ( 'NONE', ( #3544 ), #4187, .T. ) ;
#637 = ORIENTED_EDGE ( 'NONE', *, *, #3177, .T. ) ;
#638 = EDGE_CURVE ( 'NONE', #478, #4087, #1052, .T. ) ;
#639 = DIRECTION ( 'NONE',  ( 0.000000000000000000, -1.000000000000000000, 0.000000000000000000 ) ) ;
#640 = VECTOR ( 'NONE', #2743, 1000.000000000000000 ) ;
#641 = DIRECTION ( 'NONE',  ( 1.000000000000000000, 0.000000000000000000, 5.421010862427523156E-16 ) ) ;
#642 = DIRECTION ( 'NONE',  ( 1.000000000000000000, -0.000000000000000000, -0.000000000000000000 ) ) ;
#643 = DIRECTION ( 'NONE',  ( 1.000000000000000000, -0.000000000000000000, 0.000000000000000000 ) ) ;
#644 = EDGE_LOOP ( 'NONE', ( #421, #4490, #2816, #2552 ) ) ;
#645 = EDGE_CURVE ( 'NONE', #1005, #4396, #668, .T. ) ;
#646 = DIRECTION ( 'NONE',  ( 2.710505431213761578E-16, -0.000000000000000000, -1.000000000000000000 ) ) ;
#647 = LINE ( 'NONE', #2035, #4950 ) ;
#648 = EDGE_LOOP ( 'NONE', ( #1982, #1873, #2833, #2680 ) ) ;
#649 = EDGE_CURVE ( 'NONE', #6064, #4590, #1854, .T. ) ;
#650 = DIRECTION ( 'NONE',  ( 1.000000000000000000, 0.000000000000000000, 1.275531967630005245E-16 ) ) ;
#651 = CARTESIAN_POINT ( 'NONE',  ( 0.5000000000000008882, 0.2000000000000000111, 1.100000000000000089 ) ) ;
#652 = CARTESIAN_POINT ( 'NONE',  ( -1.099999999999999201, 0.05000000000000002359, -0.09999999999999993616 ) ) ;
#653 = ORIENTED_EDGE ( 'NONE', *, *, #1753, .F. ) ;
#654 = CARTESIAN_POINT ( 'NONE',  ( -0.8999999999999992450, 0.000000000000000000, 1.500000000000000444 ) ) ;
#655 = ORIENTED_EDGE ( 'NONE', *, *, #5375, .F. ) ;
#656 = LINE ( 'NONE', #1042, #3235 ) ;
#657 = VECTOR ( 'NONE', #6250, 1000.000000000000000 ) ;
#658 = EDGE_LOOP ( 'NONE', ( #3265, #515, #5831, #376 ) ) ;
#659 = ORIENTED_EDGE ( 'NONE', *, *, #6348, .T. ) ;
#660 = ADVANCED_FACE ( 'NONE', ( #4190 ), #4766, .F. ) ;
#661 = CARTESIAN_POINT ( 'NONE',  ( -1.099999999999999201, 0.6472135954999579388, -0.9000000000000000222 ) ) ;
#662 = FACE_OUTER_BOUND ( 'NONE', #3433, .T. ) ;
#663 = CARTESIAN_POINT ( 'NONE',  ( 0.3000000000000005440, 0.04999999999999969746, -1.500000000000000000 ) ) ;
#664 = AXIS2_PLACEMENT_3D ( 'NONE', #410, #5899, #1437 ) ;
#665 = ORIENTED_EDGE ( 'NONE', *, *, #940, .F. ) ;
#666 = LINE ( 'NONE', #2590, #3468 ) ;
#667 = ADVANCED_FACE ( 'NONE', ( #5888 ), #5692, .F. ) ;
#668 = LINE ( 'NONE', #1672, #3162 ) ;
#669 = CARTESIAN_POINT ( 'NONE',  ( -1.499999999999999112, 0.1999999999999999833, 0.3000000000000003775 ) ) ;
#670 = CARTESIAN_POINT ( 'NONE',  ( -0.2999999999999994338, 0.2000000000000000111, -1.100000000000000089 ) ) ;
#671 = CARTESIAN_POINT ( 'NONE',  ( 0.1000000000000003664, 0.1999999999999999833, -1.500000000000000000 ) ) ;
#672 = VERTEX_POINT ( 'NONE', #5239 ) ;
#673 = FACE_OUTER_BOUND ( 'NONE', #3617, .T. ) ;
#674 = CARTESIAN_POINT ( 'NONE',  ( -1.099999999999999201, 0.2000000000000000944, -0.2999999999999998779 ) ) ;
#675 = LINE ( 'NONE', #4429, #4756 ) ;
#676 = PLANE ( 'NONE',  #4426 ) ;
#677 = EDGE_CURVE ( 'NONE', #1716, #4936, #4014, .T. ) ;
#678 = ORIENTED_EDGE ( 'NONE', *, *, #13, .T. ) ;
#679 = CARTESIAN_POINT ( 'NONE',  ( -1.099999999999999201, 0.6472135954999579388, 0.9000000000000002442 ) ) ;
#680 = DIRECTION ( 'NONE',  ( -1.000000000000000000, 0.000000000000000000, 5.421010862427523156E-16 ) ) ;
#681 = EDGE_LOOP ( 'NONE', ( #1809, #2829, #3966, #2630 ) ) ;
#682 =( LENGTH_UNIT ( ) NAMED_UNIT ( * ) SI_UNIT ( .MILLI., .METRE. ) );
#683 = CARTESIAN_POINT ( 'NONE',  ( -1.499999999999999556, 6.042640687119285481, 1.500000000000000444 ) ) ;
#684 = DIRECTION ( 'NONE',  ( 1.000000000000000000, 0.000000000000000000, -2.168404344971008079E-15 ) ) ;
#685 = PLANE ( 'NONE',  #5297 ) ;
#686 = VERTEX_POINT ( 'NONE', #2710 ) ;
#687 = EDGE_CURVE ( 'NONE', #5486, #6041, #2990, .T. ) ;
#688 = ORIENTED_EDGE ( 'NONE', *, *, #1192, .T. ) ;
#689 = FACE_OUTER_BOUND ( 'NONE', #2807, .T. ) ;
#690 = EDGE_LOOP ( 'NONE', ( #168, #886, #1843, #151 ) ) ;
#691 = ORIENTED_EDGE ( 'NONE', *, *, #3090, .T. ) ;
#692 = CARTESIAN_POINT ( 'NONE',  ( 1.500000000000000444, 6.042640687119285481, -1.500000000000000000 ) ) ;
#693 = DIRECTION ( 'NONE',  ( 1.000000000000000000, -0.000000000000000000, 0.000000000000000000 ) ) ;
#694 = EDGE_LOOP ( 'NONE', ( #2331, #3944, #4245, #1463 ) ) ;
#695 = VERTEX_POINT ( 'NONE', #234 ) ;
#696 = STYLED_ITEM ( 'NONE', ( #1666 ), #1905 ) ;
#697 = LINE ( 'NONE', #3058, #3025 ) ;
#698 = CARTESIAN_POINT ( 'NONE',  ( -1.499999999999999556, 0.1999999999999996503, -0.7000000000000000666 ) ) ;
#699 = FACE_OUTER_BOUND ( 'NONE', #112, .T. ) ;
#700 = CARTESIAN_POINT ( 'NONE',  ( -1.499999999999999112, 0.04999999999999991257, -0.4999999999999997780 ) ) ;
#701 = DIRECTION ( 'NONE',  ( 0.000000000000000000, -1.000000000000000000, 0.000000000000000000 ) ) ;
#702 = EDGE_CURVE ( 'NONE', #3434, #2381, #354, .T. ) ;
#703 = EDGE_CURVE ( 'NONE', #2141, #81, #752, .T. ) ;
#704 = ORIENTED_EDGE ( 'NONE', *, *, #3253, .F. ) ;
#705 = ADVANCED_FACE ( 'NONE', ( #662 ), #5151, .F. ) ;
#706 = LINE ( 'NONE', #3298, #3902 ) ;
#707 = PLANE ( 'NONE',  #5683 ) ;
#708 = AXIS2_PLACEMENT_3D ( 'NONE', #2512, #6000, #6409 ) ;
#709 = CARTESIAN_POINT ( 'NONE',  ( -0.6999999999999992895, 0.6472135954999583829, 1.500000000000000000 ) ) ;
#710 = CARTESIAN_POINT ( 'NONE',  ( 1.099999999999999201, 0.6472135954999579388, -0.9000000000000000222 ) ) ;
#711 = CARTESIAN_POINT ( 'NONE',  ( -0.2999999999999994338, 0.1999999999999999833, -1.100000000000000089 ) ) ;
#712 = ORIENTED_EDGE ( 'NONE', *, *, #6102, .T. ) ;
#713 = FACE_OUTER_BOUND ( 'NONE', #6209, .T. ) ;
#714 = CARTESIAN_POINT ( 'NONE',  ( -1.499999999999999556, 0.8999999999999998002, 1.500000000000000444 ) ) ;
#715 = ORIENTED_EDGE ( 'NONE', *, *, #98, .T. ) ;
#716 = ORIENTED_EDGE ( 'NONE', *, *, #895, .F. ) ;
#717 = STYLED_ITEM ( 'NONE', ( #1994 ), #5925 ) ;
#718 = LINE ( 'NONE', #6139, #2969 ) ;
#719 = CARTESIAN_POINT ( 'NONE',  ( 0.3000000000000005440, 0.6472135954999583829, -1.500000000000000000 ) ) ;
#720 = EDGE_CURVE ( 'NONE', #5128, #385, #2153, .T. ) ;
#721 = CARTESIAN_POINT ( 'NONE',  ( -0.4999999999999993339, 0.2000000000000000111, 1.100000000000000533 ) ) ;
#722 =( LENGTH_UNIT ( ) NAMED_UNIT ( * ) SI_UNIT ( .MILLI., .METRE. ) );
#723 = DIRECTION ( 'NONE',  ( 0.000000000000000000, -0.000000000000000000, 1.000000000000000000 ) ) ;
#724 = ORIENTED_EDGE ( 'NONE', *, *, #597, .T. ) ;
#725 = CARTESIAN_POINT ( 'NONE',  ( 0.000000000000000000, 0.05000000000000000278, 0.5000000000000002220 ) ) ;
#726 = FACE_OUTER_BOUND ( 'NONE', #5663, .T. ) ;
#727 = DIRECTION ( 'NONE',  ( 5.421010862427523156E-16, 0.000000000000000000, 1.000000000000000000 ) ) ;
#728 = ORIENTED_EDGE ( 'NONE', *, *, #3464, .F. ) ;
#729 = EDGE_CURVE ( 'NONE', #320, #5734, #1995, .T. ) ;
#730 = VECTOR ( 'NONE', #6093, 1000.000000000000000 ) ;
#731 = SURFACE_STYLE_FILL_AREA ( #2977 ) ;
#732 = DIRECTION ( 'NONE',  ( 5.421010862427523156E-16, 0.000000000000000000, 1.000000000000000000 ) ) ;
#733 = DIRECTION ( 'NONE',  ( 1.000000000000000000, 0.000000000000000000, 0.000000000000000000 ) ) ;
#734 = CARTESIAN_POINT ( 'NONE',  ( -1.099999999999999201, 0.1999999999999999833, 0.7000000000000000666 ) ) ;
#735 = EDGE_LOOP ( 'NONE', ( #6447, #4237, #1690, #5795 ) ) ;
#736 = PLANE ( 'NONE',  #5358 ) ;
#737 = VECTOR ( 'NONE', #4203, 1000.000000000000000 ) ;
#738 = AXIS2_PLACEMENT_3D ( 'NONE', #487, #31, #449 ) ;
#739 = ADVANCED_FACE ( 'NONE', ( #1454 ), #861, .T. ) ;
#740 = EDGE_CURVE ( 'NONE', #3732, #320, #4100, .T. ) ;
#741 = DIRECTION ( 'NONE',  ( 1.000000000000000000, -0.000000000000000000, 0.000000000000000000 ) ) ;
#742 = UNCERTAINTY_MEASURE_WITH_UNIT (LENGTH_MEASURE( 1.000000000000000082E-05 ), #4773, 'distance_accuracy_value', 'NONE');
#743 = ORIENTED_EDGE ( 'NONE', *, *, #1250, .F. ) ;
#744 = DIRECTION ( 'NONE',  ( -0.000000000000000000, -0.000000000000000000, 1.000000000000000000 ) ) ;
#745 = FACE_OUTER_BOUND ( 'NONE', #43, .T. ) ;
#746 = CARTESIAN_POINT ( 'NONE',  ( 0.3000000000000005440, 0.04999999999999999584, -1.100000000000000089 ) ) ;
#747 = DIRECTION ( 'NONE',  ( -1.000000000000000000, 0.000000000000000000, -0.000000000000000000 ) ) ;
#748 = ORIENTED_EDGE ( 'NONE', *, *, #1413, .F. ) ;
#749 = AXIS2_PLACEMENT_3D ( 'NONE', #3176, #5677, #5292 ) ;
#750 = VECTOR ( 'NONE', #397, 1000.000000000000000 ) ;
#751 = VECTOR ( 'NONE', #3821, 1000.000000000000000 ) ;
#752 = LINE ( 'NONE', #2731, #288 ) ;
#753 = DIRECTION ( 'NONE',  ( 0.000000000000000000, -1.000000000000000000, 0.000000000000000000 ) ) ;
#754 = DIRECTION ( 'NONE',  ( -1.000000000000000000, 0.000000000000000000, 5.421010862427523156E-16 ) ) ;
#755 = DIRECTION ( 'NONE',  ( 0.000000000000000000, 1.000000000000000000, 0.000000000000000000 ) ) ;
#756 = ORIENTED_EDGE ( 'NONE', *, *, #5577, .T. ) ;
#757 = CARTESIAN_POINT ( 'NONE',  ( 0.8499999999999997558, 0.2000000000000000944, -0.8499999999999997558 ) ) ;
#758 = FACE_OUTER_BOUND ( 'NONE', #4064, .T. ) ;
#759 = LINE ( 'NONE', #2639, #5046 ) ;
#760 = VECTOR ( 'NONE', #2755, 1000.000000000000000 ) ;
#761 = EDGE_CURVE ( 'NONE', #1480, #5152, #4428, .T. ) ;
#762 = ORIENTED_EDGE ( 'NONE', *, *, #905, .F. ) ;
#763 = VECTOR ( 'NONE', #2177, 1000.000000000000000 ) ;
#764 = CARTESIAN_POINT ( 'NONE',  ( 0.8499999999999997558, 2.604163056034261903, -0.8499999999999997558 ) ) ;
#765 = FILL_AREA_STYLE_COLOUR ( '', #6353 ) ;
#766 = ORIENTED_EDGE ( 'NONE', *, *, #702, .F. ) ;
#767 = ORIENTED_EDGE ( 'NONE', *, *, #6302, .T. ) ;
#768 =( LENGTH_UNIT ( ) NAMED_UNIT ( * ) SI_UNIT ( .MILLI., .METRE. ) );
#769 = AXIS2_PLACEMENT_3D ( 'NONE', #3740, #6190, #2749 ) ;
#770 = CARTESIAN_POINT ( 'NONE',  ( -0.8999999999999996891, 0.05000000000000000278, 2.439454888092384483E-16 ) ) ;
#771 = VECTOR ( 'NONE', #5162, 1000.000000000000000 ) ;
#772 = EDGE_CURVE ( 'NONE', #943, #5991, #3788, .T. ) ;
#773 = ORIENTED_EDGE ( 'NONE', *, *, #3948, .F. ) ;
#774 = CARTESIAN_POINT ( 'NONE',  ( -1.099999999999999201, 0.05000000000000000278, 0.000000000000000000 ) ) ;
#775 = ADVANCED_FACE ( 'NONE', ( #5808 ), #3341, .F. ) ;
#776 = VERTEX_POINT ( 'NONE', #5344 ) ;
#777 = EDGE_CURVE ( 'NONE', #4743, #6127, #3242, .T. ) ;
#778 = DIRECTION ( 'NONE',  ( -2.710505431213761578E-16, 0.000000000000000000, -1.000000000000000000 ) ) ;
#779 = ORIENTED_EDGE ( 'NONE', *, *, #2769, .F. ) ;
#780 = FILL_AREA_STYLE ('',( #2795 ) ) ;
#781 = DIRECTION ( 'NONE',  ( 1.000000000000000000, 0.000000000000000000, -2.168404344971008079E-15 ) ) ;
#782 = LINE ( 'NONE', #5030, #2952 ) ;
#783 = VERTEX_POINT ( 'NONE', #298 ) ;
#784 = EDGE_CURVE ( 'NONE', #4501, #6360, #434, .T. ) ;
#785 = DIRECTION ( 'NONE',  ( -0.000000000000000000, 0.000000000000000000, -1.000000000000000000 ) ) ;
#786 = ORIENTED_EDGE ( 'NONE', *, *, #2803, .T. ) ;
#787 = VECTOR ( 'NONE', #3277, 1000.000000000000000 ) ;
#788 = DIRECTION ( 'NONE',  ( -2.710505431213761578E-16, 0.000000000000000000, 1.000000000000000000 ) ) ;
#789 = AXIS2_PLACEMENT_3D ( 'NONE', #2112, #2090, #4546 ) ;
#790 = EDGE_LOOP ( 'NONE', ( #1032, #932, #715, #655 ) ) ;
#791 = LINE ( 'NONE', #635, #75 ) ;
#792 = DIRECTION ( 'NONE',  ( 2.710505431213761578E-16, -0.000000000000000000, -1.000000000000000000 ) ) ;
#793 = ORIENTED_EDGE ( 'NONE', *, *, #3856, .T. ) ;
#794 = CARTESIAN_POINT ( 'NONE',  ( 0.5000000000000008882, 0.2000000000000000111, 1.100000000000000089 ) ) ;
#795 = VERTEX_POINT ( 'NONE', #2774 ) ;
#796 = DIRECTION ( 'NONE',  ( 1.000000000000000000, 0.000000000000000000, 0.000000000000000000 ) ) ;
#797 = VECTOR ( 'NONE', #5944, 1000.000000000000000 ) ;
#798 = EDGE_CURVE ( 'NONE', #6201, #6335, #5341, .T. ) ;
#799 = AXIS2_PLACEMENT_3D ( 'NONE', #365, #3364, #4945 ) ;
#800 = CARTESIAN_POINT ( 'NONE',  ( 1.099999999999999201, 0.05000000000000002359, -0.9000000000000000222 ) ) ;
#801 = DIRECTION ( 'NONE',  ( -0.000000000000000000, -1.000000000000000000, -0.000000000000000000 ) ) ;
#802 = PLANE ( 'NONE',  #170 ) ;
#803 = EDGE_LOOP ( 'NONE', ( #1096, #1772, #2489, #524 ) ) ;
#804 = ORIENTED_EDGE ( 'NONE', *, *, #2192, .F. ) ;
#805 = FACE_OUTER_BOUND ( 'NONE', #658, .T. ) ;
#806 = ADVANCED_FACE ( 'NONE', ( #1130 ), #5763, .T. ) ;
#807 = ORIENTED_EDGE ( 'NONE', *, *, #4582, .T. ) ;
#808 = AXIS2_PLACEMENT_3D ( 'NONE', #261, #1305, #3262 ) ;
#809 = EDGE_CURVE ( 'NONE', #2910, #4481, #6111, .T. ) ;
#810 = CARTESIAN_POINT ( 'NONE',  ( -1.099999999999999201, 0.05000000000000002359, 0.3000000000000001554 ) ) ;
#811 = SURFACE_SIDE_STYLE ('',( #6047 ) ) ;
#812 = DIRECTION ( 'NONE',  ( 0.000000000000000000, -1.000000000000000000, 0.000000000000000000 ) ) ;
#813 = EDGE_LOOP ( 'NONE', ( #6049, #2165, #6423, #4000 ) ) ;
#814 = VECTOR ( 'NONE', #1322, 1000.000000000000000 ) ;
#815 =( NAMED_UNIT ( * ) SI_UNIT ( $, .STERADIAN. ) SOLID_ANGLE_UNIT ( ) );
#816 = EDGE_LOOP ( 'NONE', ( #5019, #1990, #5295, #415 ) ) ;
#817 = EDGE_CURVE ( 'NONE', #5616, #2529, #585, .T. ) ;
#818 = DIRECTION ( 'NONE',  ( -2.710505431213761578E-16, 0.000000000000000000, 1.000000000000000000 ) ) ;
#819 = ORIENTED_EDGE ( 'NONE', *, *, #4254, .T. ) ;
#820 = CARTESIAN_POINT ( 'NONE',  ( -0.2999999999999996558, 0.000000000000000000, -1.500000000000000000 ) ) ;
#821 = DIRECTION ( 'NONE',  ( 5.421010862427523156E-16, 0.000000000000000000, 1.000000000000000000 ) ) ;
#822 = VECTOR ( 'NONE', #46, 1000.000000000000000 ) ;
#823 = LINE ( 'NONE', #1956, #5411 ) ;
#824 = MANIFOLD_SOLID_BREP ( 'tab ex', #4035 ) ;
#825 = ORIENTED_EDGE ( 'NONE', *, *, #2199, .F. ) ;
#826 =( NAMED_UNIT ( * ) PLANE_ANGLE_UNIT ( ) SI_UNIT ( $, .RADIAN. ) );
#827 = PRESENTATION_STYLE_ASSIGNMENT (( #1590 ) ) ;
#828 = VECTOR ( 'NONE', #2813, 1000.000000000000000 ) ;
#829 = ORIENTED_EDGE ( 'NONE', *, *, #729, .T. ) ;
#830 = DIRECTION ( 'NONE',  ( 0.000000000000000000, 0.000000000000000000, -1.000000000000000000 ) ) ;
#831 = VECTOR ( 'NONE', #335, 1000.000000000000000 ) ;
#832 = VECTOR ( 'NONE', #4472, 1000.000000000000000 ) ;
#833 = FILL_AREA_STYLE_COLOUR ( '', #3932 ) ;
#834 = ORIENTED_EDGE ( 'NONE', *, *, #3198, .T. ) ;
#835 = CARTESIAN_POINT ( 'NONE',  ( -0.09999999999999950595, 0.6472135954999583829, -1.100000000000000089 ) ) ;
#836 = ADVANCED_FACE ( 'NONE', ( #1301 ), #3843, .F. ) ;
#837 = LINE ( 'NONE', #5376, #3797 ) ;
#838 = PLANE ( 'NONE',  #915 ) ;
#839 = FACE_OUTER_BOUND ( 'NONE', #2002, .T. ) ;
#840 = CARTESIAN_POINT ( 'NONE',  ( -0.09999999999999928391, 0.6472135954999583829, 1.100000000000000533 ) ) ;
#841 = DIRECTION ( 'NONE',  ( 0.000000000000000000, 0.000000000000000000, -1.000000000000000000 ) ) ;
#842 = CARTESIAN_POINT ( 'NONE',  ( 1.499999999999999112, 0.1999999999999999833, 0.9000000000000002442 ) ) ;
#843 = ORIENTED_EDGE ( 'NONE', *, *, #6058, .T. ) ;
#844 = FACE_OUTER_BOUND ( 'NONE', #4937, .T. ) ;
#845 = AXIS2_PLACEMENT_3D ( 'NONE', #2362, #3842, #3300 ) ;
#846 = ORIENTED_EDGE ( 'NONE', *, *, #3252, .T. ) ;
#847 = CARTESIAN_POINT ( 'NONE',  ( -0.4999999999999991673, 0.04999999999999969746, 1.500000000000000444 ) ) ;
#848 = EDGE_CURVE ( 'NONE', #3735, #4112, #5110, .T. ) ;
#849 = EDGE_LOOP ( 'NONE', ( #5585, #4125, #5474, #4029 ) ) ;
#850 = CARTESIAN_POINT ( 'NONE',  ( 1.099999999999999201, 0.05000000000000000278, 0.000000000000000000 ) ) ;
#851 = ORIENTED_EDGE ( 'NONE', *, *, #3786, .T. ) ;
#852 = VECTOR ( 'NONE', #1565, 1000.000000000000000 ) ;
#853 = ORIENTED_EDGE ( 'NONE', *, *, #4803, .T. ) ;
#854 =( NAMED_UNIT ( * ) SI_UNIT ( $, .STERADIAN. ) SOLID_ANGLE_UNIT ( ) );
#855 = EDGE_CURVE ( 'NONE', #3600, #4488, #4965, .T. ) ;
#856 = ORIENTED_EDGE ( 'NONE', *, *, #3819, .F. ) ;
#857 = ORIENTED_EDGE ( 'NONE', *, *, #2106, .T. ) ;
#858 = SURFACE_STYLE_FILL_AREA ( #539 ) ;
#859 = EDGE_CURVE ( 'NONE', #1304, #2951, #4499, .T. ) ;
#860 = CARTESIAN_POINT ( 'NONE',  ( 1.099999999999999201, 0.1999999999999999833, 0.3000000000000001554 ) ) ;
#861 = PLANE ( 'NONE',  #2072 ) ;
#862 = FILL_AREA_STYLE_COLOUR ( '', #2458 ) ;
#863 = ORIENTED_EDGE ( 'NONE', *, *, #1402, .F. ) ;
#864 =( GEOMETRIC_REPRESENTATION_CONTEXT ( 3 ) GLOBAL_UNCERTAINTY_ASSIGNED_CONTEXT ( ( #6118 ) ) GLOBAL_UNIT_ASSIGNED_CONTEXT ( ( #4862, #5781, #1870 ) ) REPRESENTATION_CONTEXT ( 'NONE', 'WORKASPACE' ) );
#865 = VECTOR ( 'NONE', #5862, 1000.000000000000000 ) ;
#866 = EDGE_CURVE ( 'NONE', #310, #617, #1686, .T. ) ;
#867 = PLANE ( 'NONE',  #3908 ) ;
#868 = ADVANCED_FACE ( 'NONE', ( #3462 ), #6358, .F. ) ;
#869 = VERTEX_POINT ( 'NONE', #1428 ) ;
#870 = LINE ( 'NONE', #5532, #4150 ) ;
#871 = DIRECTION ( 'NONE',  ( 0.000000000000000000, 0.000000000000000000, -1.000000000000000000 ) ) ;
#872 = ORIENTED_EDGE ( 'NONE', *, *, #323, .F. ) ;
#873 = ORIENTED_EDGE ( 'NONE', *, *, #4351, .F. ) ;
#874 = VECTOR ( 'NONE', #3231, 1000.000000000000000 ) ;
#875 = DIRECTION ( 'NONE',  ( 0.000000000000000000, -1.000000000000000000, 0.000000000000000000 ) ) ;
#876 = ORIENTED_EDGE ( 'NONE', *, *, #1580, .F. ) ;
#877 = CARTESIAN_POINT ( 'NONE',  ( 0.5000000000000008882, 0.000000000000000000, 1.100000000000000089 ) ) ;
#878 = PLANE ( 'NONE',  #2289 ) ;
#879 = CARTESIAN_POINT ( 'NONE',  ( 0.000000000000000000, 0.05000000000000000278, 0.1000000000000001582 ) ) ;
#880 = AXIS2_PLACEMENT_3D ( 'NONE', #3586, #5098, #3109 ) ;
#881 = VECTOR ( 'NONE', #6442, 1000.000000000000000 ) ;
#882 = CARTESIAN_POINT ( 'NONE',  ( -0.09999999999999928391, 0.6472135954999583829, 1.100000000000000533 ) ) ;
#883 = CARTESIAN_POINT ( 'NONE',  ( 0.5000000000000008882, 0.6472135954999583829, 1.100000000000000089 ) ) ;
#884 =( NAMED_UNIT ( * ) SI_UNIT ( $, .STERADIAN. ) SOLID_ANGLE_UNIT ( ) );
#885 = CARTESIAN_POINT ( 'NONE',  ( 0.000000000000000000, 0.2000000000000000111, 0.000000000000000000 ) ) ;
#886 = ORIENTED_EDGE ( 'NONE', *, *, #429, .F. ) ;
#887 = CARTESIAN_POINT ( 'NONE',  ( 1.099999999999999201, 0.1999999999999999833, 0.9000000000000002442 ) ) ;
#888 = SURFACE_STYLE_FILL_AREA ( #5195 ) ;
#889 = CARTESIAN_POINT ( 'NONE',  ( 0.9000000000000005773, 0.1999999999999999833, -1.100000000000000089 ) ) ;
#890 = VECTOR ( 'NONE', #3813, 1000.000000000000000 ) ;
#891 = EDGE_LOOP ( 'NONE', ( #1440, #793, #18, #3825 ) ) ;
#892 = PRESENTATION_LAYER_ASSIGNMENT (  '', '', ( #6009 ) ) ;
#893 = CARTESIAN_POINT ( 'NONE',  ( 1.499999999999999112, 0.1999999999999999833, 0.5000000000000002220 ) ) ;
#894 = ORIENTED_EDGE ( 'NONE', *, *, #809, .T. ) ;
#895 = EDGE_CURVE ( 'NONE', #6312, #6438, #4354, .T. ) ;
#896 =( NAMED_UNIT ( * ) SI_UNIT ( $, .STERADIAN. ) SOLID_ANGLE_UNIT ( ) );
#897 = DIRECTION ( 'NONE',  ( 0.000000000000000000, 0.000000000000000000, 1.000000000000000000 ) ) ;
#898 = LINE ( 'NONE', #186, #2582 ) ;
#899 = VECTOR ( 'NONE', #2768, 1000.000000000000000 ) ;
#900 = DIRECTION ( 'NONE',  ( 1.000000000000000000, -0.000000000000000000, 0.000000000000000000 ) ) ;
#901 = EDGE_CURVE ( 'NONE', #2087, #4278, #203, .T. ) ;
#902 = VERTEX_POINT ( 'NONE', #945 ) ;
#903 = ADVANCED_FACE ( 'NONE', ( #6272 ), #2918, .F. ) ;
#904 = LINE ( 'NONE', #3460, #3458 ) ;
#905 = EDGE_CURVE ( 'NONE', #5152, #483, #42, .T. ) ;
#906 = DIRECTION ( 'NONE',  ( -1.000000000000000000, 0.000000000000000000, 0.000000000000000000 ) ) ;
#907 = CARTESIAN_POINT ( 'NONE',  ( -0.2999999999999996558, 0.1999999999999999833, -1.500000000000000000 ) ) ;
#908 = ORIENTED_EDGE ( 'NONE', *, *, #2472, .T. ) ;
#909 = PLANE ( 'NONE',  #3627 ) ;
#910 = LINE ( 'NONE', #3866, #1217 ) ;
#911 = CARTESIAN_POINT ( 'NONE',  ( -0.8999999999999995781, 0.000000000000000000, -1.100000000000000089 ) ) ;
#912 = FACE_OUTER_BOUND ( 'NONE', #2827, .T. ) ;
#913 = DIRECTION ( 'NONE',  ( 0.000000000000000000, -0.000000000000000000, 1.000000000000000000 ) ) ;
#914 = ORIENTED_EDGE ( 'NONE', *, *, #2847, .T. ) ;
#915 = AXIS2_PLACEMENT_3D ( 'NONE', #3379, #5359, #906 ) ;
#916 = FACE_OUTER_BOUND ( 'NONE', #2628, .T. ) ;
#917 = LINE ( 'NONE', #1699, #2603 ) ;
#918 = VECTOR ( 'NONE', #3724, 1000.000000000000000 ) ;
#919 = EDGE_CURVE ( 'NONE', #2148, #1578, #823, .T. ) ;
#920 = PLANE ( 'NONE',  #3033 ) ;
#921 = EDGE_LOOP ( 'NONE', ( #762, #423, #2216, #5676 ) ) ;
#923 = EDGE_CURVE ( 'NONE', #996, #783, #3860, .T. ) ;
#922 = LINE ( 'NONE', #5467, #1617 ) ;
#924 = ORIENTED_EDGE ( 'NONE', *, *, #4729, .T. ) ;
#925 = CARTESIAN_POINT ( 'NONE',  ( 0.7000000000000007327, 0.6472135954999583829, 1.100000000000000533 ) ) ;
#926 = VERTEX_POINT ( 'NONE', #3444 ) ;
#927 = DIRECTION ( 'NONE',  ( 0.000000000000000000, -1.000000000000000000, 0.000000000000000000 ) ) ;
#928 = CARTESIAN_POINT ( 'NONE',  ( -1.099999999999999201, 0.6472135954999579388, 0.1000000000000001582 ) ) ;
#929 = DIRECTION ( 'NONE',  ( -1.000000000000000000, 0.000000000000000000, 0.000000000000000000 ) ) ;
#930 = VERTEX_POINT ( 'NONE', #5866 ) ;
#931 = EDGE_CURVE ( 'NONE', #5247, #4459, #3708, .T. ) ;
#932 = ORIENTED_EDGE ( 'NONE', *, *, #4069, .T. ) ;
#933 = ADVANCED_FACE ( 'NONE', ( #6414 ), #3361, .T. ) ;
#934 = FACE_OUTER_BOUND ( 'NONE', #4520, .T. ) ;
#935 = VERTEX_POINT ( 'NONE', #5402 ) ;
#936 = CARTESIAN_POINT ( 'NONE',  ( 1.099999999999999201, 0.1999999999999999833, 0.7000000000000000666 ) ) ;
#937 = CARTESIAN_POINT ( 'NONE',  ( -1.099999999999999201, 0.6472135954999580498, -0.5000000000000000000 ) ) ;
#938 = ORIENTED_EDGE ( 'NONE', *, *, #5710, .T. ) ;
#939 = FACE_OUTER_BOUND ( 'NONE', #589, .T. ) ;
#940 = EDGE_CURVE ( 'NONE', #5133, #1480, #2379, .T. ) ;
#941 = CARTESIAN_POINT ( 'NONE',  ( -1.099999999999999201, 0.6472135954999579388, 0.3000000000000001554 ) ) ;
#942 = CARTESIAN_POINT ( 'NONE',  ( 0.3000000000000007661, 0.000000000000000000, 1.100000000000000533 ) ) ;
#943 = VERTEX_POINT ( 'NONE', #417 ) ;
#944 = VECTOR ( 'NONE', #223, 1000.000000000000000 ) ;
#945 = CARTESIAN_POINT ( 'NONE',  ( -0.09999999999999950595, 0.1999999999999999833, -1.100000000000000089 ) ) ;
#946 = ORIENTED_EDGE ( 'NONE', *, *, #901, .F. ) ;
#947 = VERTEX_POINT ( 'NONE', #3863 ) ;
#948 = AXIS2_PLACEMENT_3D ( 'NONE', #2262, #5744, #4157 ) ;
#949 = DIRECTION ( 'NONE',  ( 0.000000000000000000, -1.000000000000000000, 0.000000000000000000 ) ) ;
#950 = ORIENTED_EDGE ( 'NONE', *, *, #5130, .T. ) ;
#951 = VECTOR ( 'NONE', #482, 1000.000000000000000 ) ;
#952 = CARTESIAN_POINT ( 'NONE',  ( 1.099999999999999201, 0.05000000000000023870, -0.2999999999999998779 ) ) ;
#953 = ORIENTED_EDGE ( 'NONE', *, *, #1983, .T. ) ;
#954 = DIRECTION ( 'NONE',  ( -0.000000000000000000, 0.000000000000000000, 1.000000000000000000 ) ) ;
#955 = ORIENTED_EDGE ( 'NONE', *, *, #1413, .T. ) ;
#956 = VECTOR ( 'NONE', #4430, 1000.000000000000000 ) ;
#957 = AXIS2_PLACEMENT_3D ( 'NONE', #2150, #4158, #4619 ) ;
#958 = VERTEX_POINT ( 'NONE', #3954 ) ;
#959 = VECTOR ( 'NONE', #1576, 1000.000000000000000 ) ;
#960 = CARTESIAN_POINT ( 'NONE',  ( -1.499999999999999112, 0.000000000000000000, -0.09999999999999971412 ) ) ;
#961 = ADVANCED_FACE ( 'NONE', ( #1988 ), #5881, .T. ) ;
#962 = ORIENTED_EDGE ( 'NONE', *, *, #4207, .T. ) ;
#963 = CARTESIAN_POINT ( 'NONE',  ( 0.000000000000000000, 0.2000000000000000111, 0.000000000000000000 ) ) ;
#964 = EDGE_CURVE ( 'NONE', #163, #1347, #3236, .T. ) ;
#965 = LINE ( 'NONE', #2871, #1035 ) ;
#966 = EDGE_LOOP ( 'NONE', ( #2760, #5388, #6003, #2418 ) ) ;
#967 = EDGE_LOOP ( 'NONE', ( #250, #3573, #2574, #2436 ) ) ;
#968 = DIRECTION ( 'NONE',  ( -0.000000000000000000, 0.000000000000000000, 1.000000000000000000 ) ) ;
#969 = DIRECTION ( 'NONE',  ( 0.000000000000000000, 0.000000000000000000, -1.000000000000000000 ) ) ;
#970 = VECTOR ( 'NONE', #4006, 1000.000000000000000 ) ;
#971 = VECTOR ( 'NONE', #4033, 1000.000000000000000 ) ;
#972 = CARTESIAN_POINT ( 'NONE',  ( 0.8499999999999997558, 0.2000000000000000944, 0.8500000000000001998 ) ) ;
#973 = ORIENTED_EDGE ( 'NONE', *, *, #1254, .T. ) ;
#974 = EDGE_CURVE ( 'NONE', #5189, #3510, #1446, .T. ) ;
#975 = ORIENTED_EDGE ( 'NONE', *, *, #1908, .T. ) ;
#976 = VECTOR ( 'NONE', #2261, 1000.000000000000000 ) ;
#977 = VECTOR ( 'NONE', #4212, 1000.000000000000000 ) ;
#978 = EDGE_CURVE ( 'NONE', #1820, #2291, #2523, .T. ) ;
#979 = DIRECTION ( 'NONE',  ( -0.000000000000000000, -1.000000000000000000, -0.000000000000000000 ) ) ;
#980 = EDGE_LOOP ( 'NONE', ( #2963, #4879, #724, #4701 ) ) ;
#981 = DIRECTION ( 'NONE',  ( 0.000000000000000000, -1.000000000000000000, 0.000000000000000000 ) ) ;
#982 = CARTESIAN_POINT ( 'NONE',  ( -1.099999999999999201, 0.6472135954999579388, 0.5000000000000002220 ) ) ;
#983 = FACE_OUTER_BOUND ( 'NONE', #1791, .T. ) ;
#984 = VECTOR ( 'NONE', #1869, 1000.000000000000000 ) ;
#985 = VECTOR ( 'NONE', #6237, 1000.000000000000000 ) ;
#986 = CARTESIAN_POINT ( 'NONE',  ( -1.499999999999999112, 0.1999999999999999833, -0.8999999999999998002 ) ) ;
#987 = ORIENTED_EDGE ( 'NONE', *, *, #2056, .T. ) ;
#988 = VECTOR ( 'NONE', #5624, 1000.000000000000000 ) ;
#989 = VECTOR ( 'NONE', #5157, 1000.000000000000000 ) ;
#990 = CARTESIAN_POINT ( 'NONE',  ( -1.099999999999999201, 0.6472135954999580498, -0.2999999999999998779 ) ) ;
#991 = ADVANCED_FACE ( 'NONE', ( #3391 ), #3042, .T. ) ;
#992 = ORIENTED_EDGE ( 'NONE', *, *, #588, .T. ) ;
#993 = FACE_OUTER_BOUND ( 'NONE', #3741, .T. ) ;
#994 = ORIENTED_EDGE ( 'NONE', *, *, #1910, .T. ) ;
#995 = VERTEX_POINT ( 'NONE', #2075 ) ;
#996 = VERTEX_POINT ( 'NONE', #5042 ) ;
#997 = CARTESIAN_POINT ( 'NONE',  ( 1.099999999999999201, 0.1999999999999999833, -0.9000000000000000222 ) ) ;
#998 = DIRECTION ( 'NONE',  ( 1.000000000000000000, 0.000000000000000000, -2.168404344971008079E-15 ) ) ;
#999 = VECTOR ( 'NONE', #2932, 1000.000000000000000 ) ;
#1000 = CARTESIAN_POINT ( 'NONE',  ( -1.099999999999999201, 0.6472135954999579388, 0.5000000000000002220 ) ) ;
#1001 = EDGE_LOOP ( 'NONE', ( #1512, #1150, #4813, #5423 ) ) ;
#1002 = CARTESIAN_POINT ( 'NONE',  ( 1.500000000000000444, 0.1999999999999996503, 0.3000000000000001554 ) ) ;
#1003 = DIRECTION ( 'NONE',  ( 0.000000000000000000, 0.000000000000000000, -1.000000000000000000 ) ) ;
#1004 = ORIENTED_EDGE ( 'NONE', *, *, #2968, .F. ) ;
#1005 = VERTEX_POINT ( 'NONE', #1494 ) ;
#1006 = VECTOR ( 'NONE', #3647, 1000.000000000000000 ) ;
#1007 = VECTOR ( 'NONE', #981, 1000.000000000000000 ) ;
#1008 = CARTESIAN_POINT ( 'NONE',  ( -1.499999999999999112, 0.000000000000000000, 0.1000000000000001582 ) ) ;
#1009 = EDGE_CURVE ( 'NONE', #385, #1971, #4273, .T. ) ;
#1010 = DIRECTION ( 'NONE',  ( 0.000000000000000000, -1.000000000000000000, 0.000000000000000000 ) ) ;
#1011 = VERTEX_POINT ( 'NONE', #1002 ) ;
#1012 = LINE ( 'NONE', #4700, #4320 ) ;
#1013 = DIRECTION ( 'NONE',  ( 2.710505431213761578E-16, 0.000000000000000000, 1.000000000000000000 ) ) ;
#1014 = CARTESIAN_POINT ( 'NONE',  ( 1.099999999999999201, 0.05000000000000002359, 0.9000000000000002442 ) ) ;
#1015 = UNCERTAINTY_MEASURE_WITH_UNIT (LENGTH_MEASURE( 1.000000000000000082E-05 ), #2359, 'distance_accuracy_value', 'NONE');
#1016 = ORIENTED_EDGE ( 'NONE', *, *, #5479, .F. ) ;
#1017 = ORIENTED_EDGE ( 'NONE', *, *, #3432, .F. ) ;
#1018 = AXIS2_PLACEMENT_3D ( 'NONE', #2045, #3217, #2288 ) ;
#1019 = VECTOR ( 'NONE', #1010, 1000.000000000000000 ) ;
#1020 = ADVANCED_FACE ( 'NONE', ( #4649 ), #6006, .F. ) ;
#1021 = ORIENTED_EDGE ( 'NONE', *, *, #173, .T. ) ;
#1022 = EDGE_LOOP ( 'NONE', ( #1961, #455, #908, #2412 ) ) ;
#1023 = VECTOR ( 'NONE', #5028, 1000.000000000000000 ) ;
#1024 = CARTESIAN_POINT ( 'NONE',  ( 1.500000000000000444, 0.05000000000000000278, 1.500000000000000000 ) ) ;
#1025 = CARTESIAN_POINT ( 'NONE',  ( 0.9000000000000005773, 0.000000000000000000, -1.100000000000000089 ) ) ;
#1026 = EDGE_LOOP ( 'NONE', ( #1634, #4511, #5633, #3294 ) ) ;
#1027 = PLANE ( 'NONE',  #6148 ) ;
#1028 = DIRECTION ( 'NONE',  ( 5.421010862427523156E-16, 0.000000000000000000, 1.000000000000000000 ) ) ;
#1029 = LINE ( 'NONE', #404, #956 ) ;
#1030 = EDGE_CURVE ( 'NONE', #4242, #4369, #3537, .T. ) ;
#1031 = CARTESIAN_POINT ( 'NONE',  ( 1.099999999999999201, 0.000000000000000000, 0.5000000000000002220 ) ) ;
#1032 = ORIENTED_EDGE ( 'NONE', *, *, #1101, .F. ) ;
#1033 = CARTESIAN_POINT ( 'NONE',  ( -0.6999999999999992895, 0.6472135954999583829, 1.100000000000000089 ) ) ;
#1034 = AXIS2_PLACEMENT_3D ( 'NONE', #6233, #2725, #1740 ) ;
#1035 = VECTOR ( 'NONE', #1833, 1000.000000000000000 ) ;
#1036 = ADVANCED_FACE ( 'NONE', ( #2767 ), #5059, .T. ) ;
#1037 = ORIENTED_EDGE ( 'NONE', *, *, #3432, .T. ) ;
#1038 = ORIENTED_EDGE ( 'NONE', *, *, #4055, .F. ) ;
#1039 = SURFACE_STYLE_USAGE ( .BOTH. , #5531 ) ;
#1040 = DIRECTION ( 'NONE',  ( 0.000000000000000000, 0.000000000000000000, -1.000000000000000000 ) ) ;
#1041 = VECTOR ( 'NONE', #1827, 1000.000000000000000 ) ;
#1042 = CARTESIAN_POINT ( 'NONE',  ( -0.8999999999999995781, 0.6472135954999583829, -1.100000000000000089 ) ) ;
#1043 = PRESENTATION_LAYER_ASSIGNMENT (  '', '', ( #717 ) ) ;
#1044 = CARTESIAN_POINT ( 'NONE',  ( -1.099999999999999201, 0.000000000000000000, 0.9000000000000002442 ) ) ;
#1045 = ORIENTED_EDGE ( 'NONE', *, *, #3808, .F. ) ;
#1046 = EDGE_CURVE ( 'NONE', #5058, #6416, #109, .T. ) ;
#1047 = VECTOR ( 'NONE', #4382, 1000.000000000000000 ) ;
#1048 = VECTOR ( 'NONE', #3021, 1000.000000000000000 ) ;
#1049 = ORIENTED_EDGE ( 'NONE', *, *, #1030, .T. ) ;
#1050 = ADVANCED_FACE ( 'NONE', ( #1922 ), #6050, .T. ) ;
#1051 = VECTOR ( 'NONE', #5641, 1000.000000000000000 ) ;
#1052 = LINE ( 'NONE', #2685, #5817 ) ;
#1053 = DIRECTION ( 'NONE',  ( -1.000000000000000000, 0.000000000000000000, 0.000000000000000000 ) ) ;
#1054 = CARTESIAN_POINT ( 'NONE',  ( -1.499999999999999112, 0.1999999999999999833, -0.6999999999999998446 ) ) ;
#1055 = EDGE_CURVE ( 'NONE', #3299, #529, #5101, .T. ) ;
#1056 = VERTEX_POINT ( 'NONE', #2478 ) ;
#1057 = VECTOR ( 'NONE', #2814, 1000.000000000000000 ) ;
#1058 = DIRECTION ( 'NONE',  ( 1.000000000000000000, 0.000000000000000000, -5.421010862427523156E-16 ) ) ;
#1059 = ORIENTED_EDGE ( 'NONE', *, *, #5918, .T. ) ;
#1060 = DIRECTION ( 'NONE',  ( -0.000000000000000000, -1.000000000000000000, -0.000000000000000000 ) ) ;
#1061 = VECTOR ( 'NONE', #4394, 1000.000000000000000 ) ;
#1062 = EDGE_CURVE ( 'NONE', #2271, #6126, #1214, .T. ) ;
#1063 = EDGE_LOOP ( 'NONE', ( #207, #5906, #87, #6045 ) ) ;
#1064 = CARTESIAN_POINT ( 'NONE',  ( -1.499999999999999112, 0.1999999999999999833, -0.2999999999999998779 ) ) ;
#1065 = CARTESIAN_POINT ( 'NONE',  ( -1.499999999999999112, 0.6472135954999579388, 0.9000000000000002442 ) ) ;
#1066 = VERTEX_POINT ( 'NONE', #4009 ) ;
#1067 = CARTESIAN_POINT ( 'NONE',  ( -1.499999999999999556, 0.05000000000000000278, 1.500000000000000444 ) ) ;
#1068 = ORIENTED_EDGE ( 'NONE', *, *, #1904, .F. ) ;
#1069 = CARTESIAN_POINT ( 'NONE',  ( 1.099999999999999201, 0.6472135954999580498, -0.2999999999999998779 ) ) ;
#1070 = DIRECTION ( 'NONE',  ( 0.000000000000000000, -1.000000000000000000, 0.000000000000000000 ) ) ;
#1071 = AXIS2_PLACEMENT_3D ( 'NONE', #3243, #4698, #2205 ) ;
#1072 = PLANE ( 'NONE',  #6300 ) ;
#1073 = PLANE ( 'NONE',  #2407 ) ;
#1074 = DIRECTION ( 'NONE',  ( -2.710505431213761578E-16, 0.000000000000000000, 1.000000000000000000 ) ) ;
#1075 = VERTEX_POINT ( 'NONE', #6023 ) ;
#1076 = DIRECTION ( 'NONE',  ( -0.000000000000000000, -1.000000000000000000, -0.000000000000000000 ) ) ;
#1077 = ORIENTED_EDGE ( 'NONE', *, *, #4221, .F. ) ;
#1078 = LINE ( 'NONE', #2686, #2096 ) ;
#1079 = AXIS2_PLACEMENT_3D ( 'NONE', #530, #4019, #5522 ) ;
#1080 = EDGE_CURVE ( 'NONE', #3095, #1381, #2228, .T. ) ;
#1081 = DIRECTION ( 'NONE',  ( -5.421010862427523156E-16, 0.000000000000000000, -1.000000000000000000 ) ) ;
#1082 = CARTESIAN_POINT ( 'NONE',  ( -1.099999999999999201, 0.6472135954999579388, -0.6999999999999998446 ) ) ;
#1083 = ORIENTED_EDGE ( 'NONE', *, *, #2707, .F. ) ;
#1084 = SURFACE_STYLE_FILL_AREA ( #5381 ) ;
#1085 = DIRECTION ( 'NONE',  ( -0.000000000000000000, 0.000000000000000000, 1.000000000000000000 ) ) ;
#1086 = DIRECTION ( 'NONE',  ( 1.000000000000000000, -0.000000000000000000, 5.421010862427523156E-16 ) ) ;
#1087 = CARTESIAN_POINT ( 'NONE',  ( 1.499999999999999112, 0.000000000000000000, 0.9000000000000002442 ) ) ;
#1088 = ORIENTED_EDGE ( 'NONE', *, *, #2769, .T. ) ;
#1089 = PRESENTATION_LAYER_ASSIGNMENT (  '', '', ( #2098 ) ) ;
#1090 = VECTOR ( 'NONE', #2670, 1000.000000000000000 ) ;
#1091 = EDGE_CURVE ( 'NONE', #3850, #3504, #6269, .T. ) ;
#1092 = DIRECTION ( 'NONE',  ( 0.000000000000000000, 1.000000000000000000, 0.000000000000000000 ) ) ;
#1093 = UNCERTAINTY_MEASURE_WITH_UNIT (LENGTH_MEASURE( 1.000000000000000082E-05 ), #5076, 'distance_accuracy_value', 'NONE');
#1094 = ORIENTED_EDGE ( 'NONE', *, *, #3357, .T. ) ;
#1095 = ORIENTED_EDGE ( 'NONE', *, *, #1521, .T. ) ;
#1096 = ORIENTED_EDGE ( 'NONE', *, *, #440, .F. ) ;
#1097 = EDGE_CURVE ( 'NONE', #289, #2327, #4893, .T. ) ;
#1098 = CARTESIAN_POINT ( 'NONE',  ( -1.099999999999999201, 0.1999999999999999833, -0.5000000000000000000 ) ) ;
#1099 = FACE_OUTER_BOUND ( 'NONE', #2585, .T. ) ;
#1100 = EDGE_LOOP ( 'NONE', ( #3486, #6299, #4834, #4418 ) ) ;
#1101 = EDGE_CURVE ( 'NONE', #5566, #2168, #3312, .T. ) ;
#1102 = LINE ( 'NONE', #4912, #4403 ) ;
#1103 = DIRECTION ( 'NONE',  ( 0.000000000000000000, 0.000000000000000000, -1.000000000000000000 ) ) ;
#1104 = PLANE ( 'NONE',  #3449 ) ;
#1105 = DIRECTION ( 'NONE',  ( 0.000000000000000000, -1.000000000000000000, 0.000000000000000000 ) ) ;
#1106 = ORIENTED_EDGE ( 'NONE', *, *, #2047, .F. ) ;
#1107 = CLOSED_SHELL ( 'NONE', ( #5033, #176, #2170, #3411, #2790, #5400 ) ) ;
#1108 = CARTESIAN_POINT ( 'NONE',  ( 1.500000000000000444, 0.05000000000000000278, -1.500000000000000000 ) ) ;
#1109 = LINE ( 'NONE', #503, #2132 ) ;
#1110 = AXIS2_PLACEMENT_3D ( 'NONE', #2681, #2581, #1138 ) ;
#1111 = ORIENTED_EDGE ( 'NONE', *, *, #5833, .F. ) ;
#1112 = CARTESIAN_POINT ( 'NONE',  ( -0.4999999999999995559, 0.000000000000000000, -1.100000000000000089 ) ) ;
#1113 = VECTOR ( 'NONE', #2560, 1000.000000000000000 ) ;
#1114 = LINE ( 'NONE', #3861, #4953 ) ;
#1115 = CARTESIAN_POINT ( 'NONE',  ( 0.7000000000000005107, 0.000000000000000000, -1.100000000000000089 ) ) ;
#1116 = CARTESIAN_POINT ( 'NONE',  ( -0.09999999999999950595, 0.2000000000000000111, -1.100000000000000089 ) ) ;
#1117 = CARTESIAN_POINT ( 'NONE',  ( -0.8999999999999995781, 0.1999999999999999833, -1.100000000000000089 ) ) ;
#1118 = ORIENTED_EDGE ( 'NONE', *, *, #556, .T. ) ;
#1119 = CARTESIAN_POINT ( 'NONE',  ( -0.8999999999999993561, 0.2000000000000000111, 1.100000000000000533 ) ) ;
#1120 = EDGE_CURVE ( 'NONE', #2715, #995, #6101, .T. ) ;
#1121 = ORIENTED_EDGE ( 'NONE', *, *, #1393, .F. ) ;
#1122 = AXIS2_PLACEMENT_3D ( 'NONE', #2913, #2410, #4004 ) ;
#1123 = LINE ( 'NONE', #587, #4817 ) ;
#1124 = EDGE_LOOP ( 'NONE', ( #1275, #2545, #1903, #3893 ) ) ;
#1125 = VERTEX_POINT ( 'NONE', #986 ) ;
#1126 = PLANE ( 'NONE',  #4284 ) ;
#1127 = PLANE ( 'NONE',  #6444 ) ;
#1128 = DIRECTION ( 'NONE',  ( 0.000000000000000000, 1.000000000000000000, 0.000000000000000000 ) ) ;
#1129 = VECTOR ( 'NONE', #1105, 1000.000000000000000 ) ;
#1130 = FACE_OUTER_BOUND ( 'NONE', #2656, .T. ) ;
#1131 = SURFACE_SIDE_STYLE ('',( #3997 ) ) ;
#1132 = CARTESIAN_POINT ( 'NONE',  ( 1.099999999999999201, 0.1999999999999999833, -0.5000000000000000000 ) ) ;
#1133 = EDGE_CURVE ( 'NONE', #1207, #179, #904, .T. ) ;
#1134 = ORIENTED_EDGE ( 'NONE', *, *, #3252, .F. ) ;
#1135 = LINE ( 'NONE', #6087, #2843 ) ;
#1136 = LINE ( 'NONE', #5107, #3625 ) ;
#1137 = PRESENTATION_STYLE_ASSIGNMENT (( #2125 ) ) ;
#1138 = DIRECTION ( 'NONE',  ( 0.000000000000000000, -0.000000000000000000, 1.000000000000000000 ) ) ;
#1139 = DIRECTION ( 'NONE',  ( 5.421010862427523156E-16, -0.000000000000000000, 1.000000000000000000 ) ) ;
#1140 = DIRECTION ( 'NONE',  ( 0.000000000000000000, -1.000000000000000000, 0.000000000000000000 ) ) ;
#1141 = DIRECTION ( 'NONE',  ( 1.000000000000000000, -0.000000000000000000, -1.445602896647339163E-16 ) ) ;
#1142 = PLANE ( 'NONE',  #957 ) ;
#1143 = VERTEX_POINT ( 'NONE', #5662 ) ;
#1144 = DIRECTION ( 'NONE',  ( 0.000000000000000000, 0.000000000000000000, -1.000000000000000000 ) ) ;
#1145 = FACE_OUTER_BOUND ( 'NONE', #1311, .T. ) ;
#1146 = EDGE_CURVE ( 'NONE', #5760, #5128, #4959, .T. ) ;
#1147 = CARTESIAN_POINT ( 'NONE',  ( -0.2999999999999994338, 0.04999999999999999584, -1.100000000000000089 ) ) ;
#1148 = FACE_OUTER_BOUND ( 'NONE', #4839, .T. ) ;
#1149 = VERTEX_POINT ( 'NONE', #4102 ) ;
#1150 = ORIENTED_EDGE ( 'NONE', *, *, #3871, .T. ) ;
#1151 = CARTESIAN_POINT ( 'NONE',  ( 0.1000000000000005884, 0.6472135954999583829, -1.100000000000000089 ) ) ;
#1152 = CARTESIAN_POINT ( 'NONE',  ( -1.499999999999999112, 0.2000000000000000944, -0.2999999999999998779 ) ) ;
#1153 = ADVANCED_FACE ( 'NONE', ( #745 ), #3638, .F. ) ;
#1154 = CARTESIAN_POINT ( 'NONE',  ( -1.099999999999999201, 0.1999999999999999833, -0.9000000000000000222 ) ) ;
#1155 = ORIENTED_EDGE ( 'NONE', *, *, #4611, .T. ) ;
#1156 = CARTESIAN_POINT ( 'NONE',  ( 0.1000000000000008105, 0.04999999999999999584, 1.100000000000000089 ) ) ;
#1157 = EDGE_LOOP ( 'NONE', ( #6342, #357, #4011, #3347 ) ) ;
#1158 = LINE ( 'NONE', #5897, #146 ) ;
#1159 = ORIENTED_EDGE ( 'NONE', *, *, #5243, .T. ) ;
#1160 = CARTESIAN_POINT ( 'NONE',  ( -0.6999999999999994005, 0.000000000000000000, -1.100000000000000089 ) ) ;
#1161 = CARTESIAN_POINT ( 'NONE',  ( -1.499999999999999112, 0.1999999999999999833, 0.9000000000000002442 ) ) ;
#1162 = AXIS2_PLACEMENT_3D ( 'NONE', #4732, #4779, #2297 ) ;
#1163 = ORIENTED_EDGE ( 'NONE', *, *, #1654, .T. ) ;
#1164 = DIRECTION ( 'NONE',  ( 0.000000000000000000, 0.000000000000000000, -1.000000000000000000 ) ) ;
#1165 = DIRECTION ( 'NONE',  ( 1.000000000000000000, 0.000000000000000000, -5.421010862427523156E-16 ) ) ;
#1166 = CARTESIAN_POINT ( 'NONE',  ( -0.09999999999999928391, 0.2000000000000000111, 1.100000000000000533 ) ) ;
#1167 = LINE ( 'NONE', #3720, #1006 ) ;
#1168 = FACE_OUTER_BOUND ( 'NONE', #4056, .T. ) ;
#1169 = CARTESIAN_POINT ( 'NONE',  ( 0.1000000000000005884, 0.2000000000000000111, -1.100000000000000089 ) ) ;
#1170 = ORIENTED_EDGE ( 'NONE', *, *, #132, .T. ) ;
#1171 = LINE ( 'NONE', #1653, #5383 ) ;
#1172 = AXIS2_PLACEMENT_3D ( 'NONE', #6275, #5361, #3799 ) ;
#1173 = EDGE_CURVE ( 'NONE', #1056, #3327, #2066, .T. ) ;
#1174 =( NAMED_UNIT ( * ) SI_UNIT ( $, .STERADIAN. ) SOLID_ANGLE_UNIT ( ) );
#1175 = ORIENTED_EDGE ( 'NONE', *, *, #5778, .T. ) ;
#1176 = DIRECTION ( 'NONE',  ( 0.000000000000000000, 0.000000000000000000, -1.000000000000000000 ) ) ;
#1177 = CARTESIAN_POINT ( 'NONE',  ( -0.6999999999999996225, 0.1999999999999999833, -1.500000000000000000 ) ) ;
#1178 = EDGE_LOOP ( 'NONE', ( #1704, #6401, #4286, #2356, #1513, #4117, #1491, #2719, #2369, #6238, #5501, #2919, #3673, #2975, #4697, #4092, #2867, #3562, #3596, #1613, #3704, #5459, #241, #5978, #3815, #2455, #5392, #1894, #2879, #2517, #4523, #1874, #2754, #6103, #2600, #3665, #60, #169, #5213, #4984, #3907, #535, #5948, #5054, #4319, #5044, #5167, #3533, #1350, #6290, #1763, #2620, #6241, #3639, #4954, #5777, #2285, #6395, #4824, #2937, #2841, #2252, #4888, #304, #1106, #4626, #71, #4062, #2702, #6015, #3886, #5656, #6073, #2244, #266, #4677, #4306, #2082, #2220, #5440, #3989, #183, #2961, #1583 ) ) ;
#1179 = VECTOR ( 'NONE', #2111, 1000.000000000000000 ) ;
#1180 = DIRECTION ( 'NONE',  ( -1.000000000000000000, 0.000000000000000000, -5.421010862427523156E-16 ) ) ;
#1181 = VERTEX_POINT ( 'NONE', #654 ) ;
#1182 = DIRECTION ( 'NONE',  ( -1.000000000000000000, 0.000000000000000000, -0.000000000000000000 ) ) ;
#1183 = ORIENTED_EDGE ( 'NONE', *, *, #6437, .F. ) ;
#1184 = EDGE_CURVE ( 'NONE', #157, #1357, #1123, .T. ) ;
#1185 = CARTESIAN_POINT ( 'NONE',  ( 1.500000000000000444, 0.05000000000000000278, -1.500000000000000000 ) ) ;
#1186 = LINE ( 'NONE', #5636, #331 ) ;
#1187 = DIRECTION ( 'NONE',  ( 1.000000000000000000, 0.000000000000000000, 5.421010862427523156E-16 ) ) ;
#1188 = CARTESIAN_POINT ( 'NONE',  ( -1.099999999999999201, 0.000000000000000000, -0.9000000000000000222 ) ) ;
#1189 = CARTESIAN_POINT ( 'NONE',  ( 1.099999999999999201, 0.05000000000000002359, -0.6999999999999998446 ) ) ;
#1190 = FILL_AREA_STYLE_COLOUR ( '', #1728 ) ;
#1191 = ORIENTED_EDGE ( 'NONE', *, *, #3357, .F. ) ;
#1192 = EDGE_CURVE ( 'NONE', #494, #4121, #5880, .T. ) ;
#1193 = LINE ( 'NONE', #3546, #6089 ) ;
#1194 = CARTESIAN_POINT ( 'NONE',  ( 1.099999999999999201, 0.000000000000000000, 0.1000000000000001582 ) ) ;
#1195 = ORIENTED_EDGE ( 'NONE', *, *, #5380, .F. ) ;
#1196 = EDGE_CURVE ( 'NONE', #1262, #2360, #2917, .T. ) ;
#1197 = DIRECTION ( 'NONE',  ( 1.000000000000000000, 0.000000000000000000, -1.445602896647339163E-16 ) ) ;
#1198 = CARTESIAN_POINT ( 'NONE',  ( -0.09999999999999950595, 0.05000000000000000278, 0.000000000000000000 ) ) ;
#1199 = DIRECTION ( 'NONE',  ( 1.000000000000000000, -0.000000000000000000, 0.000000000000000000 ) ) ;
#1200 = VECTOR ( 'NONE', #5638, 1000.000000000000000 ) ;
#1201 = LINE ( 'NONE', #5342, #3376 ) ;
#1202 = ORIENTED_EDGE ( 'NONE', *, *, #5070, .F. ) ;
#1203 = CARTESIAN_POINT ( 'NONE',  ( 1.099999999999999201, 0.000000000000000000, -0.6999999999999998446 ) ) ;
#1204 = VERTEX_POINT ( 'NONE', #156 ) ;
#1205 = AXIS2_PLACEMENT_3D ( 'NONE', #2051, #3036, #4525 ) ;
#1206 = VECTOR ( 'NONE', #1738, 1000.000000000000000 ) ;
#1207 = VERTEX_POINT ( 'NONE', #4589 ) ;
#1208 = CARTESIAN_POINT ( 'NONE',  ( 1.200000000000000178, 0.2000000000000000111, 0.000000000000000000 ) ) ;
#1209 = CARTESIAN_POINT ( 'NONE',  ( 0.5000000000000006661, 0.2000000000000000111, -1.100000000000000089 ) ) ;
#1210 = EDGE_LOOP ( 'NONE', ( #6368, #4074, #4134, #5009 ) ) ;
#1211 = CARTESIAN_POINT ( 'NONE',  ( -1.099999999999999201, 0.6472135954999579388, 0.7000000000000000666 ) ) ;
#1212 = CARTESIAN_POINT ( 'NONE',  ( 0.1000000000000006994, 0.6472135954999583829, 1.500000000000000000 ) ) ;
#1213 = VECTOR ( 'NONE', #4715, 1000.000000000000000 ) ;
#1214 = LINE ( 'NONE', #4566, #3940 ) ;
#1215 = AXIS2_PLACEMENT_3D ( 'NONE', #2219, #3648, #5644 ) ;
#1216 = ORIENTED_EDGE ( 'NONE', *, *, #513, .T. ) ;
#1217 = VECTOR ( 'NONE', #6359, 1000.000000000000000 ) ;
#1218 = FACE_OUTER_BOUND ( 'NONE', #2664, .T. ) ;
#1219 = CARTESIAN_POINT ( 'NONE',  ( -0.6999999999999994005, 0.2000000000000000111, -1.100000000000000089 ) ) ;
#1220 = MANIFOLD_SOLID_BREP ( 'LPattern4[6]', #1652 ) ;
#1221 =( NAMED_UNIT ( * ) PLANE_ANGLE_UNIT ( ) SI_UNIT ( $, .RADIAN. ) );
#1222 = EDGE_LOOP ( 'NONE', ( #2449, #1324, #5208, #3029 ) ) ;
#1223 = CARTESIAN_POINT ( 'NONE',  ( 1.499999999999999112, 0.6472135954999579388, 0.7000000000000002887 ) ) ;
#1224 = LINE ( 'NONE', #1177, #51 ) ;
#1225 = PLANE ( 'NONE',  #1919 ) ;
#1226 =( GEOMETRIC_REPRESENTATION_CONTEXT ( 3 ) GLOBAL_UNCERTAINTY_ASSIGNED_CONTEXT ( ( #2554 ) ) GLOBAL_UNIT_ASSIGNED_CONTEXT ( ( #4484, #3518, #3063 ) ) REPRESENTATION_CONTEXT ( 'NONE', 'WORKASPACE' ) );
#1227 = FACE_OUTER_BOUND ( 'NONE', #2395, .T. ) ;
#1228 = CARTESIAN_POINT ( 'NONE',  ( -1.099999999999999201, 0.1999999999999999833, -0.6999999999999998446 ) ) ;
#1229 = EDGE_CURVE ( 'NONE', #869, #783, #3612, .T. ) ;
#1230 = ORIENTED_EDGE ( 'NONE', *, *, #4482, .F. ) ;
#1231 = DIRECTION ( 'NONE',  ( 5.421010862427523156E-16, -0.000000000000000000, 1.000000000000000000 ) ) ;
#1232 = ADVANCED_FACE ( 'NONE', ( #1770 ), #5588, .F. ) ;
#1233 = LINE ( 'NONE', #4042, #130 ) ;
#1234 = PLANE ( 'NONE',  #1475 ) ;
#1235 = DIRECTION ( 'NONE',  ( 0.000000000000000000, -1.000000000000000000, 0.000000000000000000 ) ) ;
#1236 = CARTESIAN_POINT ( 'NONE',  ( 1.500000000000000444, 0.05000000000000000278, 1.500000000000000000 ) ) ;
#1237 = DIRECTION ( 'NONE',  ( -2.710505431213761578E-16, 0.000000000000000000, 1.000000000000000000 ) ) ;
#1238 = EDGE_LOOP ( 'NONE', ( #4647, #3185, #3232, #2967 ) ) ;
#1239 = EDGE_CURVE ( 'NONE', #5990, #2715, #2984, .T. ) ;
#1240 = ORIENTED_EDGE ( 'NONE', *, *, #3798, .T. ) ;
#1241 = DIRECTION ( 'NONE',  ( 0.000000000000000000, -0.000000000000000000, 1.000000000000000000 ) ) ;
#1242 = ORIENTED_EDGE ( 'NONE', *, *, #4788, .T. ) ;
#1243 = DIRECTION ( 'NONE',  ( 1.000000000000000000, 0.000000000000000000, 5.421010862427523156E-16 ) ) ;
#1244 = VERTEX_POINT ( 'NONE', #5169 ) ;
#1245 = DIRECTION ( 'NONE',  ( -0.000000000000000000, 0.000000000000000000, -1.000000000000000000 ) ) ;
#1246 = AXIS2_PLACEMENT_3D ( 'NONE', #5707, #4298, #1293 ) ;
#1247 = VECTOR ( 'NONE', #458, 1000.000000000000000 ) ;
#1248 = LINE ( 'NONE', #4976, #3818 ) ;
#1249 = DIRECTION ( 'NONE',  ( 0.000000000000000000, 0.000000000000000000, 1.000000000000000000 ) ) ;
#1250 = EDGE_CURVE ( 'NONE', #4858, #3614, #4417, .T. ) ;
#1251 = VERTEX_POINT ( 'NONE', #3663 ) ;
#1252 = CARTESIAN_POINT ( 'NONE',  ( -1.099999999999999201, 0.1999999999999999833, 0.9000000000000002442 ) ) ;
#1253 = CARTESIAN_POINT ( 'NONE',  ( 0.1000000000000008105, 0.000000000000000000, 1.100000000000000089 ) ) ;
#1254 = EDGE_CURVE ( 'NONE', #4565, #3103, #1761, .T. ) ;
#1255 = DIRECTION ( 'NONE',  ( -0.000000000000000000, -1.000000000000000000, -0.000000000000000000 ) ) ;
#1256 = AXIS2_PLACEMENT_3D ( 'NONE', #5365, #6361, #5387 ) ;
#1257 = DIRECTION ( 'NONE',  ( -1.000000000000000000, 0.000000000000000000, 0.000000000000000000 ) ) ;
#1258 = VERTEX_POINT ( 'NONE', #4679 ) ;
#1259 = LINE ( 'NONE', #5135, #6389 ) ;
#1260 = CARTESIAN_POINT ( 'NONE',  ( 0.7000000000000007327, 0.2000000000000000111, 1.100000000000000533 ) ) ;
#1261 = CARTESIAN_POINT ( 'NONE',  ( -4.878909776184773897E-16, 0.05000000000000000278, -0.9000000000000004663 ) ) ;
#1262 = VERTEX_POINT ( 'NONE', #2599 ) ;
#1263 = EDGE_LOOP ( 'NONE', ( #2866, #1366, #3226, #3807 ) ) ;
#1264 = ADVANCED_FACE ( 'NONE', ( #2583 ), #676, .T. ) ;
#1265 = ORIENTED_EDGE ( 'NONE', *, *, #1055, .F. ) ;
#1266 = CARTESIAN_POINT ( 'NONE',  ( -0.6999999999999992895, 0.2000000000000000111, 1.100000000000000089 ) ) ;
#1267 = STYLED_ITEM ( 'NONE', ( #827 ), #5851 ) ;
#1268 = VECTOR ( 'NONE', #4080, 1000.000000000000000 ) ;
#1269 = DIRECTION ( 'NONE',  ( 1.445602896647339163E-16, -0.000000000000000000, 1.000000000000000000 ) ) ;
#1270 = EDGE_CURVE ( 'NONE', #4121, #343, #5634, .T. ) ;
#1271 = SURFACE_STYLE_USAGE ( .BOTH. , #4270 ) ;
#1272 = ORIENTED_EDGE ( 'NONE', *, *, #34, .T. ) ;
#1273 = CARTESIAN_POINT ( 'NONE',  ( 0.7000000000000005107, 0.1999999999999999833, -1.100000000000000089 ) ) ;
#1274 = CARTESIAN_POINT ( 'NONE',  ( 0.1000000000000008105, 0.6472135954999583829, 1.100000000000000089 ) ) ;
#1275 = ORIENTED_EDGE ( 'NONE', *, *, #65, .F. ) ;
#1276 = EDGE_CURVE ( 'NONE', #1450, #686, #6340, .T. ) ;
#1277 = CARTESIAN_POINT ( 'NONE',  ( 1.099999999999999201, 0.000000000000000000, -0.6999999999999998446 ) ) ;
#1278 = DIRECTION ( 'NONE',  ( -2.710505431213761578E-16, 0.000000000000000000, 1.000000000000000000 ) ) ;
#1279 = LINE ( 'NONE', #2575, #2666 ) ;
#1280 = CARTESIAN_POINT ( 'NONE',  ( 1.099999999999999201, 0.05000000000000002359, -0.09999999999999993616 ) ) ;
#1281 = CARTESIAN_POINT ( 'NONE',  ( -1.099999999999999201, 0.6472135954999579388, 0.1000000000000001582 ) ) ;
#1282 = EDGE_LOOP ( 'NONE', ( #1933, #5755, #1567, #2477 ) ) ;
#1283 = CARTESIAN_POINT ( 'NONE',  ( -1.499999999999999556, 0.05000000000000000278, 1.500000000000000444 ) ) ;
#1284 = LINE ( 'NONE', #3071, #4005 ) ;
#1285 = FACE_OUTER_BOUND ( 'NONE', #5877, .T. ) ;
#1286 = AXIS2_PLACEMENT_3D ( 'NONE', #4552, #3992, #4486 ) ;
#1287 = DIRECTION ( 'NONE',  ( 0.000000000000000000, -0.000000000000000000, 1.000000000000000000 ) ) ;
#1288 = ORIENTED_EDGE ( 'NONE', *, *, #5027, .F. ) ;
#1289 = VERTEX_POINT ( 'NONE', #2211 ) ;
#1290 = CARTESIAN_POINT ( 'NONE',  ( 1.500000000000000444, 0.05000000000000000278, -1.500000000000000000 ) ) ;
#1291 = VECTOR ( 'NONE', #409, 1000.000000000000000 ) ;
#1292 = VECTOR ( 'NONE', #927, 1000.000000000000000 ) ;
#1293 = DIRECTION ( 'NONE',  ( 0.000000000000000000, -0.000000000000000000, -1.000000000000000000 ) ) ;
#1294 = DIRECTION ( 'NONE',  ( -1.000000000000000000, 0.000000000000000000, 5.421010862427523156E-16 ) ) ;
#1295 = ORIENTED_EDGE ( 'NONE', *, *, #21, .F. ) ;
#1296 = STYLED_ITEM ( 'NONE', ( #2191 ), #3126 ) ;
#1297 = LINE ( 'NONE', #4717, #2921 ) ;
#1298 = DIRECTION ( 'NONE',  ( -2.710505431213761578E-16, 0.000000000000000000, 1.000000000000000000 ) ) ;
#1299 = ADVANCED_FACE ( 'NONE', ( #420 ), #4228, .F. ) ;
#1300 = FACE_OUTER_BOUND ( 'NONE', #5597, .T. ) ;
#1301 = FACE_OUTER_BOUND ( 'NONE', #5776, .T. ) ;
#1302 = CARTESIAN_POINT ( 'NONE',  ( 0.1000000000000008105, 0.000000000000000000, 1.100000000000000089 ) ) ;
#1303 = CARTESIAN_POINT ( 'NONE',  ( -0.2999999999999994338, 0.1999999999999999833, -1.100000000000000089 ) ) ;
#1304 = VERTEX_POINT ( 'NONE', #5188 ) ;
#1305 = DIRECTION ( 'NONE',  ( -0.000000000000000000, 0.000000000000000000, -1.000000000000000000 ) ) ;
#1306 = VECTOR ( 'NONE', #1803, 1000.000000000000000 ) ;
#1307 = LINE ( 'NONE', #661, #2771 ) ;
#1308 = LINE ( 'NONE', #5176, #985 ) ;
#1309 = STYLED_ITEM ( 'NONE', ( #4194 ), #4910 ) ;
#1310 = EDGE_CURVE ( 'NONE', #1442, #3915, #4349, .T. ) ;
#1311 = EDGE_LOOP ( 'NONE', ( #466, #4174, #4770, #1045 ) ) ;
#1312 = VECTOR ( 'NONE', #3881, 1000.000000000000000 ) ;
#1313 = DIRECTION ( 'NONE',  ( 0.000000000000000000, 0.000000000000000000, -1.000000000000000000 ) ) ;
#1314 = ORIENTED_EDGE ( 'NONE', *, *, #3177, .F. ) ;
#1315 = CARTESIAN_POINT ( 'NONE',  ( -1.099999999999999201, 0.1999999999999999833, -0.2999999999999998779 ) ) ;
#1316 = FACE_OUTER_BOUND ( 'NONE', #3611, .T. ) ;
#1317 = EDGE_CURVE ( 'NONE', #5687, #2141, #1589, .T. ) ;
#1318 = ORIENTED_EDGE ( 'NONE', *, *, #1568, .F. ) ;
#1319 = DIRECTION ( 'NONE',  ( 0.000000000000000000, -1.000000000000000000, 0.000000000000000000 ) ) ;
#1320 = ORIENTED_EDGE ( 'NONE', *, *, #1120, .T. ) ;
#1321 = EDGE_CURVE ( 'NONE', #1945, #3461, #2516, .T. ) ;
#1322 = DIRECTION ( 'NONE',  ( 2.710505431213761578E-16, 0.000000000000000000, 1.000000000000000000 ) ) ;
#1323 = PRODUCT_CONTEXT ( 'NONE', #6169, 'mechanical' ) ;
#1324 = ORIENTED_EDGE ( 'NONE', *, *, #6083, .F. ) ;
#1325 = DIRECTION ( 'NONE',  ( 1.000000000000000000, 0.000000000000000000, 0.000000000000000000 ) ) ;
#1326 = DIRECTION ( 'NONE',  ( 5.421010862427523156E-16, 0.000000000000000000, 1.000000000000000000 ) ) ;
#1327 = CARTESIAN_POINT ( 'NONE',  ( -1.099999999999999201, 0.6472135954999580498, -0.2999999999999998779 ) ) ;
#1328 = FACE_OUTER_BOUND ( 'NONE', #3112, .T. ) ;
#1329 = ORIENTED_EDGE ( 'NONE', *, *, #1654, .F. ) ;
#1330 = AXIS2_PLACEMENT_3D ( 'NONE', #3545, #1555, #5004 ) ;
#1331 = EDGE_CURVE ( 'NONE', #3936, #351, #1518, .T. ) ;
#1332 = CARTESIAN_POINT ( 'NONE',  ( 0.5000000000000007772, 0.6472135954999583829, 1.500000000000000000 ) ) ;
#1333 = EDGE_LOOP ( 'NONE', ( #579, #6326, #6218, #1435 ) ) ;
#1334 = ADVANCED_FACE ( 'NONE', ( #102 ), #248, .T. ) ;
#1335 = VECTOR ( 'NONE', #140, 1000.000000000000000 ) ;
#1336 = LINE ( 'NONE', #54, #4047 ) ;
#1337 = DIRECTION ( 'NONE',  ( -0.000000000000000000, 0.000000000000000000, -1.000000000000000000 ) ) ;
#1338 =( GEOMETRIC_REPRESENTATION_CONTEXT ( 3 ) GLOBAL_UNCERTAINTY_ASSIGNED_CONTEXT ( ( #3814 ) ) GLOBAL_UNIT_ASSIGNED_CONTEXT ( ( #722, #1221, #1174 ) ) REPRESENTATION_CONTEXT ( 'NONE', 'WORKASPACE' ) );
#1339 = ORIENTED_EDGE ( 'NONE', *, *, #5556, .T. ) ;
#1340 = VECTOR ( 'NONE', #3942, 1000.000000000000000 ) ;
#1341 = DIRECTION ( 'NONE',  ( 0.000000000000000000, -1.000000000000000000, 0.000000000000000000 ) ) ;
#1342 = EDGE_LOOP ( 'NONE', ( #3015, #4802, #2352, #607 ) ) ;
#1343 = EDGE_LOOP ( 'NONE', ( #5313, #4875, #3219, #3345 ) ) ;
#1344 = VECTOR ( 'NONE', #4305, 1000.000000000000000 ) ;
#1345 = DIRECTION ( 'NONE',  ( 0.000000000000000000, 0.000000000000000000, -1.000000000000000000 ) ) ;
#1346 = DIRECTION ( 'NONE',  ( 0.000000000000000000, -0.000000000000000000, -1.000000000000000000 ) ) ;
#1347 = VERTEX_POINT ( 'NONE', #3182 ) ;
#1348 = VERTEX_POINT ( 'NONE', #1758 ) ;
#1349 = VECTOR ( 'NONE', #4640, 1000.000000000000000 ) ;
#1350 = ORIENTED_EDGE ( 'NONE', *, *, #513, .F. ) ;
#1351 = EDGE_CURVE ( 'NONE', #5980, #300, #4266, .T. ) ;
#1352 = CARTESIAN_POINT ( 'NONE',  ( -0.2999999999999996558, 0.1999999999999999833, -1.500000000000000000 ) ) ;
#1353 = VERTEX_POINT ( 'NONE', #700 ) ;
#1354 = DIRECTION ( 'NONE',  ( -0.000000000000000000, -1.000000000000000000, -0.000000000000000000 ) ) ;
#1355 = FACE_OUTER_BOUND ( 'NONE', #2232, .T. ) ;
#1356 = ADVANCED_FACE ( 'NONE', ( #3531 ), #4727, .F. ) ;
#1357 = VERTEX_POINT ( 'NONE', #5278 ) ;
#1358 = EDGE_CURVE ( 'NONE', #1149, #2951, #4084, .T. ) ;
#1359 = DIRECTION ( 'NONE',  ( -2.710505431213761578E-16, 0.000000000000000000, 1.000000000000000000 ) ) ;
#1360 = ORIENTED_EDGE ( 'NONE', *, *, #5070, .T. ) ;
#1361 = PLANE ( 'NONE',  #5724 ) ;
#1362 = DIRECTION ( 'NONE',  ( 1.000000000000000000, 0.000000000000000000, -2.168404344971008079E-15 ) ) ;
#1364 = CARTESIAN_POINT ( 'NONE',  ( -0.4999999999999995559, 0.1999999999999999833, -1.100000000000000089 ) ) ;
#1363 = CARTESIAN_POINT ( 'NONE',  ( 0.5000000000000006661, 0.1999999999999999833, -1.100000000000000089 ) ) ;
#1365 = LINE ( 'NONE', #278, #5180 ) ;
#1366 = ORIENTED_EDGE ( 'NONE', *, *, #6222, .F. ) ;
#1367 = ORIENTED_EDGE ( 'NONE', *, *, #6083, .T. ) ;
#1368 = DIRECTION ( 'NONE',  ( 2.710505431213761578E-16, -0.000000000000000000, -1.000000000000000000 ) ) ;
#1369 = AXIS2_PLACEMENT_3D ( 'NONE', #6310, #350, #3835 ) ;
#1370 = VECTOR ( 'NONE', #1235, 1000.000000000000000 ) ;
#1371 = VECTOR ( 'NONE', #1407, 1000.000000000000000 ) ;
#1372 = EDGE_CURVE ( 'NONE', #620, #3093, #2372, .T. ) ;
#1373 = EDGE_CURVE ( 'NONE', #3547, #4003, #4731, .T. ) ;
#1374 = EDGE_LOOP ( 'NONE', ( #3721, #2988, #6172, #1724 ) ) ;
#1375 = CARTESIAN_POINT ( 'NONE',  ( 0.1000000000000006994, 0.000000000000000000, 1.500000000000000000 ) ) ;
#1376 = FACE_OUTER_BOUND ( 'NONE', #2885, .T. ) ;
#1377 = VECTOR ( 'NONE', #1815, 1000.000000000000000 ) ;
#1378 = VECTOR ( 'NONE', #2503, 1000.000000000000000 ) ;
#1379 = DIRECTION ( 'NONE',  ( 1.000000000000000000, -0.000000000000000000, -2.168404344971010446E-15 ) ) ;
#1380 = EDGE_CURVE ( 'NONE', #6127, #1945, #1439, .T. ) ;
#1381 = VERTEX_POINT ( 'NONE', #2274 ) ;
#1382 = PLANE ( 'NONE',  #3964 ) ;
#1383 = VECTOR ( 'NONE', #619, 1000.000000000000000 ) ;
#1384 = DIRECTION ( 'NONE',  ( -1.000000000000000000, 0.000000000000000000, -2.710505431213761578E-16 ) ) ;
#1385 = LINE ( 'NONE', #5931, #52 ) ;
#1386 = CARTESIAN_POINT ( 'NONE',  ( -0.8999999999999995781, 0.2000000000000000111, -1.100000000000000089 ) ) ;
#1387 = DIRECTION ( 'NONE',  ( 2.168404344971008079E-15, -0.000000000000000000, 1.000000000000000000 ) ) ;
#1388 = DIRECTION ( 'NONE',  ( 1.000000000000000000, 0.000000000000000000, -2.168404344971008079E-15 ) ) ;
#1389 = VERTEX_POINT ( 'NONE', #1203 ) ;
#1390 = DIRECTION ( 'NONE',  ( 0.000000000000000000, -0.000000000000000000, 1.000000000000000000 ) ) ;
#1391 = VECTOR ( 'NONE', #2521, 1000.000000000000000 ) ;
#1392 = VECTOR ( 'NONE', #4022, 1000.000000000000000 ) ;
#1393 = EDGE_CURVE ( 'NONE', #6201, #1649, #5405, .T. ) ;
#1394 = CARTESIAN_POINT ( 'NONE',  ( 0.9000000000000005773, 0.1999999999999999833, -1.100000000000000089 ) ) ;
#1395 = ADVANCED_FACE ( 'NONE', ( #3229 ), #6230, .F. ) ;
#1396 = EDGE_LOOP ( 'NONE', ( #3796, #217, #3554, #766 ) ) ;
#1397 = CARTESIAN_POINT ( 'NONE',  ( -1.099999999999999201, 0.1999999999999999833, -0.09999999999999993616 ) ) ;
#1398 = CLOSED_SHELL ( 'NONE', ( #5481, #4900, #3955, #3024, #3594, #3750 ) ) ;
#1399 = DIRECTION ( 'NONE',  ( -1.000000000000000000, 0.000000000000000000, -0.000000000000000000 ) ) ;
#1400 = CARTESIAN_POINT ( 'NONE',  ( -0.09999999999999950595, 0.000000000000000000, -1.100000000000000089 ) ) ;
#1401 = ORIENTED_EDGE ( 'NONE', *, *, #4939, .T. ) ;
#1402 = EDGE_CURVE ( 'NONE', #3732, #5517, #4495, .T. ) ;
#1403 = VERTEX_POINT ( 'NONE', #2230 ) ;
#1404 = CARTESIAN_POINT ( 'NONE',  ( 0.000000000000000000, 0.2000000000000000111, 0.000000000000000000 ) ) ;
#1405 = CARTESIAN_POINT ( 'NONE',  ( 1.499999999999999112, 0.6472135954999579388, 0.9000000000000002442 ) ) ;
#1406 = VECTOR ( 'NONE', #517, 1000.000000000000000 ) ;
#1407 = DIRECTION ( 'NONE',  ( 1.000000000000000000, 0.000000000000000000, 0.000000000000000000 ) ) ;
#1408 =( LENGTH_UNIT ( ) NAMED_UNIT ( * ) SI_UNIT ( .MILLI., .METRE. ) );
#1409 = EDGE_LOOP ( 'NONE', ( #3644, #5609, #3276, #4666 ) ) ;
#1410 = AXIS2_PLACEMENT_3D ( 'NONE', #2012, #4531, #6439 ) ;
#1411 = CARTESIAN_POINT ( 'NONE',  ( 0.5000000000000006661, 0.6472135954999583829, -1.100000000000000089 ) ) ;
#1412 = VECTOR ( 'NONE', #4400, 1000.000000000000000 ) ;
#1413 = EDGE_CURVE ( 'NONE', #1893, #3526, #3145, .T. ) ;
#1414 = DIRECTION ( 'NONE',  ( 2.168404344971008079E-15, -0.000000000000000000, 1.000000000000000000 ) ) ;
#1415 = EDGE_LOOP ( 'NONE', ( #3344, #6004, #6024, #5096 ) ) ;
#1416 = VECTOR ( 'NONE', #4105, 1000.000000000000000 ) ;
#1417 = CARTESIAN_POINT ( 'NONE',  ( 0.000000000000000000, 0.000000000000000000, 0.000000000000000000 ) ) ;
#1418 = EDGE_LOOP ( 'NONE', ( #3676, #5331, #6226, #712, #6243, #3781, #4625, #5137, #6277, #3766, #4387, #5480, #5828, #3779, #2461, #1049, #5289, #3440, #5369, #5903, #4556, #3083, #2300, #1798 ) ) ;
#1419 = EDGE_LOOP ( 'NONE', ( #4672, #5251, #4946, #1591 ) ) ;
#1420 = LINE ( 'NONE', #3602, #5018 ) ;
#1421 = MANIFOLD_SOLID_BREP ( 'LPattern3[6]', #5966 ) ;
#1422 = PLANE ( 'NONE',  #2346 ) ;
#1423 = DIRECTION ( 'NONE',  ( 0.000000000000000000, 1.000000000000000000, 0.000000000000000000 ) ) ;
#1424 = ADVANCED_FACE ( 'NONE', ( #1285 ), #3372, .F. ) ;
#1425 = EDGE_LOOP ( 'NONE', ( #3244, #4774, #825, #1586 ) ) ;
#1426 =( GEOMETRIC_REPRESENTATION_CONTEXT ( 3 ) GLOBAL_UNCERTAINTY_ASSIGNED_CONTEXT ( ( #3043 ) ) GLOBAL_UNIT_ASSIGNED_CONTEXT ( ( #4871, #4415, #896 ) ) REPRESENTATION_CONTEXT ( 'NONE', 'WORKASPACE' ) );
#1427 = VECTOR ( 'NONE', #2017, 1000.000000000000000 ) ;
#1428 = CARTESIAN_POINT ( 'NONE',  ( 1.099999999999999201, 0.05000000000000002359, 0.7000000000000000666 ) ) ;
#1429 = EDGE_CURVE ( 'NONE', #5623, #4565, #1670, .T. ) ;
#1430 = DIRECTION ( 'NONE',  ( -0.000000000000000000, 0.000000000000000000, -1.000000000000000000 ) ) ;
#1431 = EDGE_LOOP ( 'NONE', ( #2224, #1698, #5832, #1657 ) ) ;
#1432 = CARTESIAN_POINT ( 'NONE',  ( 1.099999999999999201, 0.1999999999999999833, -0.9000000000000000222 ) ) ;
#1433 = VECTOR ( 'NONE', #3636, 1000.000000000000000 ) ;
#1434 = CARTESIAN_POINT ( 'NONE',  ( 1.099999999999999201, 0.6472135954999579388, -0.6999999999999998446 ) ) ;
#1435 = ORIENTED_EDGE ( 'NONE', *, *, #4069, .F. ) ;
#1436 = EDGE_CURVE ( 'NONE', #2247, #6201, #5174, .T. ) ;
#1437 = DIRECTION ( 'NONE',  ( 0.000000000000000000, -0.000000000000000000, -1.000000000000000000 ) ) ;
#1438 = LINE ( 'NONE', #159, #101 ) ;
#1439 = LINE ( 'NONE', #5733, #2758 ) ;
#1440 = ORIENTED_EDGE ( 'NONE', *, *, #4093, .F. ) ;
#1441 = EDGE_CURVE ( 'NONE', #3169, #5990, #5946, .T. ) ;
#1442 = VERTEX_POINT ( 'NONE', #5794 ) ;
#1443 = DIRECTION ( 'NONE',  ( 0.000000000000000000, 0.000000000000000000, -1.000000000000000000 ) ) ;
#1444 = CARTESIAN_POINT ( 'NONE',  ( -0.2999999999999993228, 0.000000000000000000, 1.500000000000000000 ) ) ;
#1445 = VECTOR ( 'NONE', #615, 1000.000000000000000 ) ;
#1446 = LINE ( 'NONE', #883, #4089 ) ;
#1447 = EDGE_CURVE ( 'NONE', #3769, #3143, #5094, .T. ) ;
#1448 = EDGE_CURVE ( 'NONE', #4680, #3654, #3307, .T. ) ;
#1449 = DIRECTION ( 'NONE',  ( -1.000000000000000000, 0.000000000000000000, 0.000000000000000000 ) ) ;
#1450 = VERTEX_POINT ( 'NONE', #3854 ) ;
#1451 = LINE ( 'NONE', #1625, #5748 ) ;
#1452 = PLANE ( 'NONE',  #1256 ) ;
#1453 = VECTOR ( 'NONE', #1176, 1000.000000000000000 ) ;
#1454 = FACE_OUTER_BOUND ( 'NONE', #1817, .T. ) ;
#1455 = DIRECTION ( 'NONE',  ( 0.000000000000000000, 0.000000000000000000, 1.000000000000000000 ) ) ;
#1456 = DIRECTION ( 'NONE',  ( -1.000000000000000000, 0.000000000000000000, 2.168404344971010446E-15 ) ) ;
#1457 = EDGE_LOOP ( 'NONE', ( #3823, #4301, #2420, #5123 ) ) ;
#1458 = ADVANCED_FACE ( 'NONE', ( #493 ), #4376, .F. ) ;
#1459 = LINE ( 'NONE', #4318, #1859 ) ;
#1460 = VECTOR ( 'NONE', #4159, 1000.000000000000000 ) ;
#1461 = VECTOR ( 'NONE', #3484, 1000.000000000000000 ) ;
#1462 = CARTESIAN_POINT ( 'NONE',  ( 0.1000000000000006994, 0.000000000000000000, 1.500000000000000000 ) ) ;
#1463 = ORIENTED_EDGE ( 'NONE', *, *, #1101, .T. ) ;
#1464 = VECTOR ( 'NONE', #134, 1000.000000000000000 ) ;
#1465 = EDGE_CURVE ( 'NONE', #2800, #1893, #6331, .T. ) ;
#1466 = AXIS2_PLACEMENT_3D ( 'NONE', #4524, #1549, #2029 ) ;
#1467 = CARTESIAN_POINT ( 'NONE',  ( -0.09999999999999928391, 0.1999999999999999833, 1.100000000000000533 ) ) ;
#1468 = VERTEX_POINT ( 'NONE', #4360 ) ;
#1469 = DIRECTION ( 'NONE',  ( 1.000000000000000000, 0.000000000000000000, -2.710505431213761578E-16 ) ) ;
#1470 = EDGE_LOOP ( 'NONE', ( #938, #5958, #5666, #4407 ) ) ;
#1471 = ADVANCED_FACE ( 'NONE', ( #4001 ), #5818, .T. ) ;
#1472 = ORIENTED_EDGE ( 'NONE', *, *, #1250, .T. ) ;
#1473 = DIRECTION ( 'NONE',  ( 2.710505431213761578E-16, -0.000000000000000000, -1.000000000000000000 ) ) ;
#1474 = ORIENTED_EDGE ( 'NONE', *, *, #2253, .F. ) ;
#1475 = AXIS2_PLACEMENT_3D ( 'NONE', #3764, #4736, #2236 ) ;
#1476 = CARTESIAN_POINT ( 'NONE',  ( -0.2999999999999992117, 0.2000000000000000111, 1.100000000000000089 ) ) ;
#1477 = CARTESIAN_POINT ( 'NONE',  ( 0.9000000000000003553, 0.1999999999999999833, -1.500000000000000000 ) ) ;
#1478 = EDGE_CURVE ( 'NONE', #1893, #80, #341, .T. ) ;
#1479 = CARTESIAN_POINT ( 'NONE',  ( 0.9000000000000007994, 0.2000000000000000111, 1.100000000000000089 ) ) ;
#1480 = VERTEX_POINT ( 'NONE', #1352 ) ;
#1481 = LINE ( 'NONE', #3728, #2802 ) ;
#1482 = ORIENTED_EDGE ( 'NONE', *, *, #5740, .F. ) ;
#1483 = DIRECTION ( 'NONE',  ( 0.000000000000000000, 0.000000000000000000, -1.000000000000000000 ) ) ;
#1484 = ORIENTED_EDGE ( 'NONE', *, *, #2559, .F. ) ;
#1485 = VECTOR ( 'NONE', #3168, 1000.000000000000000 ) ;
#1486 = LINE ( 'NONE', #6426, #2797 ) ;
#1487 = EDGE_CURVE ( 'NONE', #343, #5760, #4724, .T. ) ;
#1488 = DIRECTION ( 'NONE',  ( 0.000000000000000000, 0.000000000000000000, 1.000000000000000000 ) ) ;
#1489 = CARTESIAN_POINT ( 'NONE',  ( -0.2999999999999993228, 0.1999999999999999833, 1.500000000000000000 ) ) ;
#1490 = ADVANCED_FACE ( 'NONE', ( #3604 ), #3795, .T. ) ;
#1491 = ORIENTED_EDGE ( 'NONE', *, *, #3424, .F. ) ;
#1492 = CARTESIAN_POINT ( 'NONE',  ( 0.000000000000000000, 0.000000000000000000, 0.8000000000000000444 ) ) ;
#1493 = LINE ( 'NONE', #1710, #2413 ) ;
#1494 = CARTESIAN_POINT ( 'NONE',  ( 0.1000000000000005884, 0.04999999999999999584, -1.100000000000000089 ) ) ;
#1495 = CARTESIAN_POINT ( 'NONE',  ( 0.5000000000000006661, 0.2000000000000000111, -1.100000000000000089 ) ) ;
#1496 = ORIENTED_EDGE ( 'NONE', *, *, #2549, .F. ) ;
#1497 = VERTEX_POINT ( 'NONE', #308 ) ;
#1498 = FACE_OUTER_BOUND ( 'NONE', #966, .T. ) ;
#1499 = CARTESIAN_POINT ( 'NONE',  ( 0.8499999999999997558, 2.604163056034261903, -0.8499999999999997558 ) ) ;
#1500 = PLANE ( 'NONE',  #2982 ) ;
#1501 = ORIENTED_EDGE ( 'NONE', *, *, #5462, .F. ) ;
#1502 = VERTEX_POINT ( 'NONE', #1400 ) ;
#1503 = VECTOR ( 'NONE', #4492, 1000.000000000000000 ) ;
#1504 = DIRECTION ( 'NONE',  ( -0.000000000000000000, -0.000000000000000000, 1.000000000000000000 ) ) ;
#1505 = ORIENTED_EDGE ( 'NONE', *, *, #2361, .T. ) ;
#1506 = LINE ( 'NONE', #4510, #5322 ) ;
#1507 = DIRECTION ( 'NONE',  ( 0.000000000000000000, -1.000000000000000000, 0.000000000000000000 ) ) ;
#1508 = PLANE ( 'NONE',  #6328 ) ;
#1509 = ORIENTED_EDGE ( 'NONE', *, *, #2466, .T. ) ;
#1510 = EDGE_CURVE ( 'NONE', #6392, #5990, #4342, .T. ) ;
#1511 = LINE ( 'NONE', #6274, #5468 ) ;
#1512 = ORIENTED_EDGE ( 'NONE', *, *, #2936, .F. ) ;
#1513 = ORIENTED_EDGE ( 'NONE', *, *, #6369, .F. ) ;
#1514 = DIRECTION ( 'NONE',  ( 0.000000000000000000, -1.000000000000000000, 0.000000000000000000 ) ) ;
#1515 = DIRECTION ( 'NONE',  ( 1.000000000000000000, -0.000000000000000000, 0.000000000000000000 ) ) ;
#1516 = ADVANCED_FACE ( 'NONE', ( #564 ), #5336, .T. ) ;
#1517 = LINE ( 'NONE', #6344, #4563 ) ;
#1518 = LINE ( 'NONE', #205, #657 ) ;
#1519 = CARTESIAN_POINT ( 'NONE',  ( -0.6999999999999992895, 0.2000000000000000111, 1.500000000000000000 ) ) ;
#1520 = VERTEX_POINT ( 'NONE', #1929 ) ;
#1521 = EDGE_CURVE ( 'NONE', #4344, #4590, #2826, .T. ) ;
#1522 = VERTEX_POINT ( 'NONE', #1266 ) ;
#1523 = COLOUR_RGB ( '',0.7921568627450980005, 0.8196078431372548767, 0.9333333333333333481 ) ;
#1524 = ORIENTED_EDGE ( 'NONE', *, *, #1596, .T. ) ;
#1525 =( LENGTH_UNIT ( ) NAMED_UNIT ( * ) SI_UNIT ( .MILLI., .METRE. ) );
#1526 = CARTESIAN_POINT ( 'NONE',  ( 1.499999999999999112, 0.000000000000000000, 0.3000000000000003775 ) ) ;
#1527 = LINE ( 'NONE', #5847, #2996 ) ;
#1528 = SURFACE_SIDE_STYLE ('',( #3311 ) ) ;
#1529 = PRESENTATION_LAYER_ASSIGNMENT (  '', '', ( #285 ) ) ;
#1530 = VECTOR ( 'NONE', #3139, 1000.000000000000000 ) ;
#1531 = EDGE_CURVE ( 'NONE', #4831, #1348, #1201, .T. ) ;
#1532 = CARTESIAN_POINT ( 'NONE',  ( -0.4999999999999991673, 0.6472135954999583829, 1.500000000000000444 ) ) ;
#1533 = DIRECTION ( 'NONE',  ( 1.000000000000000000, -0.000000000000000000, 0.000000000000000000 ) ) ;
#1534 = ADVANCED_FACE ( 'NONE', ( #2510 ), #2345, .F. ) ;
#1535 = ORIENTED_EDGE ( 'NONE', *, *, #4336, .T. ) ;
#1536 = LINE ( 'NONE', #3707, #2928 ) ;
#1537 = LINE ( 'NONE', #6325, #4107 ) ;
#1538 = PLANE ( 'NONE',  #1539 ) ;
#1539 = AXIS2_PLACEMENT_3D ( 'NONE', #5499, #4017, #4036 ) ;
#1540 = VERTEX_POINT ( 'NONE', #1495 ) ;
#1541 = CARTESIAN_POINT ( 'NONE',  ( -1.099999999999999201, 0.6472135954999579388, -0.9000000000000000222 ) ) ;
#1542 = DIRECTION ( 'NONE',  ( -1.000000000000000000, 0.000000000000000000, -2.710505431213761578E-16 ) ) ;
#1543 = LINE ( 'NONE', #6105, #3641 ) ;
#1544 = DIRECTION ( 'NONE',  ( 0.000000000000000000, 0.000000000000000000, -1.000000000000000000 ) ) ;
#1545 = VECTOR ( 'NONE', #1703, 1000.000000000000000 ) ;
#1546 = ORIENTED_EDGE ( 'NONE', *, *, #4491, .T. ) ;
#1547 = AXIS2_PLACEMENT_3D ( 'NONE', #5647, #5575, #95 ) ;
#1548 = ORIENTED_EDGE ( 'NONE', *, *, #21, .T. ) ;
#1549 = DIRECTION ( 'NONE',  ( -1.000000000000000000, 0.000000000000000000, 5.421010862427523156E-16 ) ) ;
#1550 = PLANE ( 'NONE',  #1205 ) ;
#1552 = ADVANCED_FACE ( 'NONE', ( #3693 ), #2479, .T. ) ;
#1551 = PLANE ( 'NONE',  #623 ) ;
#1553 = VERTEX_POINT ( 'NONE', #4364 ) ;
#1554 = ORIENTED_EDGE ( 'NONE', *, *, #3927, .F. ) ;
#1555 = DIRECTION ( 'NONE',  ( 1.275531967630005245E-16, 0.000000000000000000, -1.000000000000000000 ) ) ;
#1556 = CARTESIAN_POINT ( 'NONE',  ( 0.7000000000000008438, 0.1999999999999999833, 1.500000000000000444 ) ) ;
#1557 = ORIENTED_EDGE ( 'NONE', *, *, #5027, .T. ) ;
#1558 = PLANE ( 'NONE',  #2048 ) ;
#1559 = VECTOR ( 'NONE', #212, 1000.000000000000000 ) ;
#1560 = LINE ( 'NONE', #997, #5373 ) ;
#1561 = EDGE_CURVE ( 'NONE', #3915, #2381, #1511, .T. ) ;
#1562 = DIRECTION ( 'NONE',  ( -0.000000000000000000, -0.000000000000000000, 1.000000000000000000 ) ) ;
#1563 = ORIENTED_EDGE ( 'NONE', *, *, #5422, .T. ) ;
#1564 = EDGE_CURVE ( 'NONE', #3697, #2955, #5330, .T. ) ;
#1565 = DIRECTION ( 'NONE',  ( -1.000000000000000000, 0.000000000000000000, 5.421010862427523156E-16 ) ) ;
#1566 = CARTESIAN_POINT ( 'NONE',  ( -1.099999999999999201, 0.1999999999999999833, 0.3000000000000001554 ) ) ;
#1567 = ORIENTED_EDGE ( 'NONE', *, *, #4570, .T. ) ;
#1568 = EDGE_CURVE ( 'NONE', #2536, #2312, #3776, .T. ) ;
#1569 = LINE ( 'NONE', #6063, #5606 ) ;
#1570 = ORIENTED_EDGE ( 'NONE', *, *, #1478, .F. ) ;
#1571 = VERTEX_POINT ( 'NONE', #1867 ) ;
#1572 = DIRECTION ( 'NONE',  ( 0.000000000000000000, 1.000000000000000000, 0.000000000000000000 ) ) ;
#1573 = EDGE_LOOP ( 'NONE', ( #5706, #477, #2442, #5256 ) ) ;
#1574 = VECTOR ( 'NONE', #4781, 1000.000000000000000 ) ;
#1575 = DIRECTION ( 'NONE',  ( 0.000000000000000000, 0.000000000000000000, -1.000000000000000000 ) ) ;
#1576 = DIRECTION ( 'NONE',  ( 0.000000000000000000, -1.000000000000000000, 0.000000000000000000 ) ) ;
#1577 = ORIENTED_EDGE ( 'NONE', *, *, #556, .F. ) ;
#1578 = VERTEX_POINT ( 'NONE', #1889 ) ;
#1579 = LINE ( 'NONE', #5910, #3922 ) ;
#1580 = EDGE_CURVE ( 'NONE', #320, #4478, #27, .T. ) ;
#1581 = DIRECTION ( 'NONE',  ( 0.000000000000000000, -1.000000000000000000, 0.000000000000000000 ) ) ;
#1582 = CARTESIAN_POINT ( 'NONE',  ( 0.1000000000000008105, 0.2000000000000000111, 1.100000000000000089 ) ) ;
#1583 = ORIENTED_EDGE ( 'NONE', *, *, #196, .F. ) ;
#1584 = EDGE_CURVE ( 'NONE', #3504, #2536, #5873, .T. ) ;
#1585 = AXIS2_PLACEMENT_3D ( 'NONE', #6084, #78, #3730 ) ;
#1586 = ORIENTED_EDGE ( 'NONE', *, *, #315, .F. ) ;
#1587 = CARTESIAN_POINT ( 'NONE',  ( 0.3000000000000007661, 0.6472135954999583829, 1.100000000000000533 ) ) ;
#1588 = LINE ( 'NONE', #4687, #6019 ) ;
#1589 = LINE ( 'NONE', #5212, #5548 ) ;
#1590 = SURFACE_STYLE_USAGE ( .BOTH. , #3105 ) ;
#1591 = ORIENTED_EDGE ( 'NONE', *, *, #3158, .T. ) ;
#1592 = CARTESIAN_POINT ( 'NONE',  ( 0.000000000000000000, 0.000000000000000000, 0.4000000000000000222 ) ) ;
#1593 = AXIS2_PLACEMENT_3D ( 'NONE', #113, #91, #4135 ) ;
#1594 = CARTESIAN_POINT ( 'NONE',  ( 0.7000000000000005107, 0.2000000000000000111, -1.500000000000000000 ) ) ;
#1595 = ORIENTED_EDGE ( 'NONE', *, *, #4550, .T. ) ;
#1596 = EDGE_CURVE ( 'NONE', #2237, #1381, #4170, .T. ) ;
#1597 = FACE_OUTER_BOUND ( 'NONE', #4367, .T. ) ;
#1598 = COLOUR_RGB ( '',0.7921568627450980005, 0.8196078431372548767, 0.9333333333333333481 ) ;
#1599 = PLANE ( 'NONE',  #6113 ) ;
#1600 = ORIENTED_EDGE ( 'NONE', *, *, #1605, .T. ) ;
#1601 = CARTESIAN_POINT ( 'NONE',  ( -0.2999999999999992673, 0.1999999999999996503, 1.500000000000000222 ) ) ;
#1602 = CARTESIAN_POINT ( 'NONE',  ( 1.099999999999999201, 0.1999999999999999833, -0.6999999999999998446 ) ) ;
#1603 = FACE_OUTER_BOUND ( 'NONE', #5172, .T. ) ;
#1604 = VECTOR ( 'NONE', #2752, 1000.000000000000000 ) ;
#1605 = EDGE_CURVE ( 'NONE', #3023, #494, #1114, .T. ) ;
#1606 = ORIENTED_EDGE ( 'NONE', *, *, #1862, .F. ) ;
#1607 = LINE ( 'NONE', #2175, #5893 ) ;
#1608 = VECTOR ( 'NONE', #2753, 1000.000000000000000 ) ;
#1609 = VECTOR ( 'NONE', #6281, 1000.000000000000000 ) ;
#1610 = CARTESIAN_POINT ( 'NONE',  ( 1.099999999999999201, 0.6472135954999579388, 0.7000000000000000666 ) ) ;
#1611 = DIRECTION ( 'NONE',  ( 0.000000000000000000, 0.000000000000000000, -1.000000000000000000 ) ) ;
#1612 = ADVANCED_FACE ( 'NONE', ( #2439 ), #878, .T. ) ;
#1613 = ORIENTED_EDGE ( 'NONE', *, *, #1521, .F. ) ;
#1614 = PLANE ( 'NONE',  #468 ) ;
#1615 = AXIS2_PLACEMENT_3D ( 'NONE', #3167, #3695, #1165 ) ;
#1616 = DIRECTION ( 'NONE',  ( 0.000000000000000000, 0.000000000000000000, -1.000000000000000000 ) ) ;
#1617 = VECTOR ( 'NONE', #2987, 1000.000000000000000 ) ;
#1618 = EDGE_LOOP ( 'NONE', ( #5385, #4154, #1998, #779 ) ) ;
#1619 = LINE ( 'NONE', #2669, #454 ) ;
#1620 = PLANE ( 'NONE',  #4929 ) ;
#1621 = ORIENTED_EDGE ( 'NONE', *, *, #6322, .F. ) ;
#1622 = PRESENTATION_LAYER_ASSIGNMENT (  '', '', ( #1296 ) ) ;
#1623 = CARTESIAN_POINT ( 'NONE',  ( 1.099999999999999201, 0.6472135954999579388, 0.5000000000000002220 ) ) ;
#1624 = CARTESIAN_POINT ( 'NONE',  ( 0.7000000000000005107, 0.04999999999999969746, -1.500000000000000000 ) ) ;
#1625 = CARTESIAN_POINT ( 'NONE',  ( -0.4999999999999995559, 0.2000000000000000111, -1.100000000000000089 ) ) ;
#1626 = ORIENTED_EDGE ( 'NONE', *, *, #848, .T. ) ;
#1627 = VERTEX_POINT ( 'NONE', #3338 ) ;
#1628 = VECTOR ( 'NONE', #4436, 1000.000000000000000 ) ;
#1629 = ORIENTED_EDGE ( 'NONE', *, *, #49, .T. ) ;
#1630 = AXIS2_PLACEMENT_3D ( 'NONE', #3382, #2830, #5363 ) ;
#1631 = EDGE_CURVE ( 'NONE', #4423, #5687, #965, .T. ) ;
#1632 = DIRECTION ( 'NONE',  ( 2.710505431213761578E-16, 0.000000000000000000, 1.000000000000000000 ) ) ;
#1633 = CARTESIAN_POINT ( 'NONE',  ( -1.099999999999999201, 0.1999999999999999833, -0.6999999999999998446 ) ) ;
#1634 = ORIENTED_EDGE ( 'NONE', *, *, #4729, .F. ) ;
#1635 = DIRECTION ( 'NONE',  ( -1.000000000000000000, 0.000000000000000000, -0.000000000000000000 ) ) ;
#1636 = CARTESIAN_POINT ( 'NONE',  ( 0.000000000000000000, 0.000000000000000000, 1.600000000000000089 ) ) ;
#1637 = VECTOR ( 'NONE', #4251, 1000.000000000000000 ) ;
#1638 = CARTESIAN_POINT ( 'NONE',  ( 1.500000000000000444, 0.05000000000000000278, -1.500000000000000000 ) ) ;
#1639 = FACE_OUTER_BOUND ( 'NONE', #4496, .T. ) ;
#1640 = DIRECTION ( 'NONE',  ( -2.710505431213761578E-16, 0.000000000000000000, -1.000000000000000000 ) ) ;
#1641 = ORIENTED_EDGE ( 'NONE', *, *, #98, .F. ) ;
#1642 = DIRECTION ( 'NONE',  ( -1.000000000000000000, 0.000000000000000000, 5.421010862427523156E-16 ) ) ;
#1643 = FACE_OUTER_BOUND ( 'NONE', #5605, .T. ) ;
#1644 = EDGE_CURVE ( 'NONE', #4544, #5980, #3525, .T. ) ;
#1645 = CARTESIAN_POINT ( 'NONE',  ( -0.2999999999999993228, 0.000000000000000000, 1.500000000000000000 ) ) ;
#1646 =( NAMED_UNIT ( * ) PLANE_ANGLE_UNIT ( ) SI_UNIT ( $, .RADIAN. ) );
#1647 = CARTESIAN_POINT ( 'NONE',  ( 1.099999999999999201, 0.6472135954999579388, -0.9000000000000000222 ) ) ;
#1648 = ADVANCED_FACE ( 'NONE', ( #5629 ), #838, .T. ) ;
#1649 = VERTEX_POINT ( 'NONE', #5865 ) ;
#1650 = ORIENTED_EDGE ( 'NONE', *, *, #5589, .T. ) ;
#1651 = DIRECTION ( 'NONE',  ( -0.000000000000000000, -1.000000000000000000, -0.000000000000000000 ) ) ;
#1652 = CLOSED_SHELL ( 'NONE', ( #5454, #5621, #3875, #5441, #4412, #2309 ) ) ;
#1653 = CARTESIAN_POINT ( 'NONE',  ( 1.099999999999999201, 0.1999999999999999833, 0.5000000000000002220 ) ) ;
#1654 = EDGE_CURVE ( 'NONE', #1262, #532, #2978, .T. ) ;
#1655 = CARTESIAN_POINT ( 'NONE',  ( -0.6999999999999994005, 0.04999999999999999584, -1.100000000000000089 ) ) ;
#1656 = LINE ( 'NONE', #4977, #5010 ) ;
#1657 = ORIENTED_EDGE ( 'NONE', *, *, #504, .T. ) ;
#1658 = EDGE_LOOP ( 'NONE', ( #946, #3404, #6408, #406 ) ) ;
#1659 = EDGE_CURVE ( 'NONE', #198, #3380, #4558, .T. ) ;
#1660 = VECTOR ( 'NONE', #2167, 1000.000000000000000 ) ;
#1661 = DIRECTION ( 'NONE',  ( 0.000000000000000000, -1.000000000000000000, 0.000000000000000000 ) ) ;
#1662 = PLANE ( 'NONE',  #451 ) ;
#1663 =( NAMED_UNIT ( * ) SI_UNIT ( $, .STERADIAN. ) SOLID_ANGLE_UNIT ( ) );
#1664 = ORIENTED_EDGE ( 'NONE', *, *, #2308, .T. ) ;
#1665 = DIRECTION ( 'NONE',  ( 1.000000000000000000, 0.000000000000000000, 0.000000000000000000 ) ) ;
#1666 = PRESENTATION_STYLE_ASSIGNMENT (( #5078 ) ) ;
#1667 = EDGE_LOOP ( 'NONE', ( #2202, #1548, #843, #2770 ) ) ;
#1668 = CARTESIAN_POINT ( 'NONE',  ( 0.000000000000000000, 0.2000000000000000111, 0.000000000000000000 ) ) ;
#1669 = CARTESIAN_POINT ( 'NONE',  ( 1.499999999999999112, 0.2000000000000000944, -0.2999999999999998779 ) ) ;
#1670 = LINE ( 'NONE', #369, #1840 ) ;
#1671 = FILL_AREA_STYLE ('',( #4665 ) ) ;
#1672 = CARTESIAN_POINT ( 'NONE',  ( 0.000000000000000000, 0.05000000000000000278, -1.100000000000000089 ) ) ;
#1673 = DIRECTION ( 'NONE',  ( -0.000000000000000000, -1.000000000000000000, -0.000000000000000000 ) ) ;
#1674 = DIRECTION ( 'NONE',  ( 0.000000000000000000, -1.000000000000000000, 0.000000000000000000 ) ) ;
#1675 = ORIENTED_EDGE ( 'NONE', *, *, #4108, .F. ) ;
#1676 = VERTEX_POINT ( 'NONE', #1556 ) ;
#1677 = AXIS2_PLACEMENT_3D ( 'NONE', #1610, #3081, #4604 ) ;
#1678 = CARTESIAN_POINT ( 'NONE',  ( -0.09999999999999950595, 0.1999999999999999833, -1.100000000000000089 ) ) ;
#1679 = FACE_OUTER_BOUND ( 'NONE', #3567, .T. ) ;
#1680 = EDGE_LOOP ( 'NONE', ( #3046, #5466, #1175, #2979 ) ) ;
#1681 = DIRECTION ( 'NONE',  ( 0.000000000000000000, -0.000000000000000000, -1.000000000000000000 ) ) ;
#1682 = ADVANCED_FACE ( 'NONE', ( #1355 ), #375, .T. ) ;
#1683 = FILL_AREA_STYLE ('',( #103 ) ) ;
#1684 = DIRECTION ( 'NONE',  ( -0.000000000000000000, -1.000000000000000000, -0.000000000000000000 ) ) ;
#1685 = VECTOR ( 'NONE', #2709, 1000.000000000000000 ) ;
#1686 = LINE ( 'NONE', #2958, #506 ) ;
#1687 = DIRECTION ( 'NONE',  ( 0.000000000000000000, -1.000000000000000000, 0.000000000000000000 ) ) ;
#1688 = DIRECTION ( 'NONE',  ( 1.000000000000000000, 0.000000000000000000, -2.710505431213761578E-16 ) ) ;
#1689 = EDGE_CURVE ( 'NONE', #6041, #4375, #6016, .T. ) ;
#1690 = ORIENTED_EDGE ( 'NONE', *, *, #1940, .F. ) ;
#1691 = DIRECTION ( 'NONE',  ( -1.000000000000000000, 0.000000000000000000, 5.421010862427523156E-16 ) ) ;
#1692 = LINE ( 'NONE', #5238, #5340 ) ;
#1693 = LINE ( 'NONE', #4451, #2779 ) ;
#1694 = CARTESIAN_POINT ( 'NONE',  ( -0.6999999999999992895, 0.000000000000000000, 1.500000000000000000 ) ) ;
#1695 = CARTESIAN_POINT ( 'NONE',  ( 0.3000000000000005440, 0.1999999999999999833, -1.100000000000000089 ) ) ;
#1696 = DIRECTION ( 'NONE',  ( 1.000000000000000000, -0.000000000000000000, -1.445602896647339163E-16 ) ) ;
#1697 =( LENGTH_UNIT ( ) NAMED_UNIT ( * ) SI_UNIT ( .MILLI., .METRE. ) );
#1698 = ORIENTED_EDGE ( 'NONE', *, *, #3141, .F. ) ;
#1699 = CARTESIAN_POINT ( 'NONE',  ( 0.1000000000000005884, 0.2000000000000000111, -1.100000000000000089 ) ) ;
#1700 = VECTOR ( 'NONE', #5729, 1000.000000000000000 ) ;
#1701 = CARTESIAN_POINT ( 'NONE',  ( 0.000000000000000000, 0.2000000000000000111, 0.000000000000000000 ) ) ;
#1702 = LINE ( 'NONE', #3004, #1461 ) ;
#1703 = DIRECTION ( 'NONE',  ( -0.000000000000000000, -1.000000000000000000, -0.000000000000000000 ) ) ;
#1704 = ORIENTED_EDGE ( 'NONE', *, *, #1351, .F. ) ;
#1705 = LINE ( 'NONE', #2157, #4031 ) ;
#1706 = CLOSED_SHELL ( 'NONE', ( #1458, #5497, #438, #3529, #4664, #2245 ) ) ;
#1707 = CARTESIAN_POINT ( 'NONE',  ( 0.8499999999999997558, 0.2000000000000000944, 0.8500000000000001998 ) ) ;
#1708 = MANIFOLD_SOLID_BREP ( 'LPattern4[2]', #3089 ) ;
#1709 = DIRECTION ( 'NONE',  ( 1.000000000000000000, -0.000000000000000000, -2.168404344971010446E-15 ) ) ;
#1710 = CARTESIAN_POINT ( 'NONE',  ( 0.3000000000000007661, 0.2000000000000000111, 1.100000000000000533 ) ) ;
#1711 = PRESENTATION_LAYER_ASSIGNMENT (  '', '', ( #4312 ) ) ;
#1712 = ORIENTED_EDGE ( 'NONE', *, *, #5171, .T. ) ;
#1713 = DIRECTION ( 'NONE',  ( 0.000000000000000000, -1.000000000000000000, 0.000000000000000000 ) ) ;
#1714 = ORIENTED_EDGE ( 'NONE', *, *, #2251, .F. ) ;
#1715 = EDGE_CURVE ( 'NONE', #3735, #474, #1755, .T. ) ;
#1716 = VERTEX_POINT ( 'NONE', #2578 ) ;
#1717 = PLANE ( 'NONE',  #5839 ) ;
#1718 = ORIENTED_EDGE ( 'NONE', *, *, #4734, .F. ) ;
#1719 = CARTESIAN_POINT ( 'NONE',  ( 2.385244779468109360E-15, 0.05000000000000000278, 1.100000000000000311 ) ) ;
#1720 = EDGE_CURVE ( 'NONE', #4242, #1353, #3599, .T. ) ;
#1721 = DIRECTION ( 'NONE',  ( -0.000000000000000000, -1.000000000000000000, -0.000000000000000000 ) ) ;
#1722 = CARTESIAN_POINT ( 'NONE',  ( 0.1000000000000006994, 0.04999999999999969746, 1.500000000000000000 ) ) ;
#1723 = ORIENTED_EDGE ( 'NONE', *, *, #5438, .T. ) ;
#1724 = ORIENTED_EDGE ( 'NONE', *, *, #5243, .F. ) ;
#1725 = DIRECTION ( 'NONE',  ( -0.000000000000000000, -1.000000000000000000, -0.000000000000000000 ) ) ;
#1726 = CARTESIAN_POINT ( 'NONE',  ( 1.099999999999999201, 0.1999999999999999833, -0.2999999999999998779 ) ) ;
#1727 = CARTESIAN_POINT ( 'NONE',  ( 1.499999999999999112, 0.000000000000000000, 0.5000000000000002220 ) ) ;
#1728 = COLOUR_RGB ( '',0.2509803921568627416, 0.2509803921568627416, 0.2509803921568627416 ) ;
#1729 = LINE ( 'NONE', #5943, #3026 ) ;
#1730 = CARTESIAN_POINT ( 'NONE',  ( 0.9000000000000003553, 0.04999999999999969746, -1.500000000000000000 ) ) ;
#1731 = ORIENTED_EDGE ( 'NONE', *, *, #2468, .T. ) ;
#1732 = ADVANCED_FACE ( 'NONE', ( #6255 ), #523, .F. ) ;
#1733 = LINE ( 'NONE', #5317, #3751 ) ;
#1734 = EDGE_CURVE ( 'NONE', #3804, #1520, #4163, .T. ) ;
#1735 = DIRECTION ( 'NONE',  ( 0.000000000000000000, 0.000000000000000000, -1.000000000000000000 ) ) ;
#1736 = EDGE_LOOP ( 'NONE', ( #3001, #5158, #5446, #6220 ) ) ;
#1737 = LINE ( 'NONE', #461, #3291 ) ;
#1738 = DIRECTION ( 'NONE',  ( -2.710505431213761578E-16, 0.000000000000000000, -1.000000000000000000 ) ) ;
#1739 = VERTEX_POINT ( 'NONE', #2520 ) ;
#1740 = DIRECTION ( 'NONE',  ( 0.000000000000000000, -0.000000000000000000, 1.000000000000000000 ) ) ;
#1741 = ORIENTED_EDGE ( 'NONE', *, *, #2318, .F. ) ;
#1742 = EDGE_CURVE ( 'NONE', #491, #3039, #647, .T. ) ;
#1743 = VECTOR ( 'NONE', #2101, 1000.000000000000000 ) ;
#1744 = DIRECTION ( 'NONE',  ( -1.000000000000000000, 0.000000000000000000, -5.421010862427523156E-16 ) ) ;
#1745 = CARTESIAN_POINT ( 'NONE',  ( -0.8999999999999995781, 0.2000000000000000111, -1.100000000000000089 ) ) ;
#1746 = DIRECTION ( 'NONE',  ( -0.000000000000000000, -0.000000000000000000, 1.000000000000000000 ) ) ;
#1747 = VERTEX_POINT ( 'NONE', #544 ) ;
#1748 = FACE_OUTER_BOUND ( 'NONE', #5131, .T. ) ;
#1749 = SURFACE_SIDE_STYLE ('',( #6362 ) ) ;
#1750 = AXIS2_PLACEMENT_3D ( 'NONE', #6365, #4455, #5068 ) ;
#1751 = PLANE ( 'NONE',  #6336 ) ;
#1752 = EDGE_LOOP ( 'NONE', ( #3623, #2184, #1557, #748 ) ) ;
#1753 = EDGE_CURVE ( 'NONE', #3057, #3332, #2750, .T. ) ;
#1754 = PLANE ( 'NONE',  #749 ) ;
#1755 = LINE ( 'NONE', #1065, #5464 ) ;
#1756 = PLANE ( 'NONE',  #4239 ) ;
#1757 = CARTESIAN_POINT ( 'NONE',  ( -1.099999999999999201, 0.000000000000000000, 0.1000000000000001582 ) ) ;
#1758 = CARTESIAN_POINT ( 'NONE',  ( -1.499999999999999112, 0.04999999999999991257, -0.2999999999999998779 ) ) ;
#1759 = ORIENTED_EDGE ( 'NONE', *, *, #3442, .F. ) ;
#1760 = LINE ( 'NONE', #231, #3062 ) ;
#1761 = LINE ( 'NONE', #1108, #6020 ) ;
#1762 = ADVANCED_FACE ( 'NONE', ( #4411 ), #3566, .F. ) ;
#1763 = ORIENTED_EDGE ( 'NONE', *, *, #1184, .F. ) ;
#1764 = PLANE ( 'NONE',  #5334 ) ;
#1765 = ORIENTED_EDGE ( 'NONE', *, *, #2415, .T. ) ;
#1766 = PLANE ( 'NONE',  #2880 ) ;
#1767 = DIRECTION ( 'NONE',  ( 2.710505431213761578E-16, 0.000000000000000000, 1.000000000000000000 ) ) ;
#1768 = CARTESIAN_POINT ( 'NONE',  ( -0.6999999999999994005, 0.2000000000000000111, -1.100000000000000089 ) ) ;
#1769 = LINE ( 'NONE', #4110, #4272 ) ;
#1770 = FACE_OUTER_BOUND ( 'NONE', #2095, .T. ) ;
#1771 = AXIS2_PLACEMENT_3D ( 'NONE', #5600, #1674, #3213 ) ;
#1772 = ORIENTED_EDGE ( 'NONE', *, *, #3032, .F. ) ;
#1773 = EDGE_CURVE ( 'NONE', #5145, #3590, #1109, .T. ) ;
#1774 = LINE ( 'NONE', #280, #5266 ) ;
#1775 = VECTOR ( 'NONE', #4235, 1000.000000000000000 ) ;
#1776 = DIRECTION ( 'NONE',  ( 0.000000000000000000, 0.000000000000000000, -1.000000000000000000 ) ) ;
#1777 = DIRECTION ( 'NONE',  ( 5.421010862427523156E-16, 0.000000000000000000, 1.000000000000000000 ) ) ;
#1778 = ORIENTED_EDGE ( 'NONE', *, *, #1584, .F. ) ;
#1779 = FACE_OUTER_BOUND ( 'NONE', #1968, .T. ) ;
#1780 =( NAMED_UNIT ( * ) SI_UNIT ( $, .STERADIAN. ) SOLID_ANGLE_UNIT ( ) );
#1781 = MECHANICAL_DESIGN_GEOMETRIC_PRESENTATION_REPRESENTATION (  '', ( #3225 ), #2015 ) ;
#1782 = FACE_OUTER_BOUND ( 'NONE', #1916, .T. ) ;
#1783 = VECTOR ( 'NONE', #1514, 1000.000000000000000 ) ;
#1784 = CARTESIAN_POINT ( 'NONE',  ( 1.099999999999999201, 0.000000000000000000, -0.5000000000000000000 ) ) ;
#1785 = EDGE_CURVE ( 'NONE', #5592, #6321, #5716, .T. ) ;
#1786 = ORIENTED_EDGE ( 'NONE', *, *, #677, .F. ) ;
#1787 = CARTESIAN_POINT ( 'NONE',  ( 1.099999999999999201, 0.000000000000000000, -0.09999999999999993616 ) ) ;
#1788 = FACE_OUTER_BOUND ( 'NONE', #681, .T. ) ;
#1789 = EDGE_CURVE ( 'NONE', #4369, #5125, #1193, .T. ) ;
#1790 = CARTESIAN_POINT ( 'NONE',  ( -0.8999999999999993561, 0.000000000000000000, 1.100000000000000533 ) ) ;
#1791 = EDGE_LOOP ( 'NONE', ( #5327, #4071, #4476, #2849 ) ) ;
#1792 = CARTESIAN_POINT ( 'NONE',  ( 0.7000000000000005107, 0.2000000000000000111, -1.100000000000000089 ) ) ;
#1793 = CARTESIAN_POINT ( 'NONE',  ( 1.099999999999999201, 0.6472135954999579388, -0.6999999999999998446 ) ) ;
#1794 = DIRECTION ( 'NONE',  ( -1.000000000000000000, 0.000000000000000000, 0.000000000000000000 ) ) ;
#1795 = ORIENTED_EDGE ( 'NONE', *, *, #638, .F. ) ;
#1796 = EDGE_CURVE ( 'NONE', #529, #795, #1506, .T. ) ;
#1797 = LINE ( 'NONE', #5868, #135 ) ;
#1798 = ORIENTED_EDGE ( 'NONE', *, *, #4466, .T. ) ;
#1799 = CARTESIAN_POINT ( 'NONE',  ( 0.1000000000000003664, 0.6472135954999583829, -1.500000000000000000 ) ) ;
#1800 = ADVANCED_FACE ( 'NONE', ( #2505 ), #1930, .T. ) ;
#1801 = CLOSED_SHELL ( 'NONE', ( #2657, #903, #2457, #6418, #2501, #218 ) ) ;
#1802 = ORIENTED_EDGE ( 'NONE', *, *, #3374, .T. ) ;
#1803 = DIRECTION ( 'NONE',  ( 1.000000000000000000, -0.000000000000000000, 5.421010862427523156E-16 ) ) ;
#1804 = AXIS2_PLACEMENT_3D ( 'NONE', #2069, #3517, #1040 ) ;
#1805 = LINE ( 'NONE', #4915, #3653 ) ;
#1806 = EDGE_LOOP ( 'NONE', ( #3725, #5456, #371, #2612 ) ) ;
#1807 = PLANE ( 'NONE',  #4849 ) ;
#1808 = DIRECTION ( 'NONE',  ( 1.000000000000000000, 0.000000000000000000, -2.168404344971008079E-15 ) ) ;
#1809 = ORIENTED_EDGE ( 'NONE', *, *, #2959, .F. ) ;
#1810 = CARTESIAN_POINT ( 'NONE',  ( 2.385244779468105811E-15, 0.05000000000000000278, 1.099999999999998535 ) ) ;
#1811 = FACE_OUTER_BOUND ( 'NONE', #3535, .T. ) ;
#1812 = VECTOR ( 'NONE', #490, 1000.000000000000000 ) ;
#1813 = EDGE_CURVE ( 'NONE', #5088, #1842, #413, .T. ) ;
#1814 = AXIS2_PLACEMENT_3D ( 'NONE', #595, #6430, #3967 ) ;
#1815 = DIRECTION ( 'NONE',  ( -2.710505431213761578E-16, 0.000000000000000000, 1.000000000000000000 ) ) ;
#1816 = CARTESIAN_POINT ( 'NONE',  ( -1.099999999999999201, 0.1999999999999999833, -0.9000000000000000222 ) ) ;
#1817 = EDGE_LOOP ( 'NONE', ( #4018, #1621, #1641, #2541 ) ) ;
#1818 = VECTOR ( 'NONE', #626, 1000.000000000000000 ) ;
#1819 = ORIENTED_EDGE ( 'NONE', *, *, #4409, .F. ) ;
#1820 = VERTEX_POINT ( 'NONE', #6133 ) ;
#1821 = AXIS2_PLACEMENT_3D ( 'NONE', #4030, #3971, #3542 ) ;
#1822 = FACE_OUTER_BOUND ( 'NONE', #803, .T. ) ;
#1823 = EDGE_CURVE ( 'NONE', #5819, #4721, #2972, .T. ) ;
#1824 = DIRECTION ( 'NONE',  ( -1.000000000000000000, 0.000000000000000000, 0.000000000000000000 ) ) ;
#1825 = ORIENTED_EDGE ( 'NONE', *, *, #191, .T. ) ;
#1826 = ORIENTED_EDGE ( 'NONE', *, *, #5740, .T. ) ;
#1827 = DIRECTION ( 'NONE',  ( -0.000000000000000000, -1.000000000000000000, -0.000000000000000000 ) ) ;
#1828 = COLOUR_RGB ( '',0.7921568627450980005, 0.8196078431372548767, 0.9333333333333333481 ) ;
#1829 = PLANE ( 'NONE',  #2608 ) ;
#1830 = ADVANCED_FACE ( 'NONE', ( #5539 ), #4635, .F. ) ;
#1831 = ORIENTED_EDGE ( 'NONE', *, *, #480, .T. ) ;
#1832 = EDGE_CURVE ( 'NONE', #5991, #5590, #4078, .T. ) ;
#1833 = DIRECTION ( 'NONE',  ( 0.000000000000000000, 0.000000000000000000, -1.000000000000000000 ) ) ;
#1834 = DIRECTION ( 'NONE',  ( 1.000000000000000000, 0.000000000000000000, 5.421010862427523156E-16 ) ) ;
#1835 = DIRECTION ( 'NONE',  ( 2.710505431213761578E-16, -0.000000000000000000, -1.000000000000000000 ) ) ;
#1836 = DIRECTION ( 'NONE',  ( -1.000000000000000000, 0.000000000000000000, 0.000000000000000000 ) ) ;
#1837 = EDGE_LOOP ( 'NONE', ( #5401, #5900, #987, #3092 ) ) ;
#1838 = CARTESIAN_POINT ( 'NONE',  ( -0.4999999999999995559, 0.000000000000000000, -1.500000000000000000 ) ) ;
#1839 = LINE ( 'NONE', #4614, #4810 ) ;
#1840 = VECTOR ( 'NONE', #1341, 1000.000000000000000 ) ;
#1841 = AXIS2_PLACEMENT_3D ( 'NONE', #6329, #2373, #391 ) ;
#1842 = VERTEX_POINT ( 'NONE', #632 ) ;
#1843 = ORIENTED_EDGE ( 'NONE', *, *, #1120, .F. ) ;
#1844 = CARTESIAN_POINT ( 'NONE',  ( -1.099999999999999201, 0.6472135954999579388, -0.6999999999999998446 ) ) ;
#1845 = EDGE_LOOP ( 'NONE', ( #1795, #4361, #4612, #5067 ) ) ;
#1846 = AXIS2_PLACEMENT_3D ( 'NONE', #3377, #393, #4325 ) ;
#1847 = CARTESIAN_POINT ( 'NONE',  ( -1.499999999999999112, 0.1999999999999999833, 0.9000000000000002442 ) ) ;
#1848 = DIRECTION ( 'NONE',  ( 0.000000000000000000, 0.000000000000000000, -1.000000000000000000 ) ) ;
#1849 = FILL_AREA_STYLE_COLOUR ( '', #4487 ) ;
#1850 = ORIENTED_EDGE ( 'NONE', *, *, #2888, .F. ) ;
#1851 = DIRECTION ( 'NONE',  ( -1.000000000000000000, 0.000000000000000000, 0.000000000000000000 ) ) ;
#1852 = LINE ( 'NONE', #842, #6032 ) ;
#1853 = VECTOR ( 'NONE', #1140, 1000.000000000000000 ) ;
#1854 = LINE ( 'NONE', #1768, #977 ) ;
#1855 = CARTESIAN_POINT ( 'NONE',  ( -1.499999999999999112, 0.1999999999999999833, 0.1000000000000001582 ) ) ;
#1856 = EDGE_CURVE ( 'NONE', #3560, #620, #4637, .T. ) ;
#1857 = ORIENTED_EDGE ( 'NONE', *, *, #3982, .T. ) ;
#1858 = ADVANCED_FACE ( 'NONE', ( #4483 ), #2653, .T. ) ;
#1859 = VECTOR ( 'NONE', #830, 1000.000000000000000 ) ;
#1860 = ORIENTED_EDGE ( 'NONE', *, *, #2780, .F. ) ;
#1861 = CARTESIAN_POINT ( 'NONE',  ( -0.6999999999999989564, 0.05000000000000000278, 3.794707603699260096E-16 ) ) ;
#1862 = EDGE_CURVE ( 'NONE', #5493, #3920, #181, .T. ) ;
#1863 = EDGE_LOOP ( 'NONE', ( #5032, #224, #4728, #4864 ) ) ;
#1864 = PLANE ( 'NONE',  #3416 ) ;
#1865 = ORIENTED_EDGE ( 'NONE', *, *, #5530, .T. ) ;
#1866 = EDGE_CURVE ( 'NONE', #2980, #1468, #3841, .T. ) ;
#1867 = CARTESIAN_POINT ( 'NONE',  ( -1.099999999999999201, 0.000000000000000000, 0.1000000000000001582 ) ) ;
#1868 = EDGE_LOOP ( 'NONE', ( #5113, #3988, #4372, #5428 ) ) ;
#1869 = DIRECTION ( 'NONE',  ( -1.000000000000000000, 0.000000000000000000, -1.275531967630005245E-16 ) ) ;
#1870 =( NAMED_UNIT ( * ) SI_UNIT ( $, .STERADIAN. ) SOLID_ANGLE_UNIT ( ) );
#1871 = CARTESIAN_POINT ( 'NONE',  ( 1.600000000000000089, 0.2000000000000000111, 0.000000000000000000 ) ) ;
#1872 = LINE ( 'NONE', #1707, #612 ) ;
#1873 = ORIENTED_EDGE ( 'NONE', *, *, #3306, .T. ) ;
#1874 = ORIENTED_EDGE ( 'NONE', *, *, #1866, .F. ) ;
#1875 = EDGE_CURVE ( 'NONE', #1897, #6392, #5625, .T. ) ;
#1876 = VERTEX_POINT ( 'NONE', #1156 ) ;
#1877 = ORIENTED_EDGE ( 'NONE', *, *, #5593, .F. ) ;
#1878 = FACE_OUTER_BOUND ( 'NONE', #307, .T. ) ;
#1879 = LINE ( 'NONE', #4921, #4227 ) ;
#1880 = DIRECTION ( 'NONE',  ( 0.000000000000000000, 0.000000000000000000, 1.000000000000000000 ) ) ;
#1881 = AXIS2_PLACEMENT_3D ( 'NONE', #2256, #753, #3762 ) ;
#1882 = ORIENTED_EDGE ( 'NONE', *, *, #3982, .F. ) ;
#1883 = LINE ( 'NONE', #2396, #5688 ) ;
#1884 = CARTESIAN_POINT ( 'NONE',  ( 2.385244779468113305E-15, 0.05000000000000000278, 1.100000000000002087 ) ) ;
#1885 = SURFACE_STYLE_USAGE ( .BOTH. , #414 ) ;
#1886 = ADVANCED_FACE ( 'NONE', ( #2822 ), #3181, .T. ) ;
#1887 = CLOSED_SHELL ( 'NONE', ( #2145, #4133, #514, #4958, #1534, #3138 ) ) ;
#1888 = CARTESIAN_POINT ( 'NONE',  ( -1.099999999999999201, 0.05000000000000002359, 0.5000000000000002220 ) ) ;
#1889 = CARTESIAN_POINT ( 'NONE',  ( 0.8499999999999997558, 0.05000000000000012768, -0.8499999999999997558 ) ) ;
#1890 = LINE ( 'NONE', #1082, #2038 ) ;
#1891 = MECHANICAL_DESIGN_GEOMETRIC_PRESENTATION_REPRESENTATION (  '', ( #4786 ), #1426 ) ;
#1892 = CARTESIAN_POINT ( 'NONE',  ( -0.4999999999999995559, 0.2000000000000000111, -1.100000000000000089 ) ) ;
#1893 = VERTEX_POINT ( 'NONE', #674 ) ;
#1894 = ORIENTED_EDGE ( 'NONE', *, *, #3005, .F. ) ;
#1895 = VECTOR ( 'NONE', #1562, 1000.000000000000000 ) ;
#1896 = DIRECTION ( 'NONE',  ( -1.000000000000000000, 0.000000000000000000, -1.275531967630005245E-16 ) ) ;
#1897 = VERTEX_POINT ( 'NONE', #4609 ) ;
#1898 = CARTESIAN_POINT ( 'NONE',  ( -0.2999999999999994338, 0.000000000000000000, -1.100000000000000089 ) ) ;
#1899 = EDGE_CURVE ( 'NONE', #6104, #1450, #23, .T. ) ;
#1900 = VECTOR ( 'NONE', #5951, 1000.000000000000000 ) ;
#1901 = CARTESIAN_POINT ( 'NONE',  ( -1.099999999999999201, 0.6472135954999580498, -0.5000000000000000000 ) ) ;
#1902 = FILL_AREA_STYLE ('',( #833 ) ) ;
#1903 = ORIENTED_EDGE ( 'NONE', *, *, #3948, .T. ) ;
#1904 = EDGE_CURVE ( 'NONE', #5550, #3057, #1279, .T. ) ;
#1905 = MANIFOLD_SOLID_BREP ( 'LPattern4[5]', #1801 ) ;
#1906 = VECTOR ( 'NONE', #5822, 1000.000000000000000 ) ;
#1907 = DIRECTION ( 'NONE',  ( -1.000000000000000000, 0.000000000000000000, -5.421010862427523156E-16 ) ) ;
#1908 = EDGE_CURVE ( 'NONE', #3332, #5854, #3928, .T. ) ;
#1909 = EDGE_LOOP ( 'NONE', ( #1949, #3466, #4585, #5075 ) ) ;
#1910 = EDGE_CURVE ( 'NONE', #1258, #1716, #2287, .T. ) ;
#1911 = DIRECTION ( 'NONE',  ( 1.000000000000000000, 0.000000000000000000, -2.168404344971008079E-15 ) ) ;
#1912 = CARTESIAN_POINT ( 'NONE',  ( 0.000000000000000000, 0.05000000000000000278, -1.100000000000000089 ) ) ;
#1913 = LINE ( 'NONE', #3717, #2983 ) ;
#1914 = VECTOR ( 'NONE', #3756, 1000.000000000000000 ) ;
#1915 = ORIENTED_EDGE ( 'NONE', *, *, #143, .T. ) ;
#1916 = EDGE_LOOP ( 'NONE', ( #3397, #1004, #2789, #1118 ) ) ;
#1917 = PLANE ( 'NONE',  #5242 ) ;
#1918 = CARTESIAN_POINT ( 'NONE',  ( -0.8500000000000001998, 0.2000000000000000944, -0.8499999999999999778 ) ) ;
#1919 = AXIS2_PLACEMENT_3D ( 'NONE', #4274, #5682, #6203 ) ;
#1920 = ADVANCED_FACE ( 'NONE', ( #3133 ), #292, .F. ) ;
#1921 = LINE ( 'NONE', #62, #4648 ) ;
#1922 = FACE_OUTER_BOUND ( 'NONE', #4553, .T. ) ;
#1923 = CARTESIAN_POINT ( 'NONE',  ( 0.9000000000000007994, 0.000000000000000000, 1.100000000000000089 ) ) ;
#1924 = EDGE_CURVE ( 'NONE', #2447, #2426, #5619, .T. ) ;
#1925 = EDGE_LOOP ( 'NONE', ( #6189, #5416, #3196, #3 ) ) ;
#1926 = CARTESIAN_POINT ( 'NONE',  ( -0.09999999999999950595, 0.04999999999999999584, -1.100000000000000089 ) ) ;
#1927 = LINE ( 'NONE', #6296, #751 ) ;
#1928 = VECTOR ( 'NONE', #6297, 1000.000000000000000 ) ;
#1929 = CARTESIAN_POINT ( 'NONE',  ( -0.6999999999999992895, 0.04999999999999999584, 1.500000000000000000 ) ) ;
#1930 = PLANE ( 'NONE',  #3608 ) ;
#1931 = EDGE_CURVE ( 'NONE', #147, #6335, #5394, .T. ) ;
#1932 = AXIS2_PLACEMENT_3D ( 'NONE', #3904, #5856, #1399 ) ;
#1933 = ORIENTED_EDGE ( 'NONE', *, *, #5904, .T. ) ;
#1934 = CARTESIAN_POINT ( 'NONE',  ( 0.9000000000000006883, 0.2000000000000000111, 1.500000000000000000 ) ) ;
#1935 = CARTESIAN_POINT ( 'NONE',  ( -1.499999999999999112, 0.1999999999999999833, -0.4999999999999997780 ) ) ;
#1936 = VECTOR ( 'NONE', #3651, 1000.000000000000000 ) ;
#1937 = CARTESIAN_POINT ( 'NONE',  ( 0.3000000000000005440, 0.1999999999999999833, -1.100000000000000089 ) ) ;
#1938 = PLANE ( 'NONE',  #4334 ) ;
#1939 = EDGE_LOOP ( 'NONE', ( #4709, #3008, #1723, #3891 ) ) ;
#1940 = EDGE_CURVE ( 'NONE', #1143, #5353, #3443, .T. ) ;
#1941 = LINE ( 'NONE', #6125, #988 ) ;
#1942 = ORIENTED_EDGE ( 'NONE', *, *, #3503, .T. ) ;
#1943 = EDGE_CURVE ( 'NONE', #5506, #1571, #6012, .T. ) ;
#1944 = PLANE ( 'NONE',  #3664 ) ;
#1945 = VERTEX_POINT ( 'NONE', #698 ) ;
#1946 = DIRECTION ( 'NONE',  ( 1.000000000000000000, -0.000000000000000000, 0.000000000000000000 ) ) ;
#1947 = VECTOR ( 'NONE', #2922, 1000.000000000000000 ) ;
#1948 = ORIENTED_EDGE ( 'NONE', *, *, #4399, .F. ) ;
#1949 = ORIENTED_EDGE ( 'NONE', *, *, #4809, .T. ) ;
#1950 = EDGE_CURVE ( 'NONE', #2625, #1149, #2212, .T. ) ;
#1951 = ORIENTED_EDGE ( 'NONE', *, *, #4016, .F. ) ;
#1952 = ADVANCED_FACE ( 'NONE', ( #4872 ), #1225, .F. ) ;
#1953 = LINE ( 'NONE', #5091, #70 ) ;
#1954 = DIRECTION ( 'NONE',  ( 0.000000000000000000, -1.000000000000000000, 0.000000000000000000 ) ) ;
#1955 = ORIENTED_EDGE ( 'NONE', *, *, #5860, .T. ) ;
#1956 = CARTESIAN_POINT ( 'NONE',  ( 0.8499999999999997558, 0.05000000000000000278, 0.000000000000000000 ) ) ;
#1957 = VERTEX_POINT ( 'NONE', #4702 ) ;
#1958 = AXIS2_PLACEMENT_3D ( 'NONE', #562, #2054, #4054 ) ;
#1959 = DIRECTION ( 'NONE',  ( -0.000000000000000000, -0.000000000000000000, 1.000000000000000000 ) ) ;
#1960 = CARTESIAN_POINT ( 'NONE',  ( -0.6999999999999992895, 0.000000000000000000, 1.100000000000000089 ) ) ;
#1961 = ORIENTED_EDGE ( 'NONE', *, *, #3187, .T. ) ;
#1962 = PRODUCT_DEFINITION_CONTEXT ( 'detailed design', #5284, 'design' ) ;
#1963 = VECTOR ( 'NONE', #1642, 1000.000000000000000 ) ;
#1964 = PLANE ( 'NONE',  #4896 ) ;
#1965 = AXIS2_PLACEMENT_3D ( 'NONE', #267, #5161, #3684 ) ;
#1966 = VERTEX_POINT ( 'NONE', #746 ) ;
#1967 = ADVANCED_FACE ( 'NONE', ( #726 ), #1807, .F. ) ;
#1968 = EDGE_LOOP ( 'NONE', ( #4323, #4337, #2689, #3883 ) ) ;
#1969 = ORIENTED_EDGE ( 'NONE', *, *, #5505, .T. ) ;
#1970 = LINE ( 'NONE', #297, #1344 ) ;
#1971 = VERTEX_POINT ( 'NONE', #3203 ) ;
#1972 = ORIENTED_EDGE ( 'NONE', *, *, #3198, .F. ) ;
#1973 = EDGE_CURVE ( 'NONE', #4164, #5819, #3125, .T. ) ;
#1974 = CARTESIAN_POINT ( 'NONE',  ( 1.499999999999999112, 0.04999999999999991257, -0.4999999999999997780 ) ) ;
#1975 = ORIENTED_EDGE ( 'NONE', *, *, #1393, .T. ) ;
#1976 = DIRECTION ( 'NONE',  ( -1.000000000000000000, 0.000000000000000000, 5.421010862427523156E-16 ) ) ;
#1977 = ADVANCED_FACE ( 'NONE', ( #4479 ), #225, .T. ) ;
#1978 = CARTESIAN_POINT ( 'NONE',  ( 1.499999999999999112, 0.6472135954999579388, -0.8999999999999998002 ) ) ;
#1979 = VERTEX_POINT ( 'NONE', #3754 ) ;
#1980 = EDGE_CURVE ( 'NONE', #3753, #620, #4627, .T. ) ;
#1981 = MANIFOLD_SOLID_BREP ( 'LPattern4[8]', #5987 ) ;
#1982 = ORIENTED_EDGE ( 'NONE', *, *, #5932, .F. ) ;
#1983 = EDGE_CURVE ( 'NONE', #1244, #1957, #2745, .T. ) ;
#1984 = ORIENTED_EDGE ( 'NONE', *, *, #383, .T. ) ;
#1985 = PLANE ( 'NONE',  #576 ) ;
#1986 = DIRECTION ( 'NONE',  ( 0.000000000000000000, -1.000000000000000000, 0.000000000000000000 ) ) ;
#1987 = LINE ( 'NONE', #1161, #1445 ) ;
#1988 = FACE_OUTER_BOUND ( 'NONE', #6122, .T. ) ;
#1989 = CARTESIAN_POINT ( 'NONE',  ( -0.6999999999999992895, 0.2000000000000000111, 1.100000000000000089 ) ) ;
#1990 = ORIENTED_EDGE ( 'NONE', *, *, #1644, .F. ) ;
#1991 = ORIENTED_EDGE ( 'NONE', *, *, #1862, .T. ) ;
#1992 = DIRECTION ( 'NONE',  ( -1.000000000000000000, 0.000000000000000000, -2.710505431213761578E-16 ) ) ;
#1993 = ADVANCED_FACE ( 'NONE', ( #3767 ), #3273, .T. ) ;
#1994 = PRESENTATION_STYLE_ASSIGNMENT (( #5095 ) ) ;
#1995 = LINE ( 'NONE', #1793, #2311 ) ;
#1996 = PLANE ( 'NONE',  #738 ) ;
#1997 = DIRECTION ( 'NONE',  ( -1.000000000000000000, 0.000000000000000000, -0.000000000000000000 ) ) ;
#1998 = ORIENTED_EDGE ( 'NONE', *, *, #5051, .F. ) ;
#1999 = FACE_OUTER_BOUND ( 'NONE', #5675, .T. ) ;
#2000 = VECTOR ( 'NONE', #4909, 1000.000000000000000 ) ;
#2001 = CARTESIAN_POINT ( 'NONE',  ( 1.499999999999999112, 0.000000000000000000, -0.6999999999999998446 ) ) ;
#2002 = EDGE_LOOP ( 'NONE', ( #1825, #1577, #4103, #2667 ) ) ;
#2003 = FACE_OUTER_BOUND ( 'NONE', #2044, .T. ) ;
#2004 = LINE ( 'NONE', #4557, #1609 ) ;
#2005 = AXIS2_PLACEMENT_3D ( 'NONE', #3563, #5558, #4049 ) ;
#2006 = CARTESIAN_POINT ( 'NONE',  ( 1.099999999999999201, 0.1999999999999999833, 0.7000000000000000666 ) ) ;
#2007 = DIRECTION ( 'NONE',  ( 0.000000000000000000, -0.000000000000000000, -1.000000000000000000 ) ) ;
#2008 = ADVANCED_FACE ( 'NONE', ( #1748 ), #6363, .F. ) ;
#2009 = ORIENTED_EDGE ( 'NONE', *, *, #1785, .F. ) ;
#2010 = PLANE ( 'NONE',  #2229 ) ;
#2011 = EDGE_LOOP ( 'NONE', ( #2563, #5769, #2519, #4758 ) ) ;
#2012 = CARTESIAN_POINT ( 'NONE',  ( 0.3000000000000005440, 0.6472135954999583829, -1.100000000000000089 ) ) ;
#2013 =( LENGTH_UNIT ( ) NAMED_UNIT ( * ) SI_UNIT ( .MILLI., .METRE. ) );
#2014 = ORIENTED_EDGE ( 'NONE', *, *, #2016, .F. ) ;
#2015 =( GEOMETRIC_REPRESENTATION_CONTEXT ( 3 ) GLOBAL_UNCERTAINTY_ASSIGNED_CONTEXT ( ( #6324 ) ) GLOBAL_UNIT_ASSIGNED_CONTEXT ( ( #90, #3571, #4081 ) ) REPRESENTATION_CONTEXT ( 'NONE', 'WORKASPACE' ) );
#2016 = EDGE_CURVE ( 'NONE', #4567, #3093, #1029, .T. ) ;
#2017 = DIRECTION ( 'NONE',  ( -2.710505431213761578E-16, 0.000000000000000000, 1.000000000000000000 ) ) ;
#2018 = ORIENTED_EDGE ( 'NONE', *, *, #1823, .T. ) ;
#2019 = VECTOR ( 'NONE', #407, 1000.000000000000000 ) ;
#2020 = VERTEX_POINT ( 'NONE', #4452 ) ;
#2021 = DIRECTION ( 'NONE',  ( 0.000000000000000000, -0.000000000000000000, -1.000000000000000000 ) ) ;
#2022 = ORIENTED_EDGE ( 'NONE', *, *, #6354, .F. ) ;
#2023 = PLANE ( 'NONE',  #2688 ) ;
#2024 = CLOSED_SHELL ( 'NONE', ( #3778, #3631, #45, #1920, #739, #6107 ) ) ;
#2025 = EDGE_LOOP ( 'NONE', ( #594, #1942, #3052, #6112 ) ) ;
#2026 = VECTOR ( 'NONE', #2506, 1000.000000000000000 ) ;
#2027 = EDGE_CURVE ( 'NONE', #6321, #5469, #3048, .T. ) ;
#2028 = CARTESIAN_POINT ( 'NONE',  ( 0.9000000000000005773, 0.6472135954999583829, -1.100000000000000089 ) ) ;
#2029 = DIRECTION ( 'NONE',  ( 5.421010862427523156E-16, 0.000000000000000000, 1.000000000000000000 ) ) ;
#2030 = DIRECTION ( 'NONE',  ( -0.000000000000000000, -1.000000000000000000, -0.000000000000000000 ) ) ;
#2031 = EDGE_LOOP ( 'NONE', ( #6099, #3445, #1170, #3773 ) ) ;
#2032 = DIRECTION ( 'NONE',  ( 0.000000000000000000, 0.000000000000000000, 1.000000000000000000 ) ) ;
#2033 = LINE ( 'NONE', #4231, #4138 ) ;
#2034 = CARTESIAN_POINT ( 'NONE',  ( -0.2999999999999992117, 0.1999999999999999833, 1.100000000000000089 ) ) ;
#2035 = CARTESIAN_POINT ( 'NONE',  ( 0.1000000000000008105, 0.1999999999999999833, 1.100000000000000089 ) ) ;
#2036 = PRESENTATION_LAYER_ASSIGNMENT (  '', '', ( #696 ) ) ;
#2037 = ORIENTED_EDGE ( 'NONE', *, *, #1436, .F. ) ;
#2038 = VECTOR ( 'NONE', #4584, 1000.000000000000000 ) ;
#2039 = PLANE ( 'NONE',  #4271 ) ;
#2040 = EDGE_CURVE ( 'NONE', #947, #1739, #6173, .T. ) ;
#2041 = ADVANCED_FACE ( 'NONE', ( #805 ), #6387, .T. ) ;
#2042 = VERTEX_POINT ( 'NONE', #1479 ) ;
#2043 = DIRECTION ( 'NONE',  ( -1.000000000000000000, 0.000000000000000000, 5.421010862427523156E-16 ) ) ;
#2044 = EDGE_LOOP ( 'NONE', ( #2513, #863, #20, #829 ) ) ;
#2045 = CARTESIAN_POINT ( 'NONE',  ( 0.9000000000000007994, 0.2000000000000000111, 1.100000000000000089 ) ) ;
#2046 = LINE ( 'NONE', #5012, #3763 ) ;
#2047 = EDGE_CURVE ( 'NONE', #4980, #958, #3592, .T. ) ;
#2048 = AXIS2_PLACEMENT_3D ( 'NONE', #3924, #2431, #2450 ) ;
#2049 = ORIENTED_EDGE ( 'NONE', *, *, #366, .F. ) ;
#2050 = DIRECTION ( 'NONE',  ( -1.000000000000000000, 0.000000000000000000, -0.000000000000000000 ) ) ;
#2051 = CARTESIAN_POINT ( 'NONE',  ( 0.000000000000000000, 0.2000000000000000111, 0.000000000000000000 ) ) ;
#2052 = DIRECTION ( 'NONE',  ( -0.000000000000000000, -1.000000000000000000, -0.000000000000000000 ) ) ;
#2053 = VERTEX_POINT ( 'NONE', #3410 ) ;
#2054 = DIRECTION ( 'NONE',  ( 0.000000000000000000, 0.000000000000000000, -1.000000000000000000 ) ) ;
#2055 = DIRECTION ( 'NONE',  ( 0.000000000000000000, -1.000000000000000000, 0.000000000000000000 ) ) ;
#2056 = EDGE_CURVE ( 'NONE', #1747, #2408, #557, .T. ) ;
#2057 = VECTOR ( 'NONE', #485, 1000.000000000000000 ) ;
#2058 = ORIENTED_EDGE ( 'NONE', *, *, #5653, .T. ) ;
#2059 = CARTESIAN_POINT ( 'NONE',  ( 1.099999999999999201, 0.6472135954999579388, 0.7000000000000000666 ) ) ;
#2060 = VECTOR ( 'NONE', #4256, 1000.000000000000000 ) ;
#2061 = VERTEX_POINT ( 'NONE', #425 ) ;
#2062 = DIRECTION ( 'NONE',  ( -1.000000000000000000, 0.000000000000000000, 0.000000000000000000 ) ) ;
#2063 = EDGE_CURVE ( 'NONE', #3327, #2980, #408, .T. ) ;
#2064 = ORIENTED_EDGE ( 'NONE', *, *, #5860, .F. ) ;
#2065 = COLOUR_RGB ( '',0.7921568627450980005, 0.8196078431372548767, 0.9333333333333333481 ) ;
#2066 = LINE ( 'NONE', #1594, #2305 ) ;
#2067 = EDGE_LOOP ( 'NONE', ( #5062, #6067, #5437, #6052 ) ) ;
#2068 = FILL_AREA_STYLE_COLOUR ( '', #2188 ) ;
#2069 = CARTESIAN_POINT ( 'NONE',  ( -1.499999999999999112, 0.6472135954999579388, 0.5000000000000002220 ) ) ;
#2070 = ADVANCED_FACE ( 'NONE', ( #5709 ), #1944, .F. ) ;
#2071 = CARTESIAN_POINT ( 'NONE',  ( 1.499999999999999112, 0.1999999999999999833, 0.1000000000000001582 ) ) ;
#2072 = AXIS2_PLACEMENT_3D ( 'NONE', #4331, #3800, #1346 ) ;
#2073 = LINE ( 'NONE', #3115, #1051 ) ;
#2074 = EDGE_CURVE ( 'NONE', #2107, #2625, #4250, .T. ) ;
#2075 = CARTESIAN_POINT ( 'NONE',  ( -1.099999999999999201, 0.000000000000000000, 0.7000000000000000666 ) ) ;
#2076 = ORIENTED_EDGE ( 'NONE', *, *, #1908, .F. ) ;
#2077 = LINE ( 'NONE', #1169, #590 ) ;
#2078 = FACE_OUTER_BOUND ( 'NONE', #980, .T. ) ;
#2079 = FACE_OUTER_BOUND ( 'NONE', #136, .T. ) ;
#2080 = FILL_AREA_STYLE ('',( #4572 ) ) ;
#2081 = SURFACE_SIDE_STYLE ('',( #6035 ) ) ;
#2082 = ORIENTED_EDGE ( 'NONE', *, *, #1372, .F. ) ;
#2083 = VECTOR ( 'NONE', #4356, 1000.000000000000000 ) ;
#2084 = LINE ( 'NONE', #4542, #763 ) ;
#2085 = EDGE_LOOP ( 'NONE', ( #3929, #5304, #5099, #3453 ) ) ;
#2086 = VECTOR ( 'NONE', #3427, 1000.000000000000000 ) ;
#2087 = VERTEX_POINT ( 'NONE', #1918 ) ;
#2088 = EDGE_CURVE ( 'NONE', #351, #16, #1102, .T. ) ;
#2089 = DIRECTION ( 'NONE',  ( 0.000000000000000000, 0.000000000000000000, -1.000000000000000000 ) ) ;
#2090 = DIRECTION ( 'NONE',  ( 0.000000000000000000, 1.000000000000000000, 0.000000000000000000 ) ) ;
#2091 = CARTESIAN_POINT ( 'NONE',  ( 1.099999999999999201, 0.6472135954999579388, -0.6999999999999998446 ) ) ;
#2092 = ORIENTED_EDGE ( 'NONE', *, *, #2717, .F. ) ;
#2093 = CARTESIAN_POINT ( 'NONE',  ( -1.499999999999999112, 0.1999999999999999833, 0.1000000000000001582 ) ) ;
#2094 =( NAMED_UNIT ( * ) SI_UNIT ( $, .STERADIAN. ) SOLID_ANGLE_UNIT ( ) );
#2095 = EDGE_LOOP ( 'NONE', ( #6086, #5471, #1535, #6252 ) ) ;
#2096 = VECTOR ( 'NONE', #189, 1000.000000000000000 ) ;
#2097 = ORIENTED_EDGE ( 'NONE', *, *, #2678, .T. ) ;
#2098 = STYLED_ITEM ( 'NONE', ( #2509 ), #5252 ) ;
#2099 = CARTESIAN_POINT ( 'NONE',  ( -1.099999999999999201, 0.1999999999999999833, 0.7000000000000000666 ) ) ;
#2100 = EDGE_CURVE ( 'NONE', #5382, #6156, #1579, .T. ) ;
#2101 = DIRECTION ( 'NONE',  ( -1.000000000000000000, 0.000000000000000000, 0.000000000000000000 ) ) ;
#2102 = ADVANCED_FACE ( 'NONE', ( #89 ), #1538, .T. ) ;
#2103 = ORIENTED_EDGE ( 'NONE', *, *, #2756, .F. ) ;
#2104 = FILL_AREA_STYLE ('',( #5086 ) ) ;
#2105 = VECTOR ( 'NONE', #311, 1000.000000000000000 ) ;
#2106 = EDGE_CURVE ( 'NONE', #4297, #4401, #2894, .T. ) ;
#2107 = VERTEX_POINT ( 'NONE', #889 ) ;
#2108 = EDGE_CURVE ( 'NONE', #1348, #6021, #5244, .T. ) ;
#2109 = LINE ( 'NONE', #2158, #158 ) ;
#2110 = EDGE_CURVE ( 'NONE', #3434, #2271, #554, .T. ) ;
#2111 = DIRECTION ( 'NONE',  ( 0.000000000000000000, -1.000000000000000000, 0.000000000000000000 ) ) ;
#2112 = CARTESIAN_POINT ( 'NONE',  ( 0.000000000000000000, 0.2000000000000000111, 0.000000000000000000 ) ) ;
#2113 = ORIENTED_EDGE ( 'NONE', *, *, #2568, .F. ) ;
#2114 =( NAMED_UNIT ( * ) PLANE_ANGLE_UNIT ( ) SI_UNIT ( $, .RADIAN. ) );
#2115 = VERTEX_POINT ( 'NONE', #507 ) ;
#2116 = DIRECTION ( 'NONE',  ( -0.000000000000000000, -1.000000000000000000, -0.000000000000000000 ) ) ;
#2117 = FACE_OUTER_BOUND ( 'NONE', #5783, .T. ) ;
#2118 = CARTESIAN_POINT ( 'NONE',  ( -1.099999999999999201, 0.000000000000000000, 0.9000000000000002442 ) ) ;
#2119 = ORIENTED_EDGE ( 'NONE', *, *, #4654, .T. ) ;
#2120 = VERTEX_POINT ( 'NONE', #5519 ) ;
#2121 = DIRECTION ( 'NONE',  ( 0.000000000000000000, -0.000000000000000000, 1.000000000000000000 ) ) ;
#2122 = VECTOR ( 'NONE', #6248, 1000.000000000000000 ) ;
#2123 = PLANE ( 'NONE',  #547 ) ;
#2124 = CARTESIAN_POINT ( 'NONE',  ( 0.4000000000000000222, 0.2000000000000000111, 0.000000000000000000 ) ) ;
#2125 = SURFACE_STYLE_USAGE ( .BOTH. , #2081 ) ;
#2126 = DIRECTION ( 'NONE',  ( -1.000000000000000000, 0.000000000000000000, 2.168404344971010446E-15 ) ) ;
#2128 = CARTESIAN_POINT ( 'NONE',  ( 0.3000000000000005440, 0.000000000000000000, -1.100000000000000089 ) ) ;
#2127 = CARTESIAN_POINT ( 'NONE',  ( 0.9000000000000005773, 0.000000000000000000, -1.100000000000000089 ) ) ;
#2129 = ORIENTED_EDGE ( 'NONE', *, *, #6051, .T. ) ;
#2130 = EDGE_CURVE ( 'NONE', #5210, #5854, #6394, .T. ) ;
#2131 = MECHANICAL_DESIGN_GEOMETRIC_PRESENTATION_REPRESENTATION (  '', ( #4737 ), #2569 ) ;
#2132 = VECTOR ( 'NONE', #3993, 1000.000000000000000 ) ;
#2133 = ORIENTED_EDGE ( 'NONE', *, *, #702, .T. ) ;
#2134 = DIRECTION ( 'NONE',  ( -2.710505431213761578E-16, 0.000000000000000000, -1.000000000000000000 ) ) ;
#2135 = ADVANCED_FACE ( 'NONE', ( #2204, #4243 ), #6053, .F. ) ;
#2136 = LINE ( 'NONE', #1209, #1200 ) ;
#2137 = VECTOR ( 'NONE', #6007, 1000.000000000000000 ) ;
#2138 = DIRECTION ( 'NONE',  ( 0.000000000000000000, 0.000000000000000000, -1.000000000000000000 ) ) ;
#2139 = ORIENTED_EDGE ( 'NONE', *, *, #6372, .F. ) ;
#2140 = DIRECTION ( 'NONE',  ( 5.421010862427523156E-16, 0.000000000000000000, 1.000000000000000000 ) ) ;
#2141 = VERTEX_POINT ( 'NONE', #2484 ) ;
#2142 = EDGE_CURVE ( 'NONE', #494, #2580, #4155, .T. ) ;
#2143 = VECTOR ( 'NONE', #543, 1000.000000000000000 ) ;
#2144 = CARTESIAN_POINT ( 'NONE',  ( 1.499999999999999112, 0.000000000000000000, 0.5000000000000002220 ) ) ;
#2145 = ADVANCED_FACE ( 'NONE', ( #5316 ), #2039, .T. ) ;
#2146 = EDGE_LOOP ( 'NONE', ( #2333, #5798, #4592, #6129 ) ) ;
#2147 = DIRECTION ( 'NONE',  ( 0.000000000000000000, -0.000000000000000000, -1.000000000000000000 ) ) ;
#2148 = VERTEX_POINT ( 'NONE', #33 ) ;
#2149 = CARTESIAN_POINT ( 'NONE',  ( -1.499999999999999112, 0.000000000000000000, 0.3000000000000003775 ) ) ;
#2150 = CARTESIAN_POINT ( 'NONE',  ( 0.9000000000000005773, 0.6472135954999583829, -1.100000000000000089 ) ) ;
#2151 = CARTESIAN_POINT ( 'NONE',  ( 1.099999999999999201, 0.6472135954999579388, 0.1000000000000001582 ) ) ;
#2152 = LINE ( 'NONE', #4211, #1213 ) ;
#2153 = LINE ( 'NONE', #1236, #6422 ) ;
#2154 = EDGE_CURVE ( 'NONE', #142, #1251, #2046, .T. ) ;
#2155 = ORIENTED_EDGE ( 'NONE', *, *, #4399, .T. ) ;
#2156 = LINE ( 'NONE', #5301, #2844 ) ;
#2157 = CARTESIAN_POINT ( 'NONE',  ( 1.500000000000000444, 0.05000000000000000278, 1.500000000000000000 ) ) ;
#2158 = CARTESIAN_POINT ( 'NONE',  ( -1.499999999999999112, 0.000000000000000000, 0.5000000000000002220 ) ) ;
#2159 = ORIENTED_EDGE ( 'NONE', *, *, #3122, .T. ) ;
#2160 = CARTESIAN_POINT ( 'NONE',  ( 1.099999999999999201, 0.000000000000000000, 0.7000000000000000666 ) ) ;
#2161 = DIRECTION ( 'NONE',  ( -0.000000000000000000, -1.000000000000000000, -0.000000000000000000 ) ) ;
#2162 = MECHANICAL_DESIGN_GEOMETRIC_PRESENTATION_REPRESENTATION (  '', ( #5947 ), #2596 ) ;
#2163 = FACE_OUTER_BOUND ( 'NONE', #5955, .T. ) ;
#2164 = VECTOR ( 'NONE', #3409, 1000.000000000000000 ) ;
#2165 = ORIENTED_EDGE ( 'NONE', *, *, #1813, .T. ) ;
#2166 = FACE_OUTER_BOUND ( 'NONE', #6136, .T. ) ;
#2167 = DIRECTION ( 'NONE',  ( 1.000000000000000000, -0.000000000000000000, -2.168404344971010446E-15 ) ) ;
#2168 = VERTEX_POINT ( 'NONE', #3485 ) ;
#2169 =( GEOMETRIC_REPRESENTATION_CONTEXT ( 3 ) GLOBAL_UNCERTAINTY_ASSIGNED_CONTEXT ( ( #1015 ) ) GLOBAL_UNIT_ASSIGNED_CONTEXT ( ( #2359, #5820, #815 ) ) REPRESENTATION_CONTEXT ( 'NONE', 'WORKASPACE' ) );
#2170 = ADVANCED_FACE ( 'NONE', ( #4398 ), #3047, .F. ) ;
#2171 =( NAMED_UNIT ( * ) PLANE_ANGLE_UNIT ( ) SI_UNIT ( $, .RADIAN. ) );
#2172 = DIRECTION ( 'NONE',  ( -0.000000000000000000, 0.000000000000000000, 1.000000000000000000 ) ) ;
#2173 = DIRECTION ( 'NONE',  ( 1.000000000000000000, 0.000000000000000000, -2.710505431213761578E-16 ) ) ;
#2174 = ORIENTED_EDGE ( 'NONE', *, *, #4458, .F. ) ;
#2175 = CARTESIAN_POINT ( 'NONE',  ( -0.2999999999999994338, 0.000000000000000000, -1.100000000000000089 ) ) ;
#2176 = VERTEX_POINT ( 'NONE', #3507 ) ;
#2177 = DIRECTION ( 'NONE',  ( 0.000000000000000000, -1.000000000000000000, 0.000000000000000000 ) ) ;
#2178 = LINE ( 'NONE', #3999, #155 ) ;
#2179 = ORIENTED_EDGE ( 'NONE', *, *, #761, .F. ) ;
#2180 = UNCERTAINTY_MEASURE_WITH_UNIT (LENGTH_MEASURE( 1.000000000000000082E-05 ), #3894, 'distance_accuracy_value', 'NONE');
#2181 = EDGE_CURVE ( 'NONE', #3190, #3417, #3991, .T. ) ;
#2182 = DIRECTION ( 'NONE',  ( -2.168404344971010446E-15, 0.000000000000000000, -1.000000000000000000 ) ) ;
#2183 = CARTESIAN_POINT ( 'NONE',  ( -1.499999999999999112, 0.1999999999999999833, 0.3000000000000003775 ) ) ;
#2184 = ORIENTED_EDGE ( 'NONE', *, *, #5812, .T. ) ;
#2185 = ORIENTED_EDGE ( 'NONE', *, *, #3959, .T. ) ;
#2186 = SURFACE_STYLE_FILL_AREA ( #3118 ) ;
#2187 = DIRECTION ( 'NONE',  ( 1.000000000000000000, 0.000000000000000000, -2.168404344971008079E-15 ) ) ;
#2188 = COLOUR_RGB ( '',0.7921568627450980005, 0.8196078431372548767, 0.9333333333333333481 ) ;
#2189 = DIRECTION ( 'NONE',  ( -2.710505431213761578E-16, 0.000000000000000000, -1.000000000000000000 ) ) ;
#2190 = ORIENTED_EDGE ( 'NONE', *, *, #4178, .F. ) ;
#2191 = PRESENTATION_STYLE_ASSIGNMENT (( #1885 ) ) ;
#2192 = EDGE_CURVE ( 'NONE', #2061, #1262, #5160, .T. ) ;
#2193 = DIRECTION ( 'NONE',  ( 0.000000000000000000, -1.000000000000000000, 0.000000000000000000 ) ) ;
#2194 = CARTESIAN_POINT ( 'NONE',  ( -1.499999999999999112, 0.000000000000000000, -0.4999999999999997780 ) ) ;
#2195 = CARTESIAN_POINT ( 'NONE',  ( -0.8999999999999993561, 0.05000000000000000278, 1.500000000000000444 ) ) ;
#2196 = DIRECTION ( 'NONE',  ( -0.000000000000000000, -1.000000000000000000, -0.000000000000000000 ) ) ;
#2197 = DIRECTION ( 'NONE',  ( 0.000000000000000000, 0.000000000000000000, -1.000000000000000000 ) ) ;
#2198 = VERTEX_POINT ( 'NONE', #550 ) ;
#2199 = EDGE_CURVE ( 'NONE', #1979, #4684, #5236, .T. ) ;
#2200 = FACE_OUTER_BOUND ( 'NONE', #1418, .T. ) ;
#2201 = EDGE_LOOP ( 'NONE', ( #2927, #398, #5698, #4450 ) ) ;
#2202 = ORIENTED_EDGE ( 'NONE', *, *, #5551, .F. ) ;
#2203 = EDGE_CURVE ( 'NONE', #2786, #1747, #2358, .T. ) ;
#2204 = FACE_BOUND ( 'NONE', #5891, .T. ) ;
#2205 = DIRECTION ( 'NONE',  ( 1.000000000000000000, 0.000000000000000000, 5.421010862427523156E-16 ) ) ;
#2206 = CARTESIAN_POINT ( 'NONE',  ( 0.000000000000000000, 0.2000000000000000111, 0.000000000000000000 ) ) ;
#2207 = CARTESIAN_POINT ( 'NONE',  ( -0.8500000000000001998, 0.05000000000000000278, 0.000000000000000000 ) ) ;
#2208 = DIRECTION ( 'NONE',  ( 0.000000000000000000, -1.000000000000000000, 0.000000000000000000 ) ) ;
#2209 = DIRECTION ( 'NONE',  ( -2.168404344971010446E-15, 0.000000000000000000, -1.000000000000000000 ) ) ;
#2210 = ORIENTED_EDGE ( 'NONE', *, *, #1742, .F. ) ;
#2211 = CARTESIAN_POINT ( 'NONE',  ( 0.1000000000000005884, 0.1999999999999999833, -1.100000000000000089 ) ) ;
#2212 = LINE ( 'NONE', #1273, #3516 ) ;
#2213 = AXIS2_PLACEMENT_3D ( 'NONE', #2435, #4503, #2411 ) ;
#2214 = CARTESIAN_POINT ( 'NONE',  ( 1.099999999999999201, 0.6472135954999580498, -0.5000000000000000000 ) ) ;
#2215 = ADVANCED_FACE ( 'NONE', ( #171 ), #1500, .F. ) ;
#2216 = ORIENTED_EDGE ( 'NONE', *, *, #6253, .T. ) ;
#2217 = VECTOR ( 'NONE', #334, 1000.000000000000000 ) ;
#2218 =( NAMED_UNIT ( * ) PLANE_ANGLE_UNIT ( ) SI_UNIT ( $, .RADIAN. ) );
#2219 = CARTESIAN_POINT ( 'NONE',  ( 1.099999999999999201, 0.6472135954999579388, 0.1000000000000001582 ) ) ;
#2220 = ORIENTED_EDGE ( 'NONE', *, *, #1856, .F. ) ;
#2221 = ORIENTED_EDGE ( 'NONE', *, *, #1564, .T. ) ;
#2222 = AXIS2_PLACEMENT_3D ( 'NONE', #1636, #5138, #723 ) ;
#2223 = LINE ( 'NONE', #3553, #6261 ) ;
#2224 = ORIENTED_EDGE ( 'NONE', *, *, #1487, .T. ) ;
#2225 = CARTESIAN_POINT ( 'NONE',  ( 1.200000000000000178, 0.2000000000000000111, 0.000000000000000000 ) ) ;
#2226 = CARTESIAN_POINT ( 'NONE',  ( 1.500000000000000444, 0.05000000000000000278, 1.500000000000000000 ) ) ;
#2227 = CARTESIAN_POINT ( 'NONE',  ( 0.1000000000000005884, 0.1999999999999999833, -1.100000000000000089 ) ) ;
#2228 = LINE ( 'NONE', #1532, #6192 ) ;
#2229 = AXIS2_PLACEMENT_3D ( 'NONE', #4, #5984, #541 ) ;
#2230 = CARTESIAN_POINT ( 'NONE',  ( -0.6999999999999992895, 0.04999999999999999584, 1.100000000000000089 ) ) ;
#2231 = EDGE_CURVE ( 'NONE', #3654, #2591, #718, .T. ) ;
#2232 = EDGE_LOOP ( 'NONE', ( #2018, #5864, #4778, #4327 ) ) ;
#2233 = VECTOR ( 'NONE', #3680, 1000.000000000000000 ) ;
#2234 = CARTESIAN_POINT ( 'NONE',  ( 1.600000000000000089, 0.000000000000000000, 0.000000000000000000 ) ) ;
#2235 = DIRECTION ( 'NONE',  ( -1.000000000000000000, 0.000000000000000000, 0.000000000000000000 ) ) ;
#2236 = DIRECTION ( 'NONE',  ( 1.000000000000000000, 0.000000000000000000, 1.275531967630005245E-16 ) ) ;
#2237 = VERTEX_POINT ( 'NONE', #2558 ) ;
#2238 = DIRECTION ( 'NONE',  ( -1.000000000000000000, 0.000000000000000000, 0.000000000000000000 ) ) ;
#2239 = VECTOR ( 'NONE', #4244, 1000.000000000000000 ) ;
#2240 = EDGE_CURVE ( 'NONE', #2539, #4481, #2421, .T. ) ;
#2241 = VECTOR ( 'NONE', #1651, 1000.000000000000000 ) ;
#2242 = FACE_OUTER_BOUND ( 'NONE', #2011, .T. ) ;
#2243 = PLANE ( 'NONE',  #4465 ) ;
#2244 = ORIENTED_EDGE ( 'NONE', *, *, #866, .F. ) ;
#2245 = ADVANCED_FACE ( 'NONE', ( #1099 ), #6167, .T. ) ;
#2246 = LINE ( 'NONE', #4406, #1391 ) ;
#2247 = VERTEX_POINT ( 'NONE', #3591 ) ;
#2248 = CARTESIAN_POINT ( 'NONE',  ( -0.6999999999999996225, 0.6472135954999583829, -1.500000000000000000 ) ) ;
#2249 = ORIENTED_EDGE ( 'NONE', *, *, #5462, .T. ) ;
#2250 = DIRECTION ( 'NONE',  ( -5.421010862427523156E-16, 0.000000000000000000, 1.000000000000000000 ) ) ;
#2251 = EDGE_CURVE ( 'NONE', #5592, #6349, #3366, .T. ) ;
#2252 = ORIENTED_EDGE ( 'NONE', *, *, #1270, .F. ) ;
#2253 = EDGE_CURVE ( 'NONE', #5573, #6320, #4551, .T. ) ;
#2254 = DIRECTION ( 'NONE',  ( -1.000000000000000000, 0.000000000000000000, -2.710505431213761578E-16 ) ) ;
#2255 = VERTEX_POINT ( 'NONE', #5124 ) ;
#2256 = CARTESIAN_POINT ( 'NONE',  ( 0.000000000000000000, 0.000000000000000000, 0.8000000000000000444 ) ) ;
#2257 = EDGE_CURVE ( 'NONE', #1181, #947, #19, .T. ) ;
#2258 = DIRECTION ( 'NONE',  ( 1.000000000000000000, 0.000000000000000000, 0.000000000000000000 ) ) ;
#2259 = AXIS2_PLACEMENT_3D ( 'NONE', #174, #4699, #650 ) ;
#2260 = ORIENTED_EDGE ( 'NONE', *, *, #1373, .T. ) ;
#2261 = DIRECTION ( 'NONE',  ( 0.000000000000000000, -1.000000000000000000, 0.000000000000000000 ) ) ;
#2262 = CARTESIAN_POINT ( 'NONE',  ( 1.200000000000000178, 0.000000000000000000, 0.000000000000000000 ) ) ;
#2263 = DIRECTION ( 'NONE',  ( 0.000000000000000000, -1.000000000000000000, 0.000000000000000000 ) ) ;
#2264 = ORIENTED_EDGE ( 'NONE', *, *, #2837, .F. ) ;
#2265 = UNCERTAINTY_MEASURE_WITH_UNIT (LENGTH_MEASURE( 1.000000000000000082E-05 ), #1525, 'distance_accuracy_value', 'NONE');
#2266 = CARTESIAN_POINT ( 'NONE',  ( 1.499999999999999112, 0.1999999999999999833, -0.6999999999999998446 ) ) ;
#2267 = ORIENTED_EDGE ( 'NONE', *, *, #4500, .F. ) ;
#2268 = LINE ( 'NONE', #2772, #4461 ) ;
#2269 = CARTESIAN_POINT ( 'NONE',  ( 1.099999999999999201, 0.000000000000000000, -0.09999999999999993616 ) ) ;
#2270 = EDGE_CURVE ( 'NONE', #1497, #3697, #4070, .T. ) ;
#2271 = VERTEX_POINT ( 'NONE', #3569 ) ;
#2272 = DIRECTION ( 'NONE',  ( 0.000000000000000000, -0.000000000000000000, 1.000000000000000000 ) ) ;
#2273 = LINE ( 'NONE', #5184, #1818 ) ;
#2274 = CARTESIAN_POINT ( 'NONE',  ( -0.4999999999999991673, 0.000000000000000000, 1.500000000000000444 ) ) ;
#2275 = ORIENTED_EDGE ( 'NONE', *, *, #4114, .T. ) ;
#2276 = ORIENTED_EDGE ( 'NONE', *, *, #1924, .T. ) ;
#2277 = PLANE ( 'NONE',  #1162 ) ;
#2278 = ADVANCED_FACE ( 'NONE', ( #3836 ), #1599, .F. ) ;
#2279 = ORIENTED_EDGE ( 'NONE', *, *, #919, .T. ) ;
#2280 = EDGE_CURVE ( 'NONE', #1676, #1066, #4335, .T. ) ;
#2281 = FACE_OUTER_BOUND ( 'NONE', #816, .T. ) ;
#2282 = APPLICATION_PROTOCOL_DEFINITION ( 'draft international standard', 'automotive_design', 1998, #5284 ) ;
#2283 = PLANE ( 'NONE',  #6048 ) ;
#2284 = CARTESIAN_POINT ( 'NONE',  ( -0.09999999999999928391, 0.000000000000000000, 1.100000000000000533 ) ) ;
#2285 = ORIENTED_EDGE ( 'NONE', *, *, #6386, .F. ) ;
#2286 = ORIENTED_EDGE ( 'NONE', *, *, #1441, .F. ) ;
#2287 = LINE ( 'NONE', #5613, #263 ) ;
#2288 = DIRECTION ( 'NONE',  ( -2.710505431213761578E-16, 0.000000000000000000, 1.000000000000000000 ) ) ;
#2289 = AXIS2_PLACEMENT_3D ( 'NONE', #5300, #1384, #6293 ) ;
#2290 = ORIENTED_EDGE ( 'NONE', *, *, #5267, .F. ) ;
#2291 = VERTEX_POINT ( 'NONE', #2606 ) ;
#2292 = VECTOR ( 'NONE', #1003, 1000.000000000000000 ) ;
#2293 = CARTESIAN_POINT ( 'NONE',  ( -1.499999999999999112, 0.6472135954999579388, 0.1000000000000001582 ) ) ;
#2294 =( NAMED_UNIT ( * ) SI_UNIT ( $, .STERADIAN. ) SOLID_ANGLE_UNIT ( ) );
#2295 = ORIENTED_EDGE ( 'NONE', *, *, #5556, .F. ) ;
#2296 = AXIS2_PLACEMENT_3D ( 'NONE', #1582, #4555, #4040 ) ;
#2297 = DIRECTION ( 'NONE',  ( -1.000000000000000000, 0.000000000000000000, -0.000000000000000000 ) ) ;
#2298 = ORIENTED_EDGE ( 'NONE', *, *, #2631, .F. ) ;
#2299 = CARTESIAN_POINT ( 'NONE',  ( 0.3000000000000007661, 0.1999999999999999833, 1.100000000000000533 ) ) ;
#2300 = ORIENTED_EDGE ( 'NONE', *, *, #2926, .F. ) ;
#2301 = CARTESIAN_POINT ( 'NONE',  ( 1.099999999999999201, 0.000000000000000000, 0.9000000000000002442 ) ) ;
#2302 = DIRECTION ( 'NONE',  ( -1.000000000000000000, 0.000000000000000000, 5.421010862427523156E-16 ) ) ;
#2303 = CARTESIAN_POINT ( 'NONE',  ( 1.499999999999999112, 0.04999999999999969746, -0.8999999999999998002 ) ) ;
#2304 = LINE ( 'NONE', #1989, #970 ) ;
#2305 = VECTOR ( 'NONE', #2627, 1000.000000000000000 ) ;
#2306 = ORIENTED_EDGE ( 'NONE', *, *, #1429, .T. ) ;
#2307 = DIRECTION ( 'NONE',  ( 1.000000000000000000, 0.000000000000000000, -5.421010862427523156E-16 ) ) ;
#2308 = EDGE_CURVE ( 'NONE', #3769, #930, #1186, .T. ) ;
#2309 = ADVANCED_FACE ( 'NONE', ( #2567 ), #614, .T. ) ;
#2310 = FACE_OUTER_BOUND ( 'NONE', #5307, .T. ) ;
#2311 = VECTOR ( 'NONE', #2363, 1000.000000000000000 ) ;
#2312 = VERTEX_POINT ( 'NONE', #1645 ) ;
#2313 = CARTESIAN_POINT ( 'NONE',  ( 1.099999999999999201, 0.2000000000000000944, -0.2999999999999998779 ) ) ;
#2314 = VECTOR ( 'NONE', #5325, 1000.000000000000000 ) ;
#2315 = LINE ( 'NONE', #4842, #1377 ) ;
#2316 = LINE ( 'NONE', #2637, #1530 ) ;
#2317 = DIRECTION ( 'NONE',  ( -0.000000000000000000, -1.000000000000000000, -0.000000000000000000 ) ) ;
#2318 = EDGE_CURVE ( 'NONE', #3422, #3097, #84, .T. ) ;
#2319 = EDGE_LOOP ( 'NONE', ( #6260, #621, #2658, #5630 ) ) ;
#2320 = CARTESIAN_POINT ( 'NONE',  ( 1.500000000000000444, 0.05000000000000000278, 1.500000000000000000 ) ) ;
#2321 = LINE ( 'NONE', #937, #2083 ) ;
#2322 = EDGE_CURVE ( 'NONE', #1289, #902, #5701, .T. ) ;
#2323 = VECTOR ( 'NONE', #5504, 1000.000000000000000 ) ;
#2324 =( LENGTH_UNIT ( ) NAMED_UNIT ( * ) SI_UNIT ( .MILLI., .METRE. ) );
#2325 = DIRECTION ( 'NONE',  ( -1.000000000000000000, 0.000000000000000000, -0.000000000000000000 ) ) ;
#2326 = CARTESIAN_POINT ( 'NONE',  ( 1.099999999999999201, 0.000000000000000000, -0.2999999999999998779 ) ) ;
#2327 = VERTEX_POINT ( 'NONE', #1112 ) ;
#2328 = AXIS2_PLACEMENT_3D ( 'NONE', #6301, #2605, #6212 ) ;
#2329 = VECTOR ( 'NONE', #4316, 1000.000000000000000 ) ;
#2330 = EDGE_CURVE ( 'NONE', #4919, #163, #5457, .T. ) ;
#2331 = ORIENTED_EDGE ( 'NONE', *, *, #4955, .T. ) ;
#2332 = DIRECTION ( 'NONE',  ( 0.000000000000000000, 0.000000000000000000, -1.000000000000000000 ) ) ;
#2333 = ORIENTED_EDGE ( 'NONE', *, *, #5603, .F. ) ;
#2334 = ORIENTED_EDGE ( 'NONE', *, *, #6315, .T. ) ;
#2335 = DIRECTION ( 'NONE',  ( -1.000000000000000000, 0.000000000000000000, 0.000000000000000000 ) ) ;
#2336 = AXIS2_PLACEMENT_3D ( 'NONE', #3128, #1199, #6200 ) ;
#2337 = VECTOR ( 'NONE', #2428, 1000.000000000000000 ) ;
#2338 = ORIENTED_EDGE ( 'NONE', *, *, #4983, .F. ) ;
#2339 = CARTESIAN_POINT ( 'NONE',  ( -0.2999999999999993228, 0.2000000000000000111, 1.500000000000000000 ) ) ;
#2340 = EDGE_LOOP ( 'NONE', ( #1216, #2049, #411, #5503 ) ) ;
#2341 = ORIENTED_EDGE ( 'NONE', *, *, #6135, .F. ) ;
#2342 = ADVANCED_FACE ( 'NONE', ( #6244 ), #1620, .F. ) ;
#2343 = LINE ( 'NONE', #2493, #1247 ) ;
#2344 = LINE ( 'NONE', #4940, #3977 ) ;
#2345 = PLANE ( 'NONE',  #2942 ) ;
#2346 = AXIS2_PLACEMENT_3D ( 'NONE', #4441, #1443, #3950 ) ;
#2347 = PLANE ( 'NONE',  #4747 ) ;
#2348 = CARTESIAN_POINT ( 'NONE',  ( -1.099999999999999201, 0.000000000000000000, -0.09999999999999993616 ) ) ;
#2349 = CARTESIAN_POINT ( 'NONE',  ( -1.099999999999999201, 0.1999999999999999833, 0.7000000000000000666 ) ) ;
#2350 = ORIENTED_EDGE ( 'NONE', *, *, #866, .T. ) ;
#2351 = ORIENTED_EDGE ( 'NONE', *, *, #143, .F. ) ;
#2352 = ORIENTED_EDGE ( 'NONE', *, *, #1904, .T. ) ;
#2353 = FACE_OUTER_BOUND ( 'NONE', #540, .T. ) ;
#2354 = EDGE_CURVE ( 'NONE', #5934, #5819, #3683, .T. ) ;
#2355 = CARTESIAN_POINT ( 'NONE',  ( -1.099999999999999201, 0.6472135954999579388, 0.1000000000000001582 ) ) ;
#2356 = ORIENTED_EDGE ( 'NONE', *, *, #1773, .F. ) ;
#2357 = EDGE_LOOP ( 'NONE', ( #3864, #1714, #3845, #6433 ) ) ;
#2358 = LINE ( 'NONE', #4537, #1503 ) ;
#2359 =( LENGTH_UNIT ( ) NAMED_UNIT ( * ) SI_UNIT ( .MILLI., .METRE. ) );
#2360 = VERTEX_POINT ( 'NONE', #5595 ) ;
#2361 = EDGE_CURVE ( 'NONE', #5077, #142, #3513, .T. ) ;
#2362 = CARTESIAN_POINT ( 'NONE',  ( 1.099999999999999201, 0.6472135954999579388, 0.5000000000000002220 ) ) ;
#2363 = DIRECTION ( 'NONE',  ( 0.000000000000000000, -1.000000000000000000, 0.000000000000000000 ) ) ;
#2364 = DIRECTION ( 'NONE',  ( 0.000000000000000000, -0.000000000000000000, -1.000000000000000000 ) ) ;
#2365 = ORIENTED_EDGE ( 'NONE', *, *, #5271, .T. ) ;
#2366 = VECTOR ( 'NONE', #818, 1000.000000000000000 ) ;
#2367 = ADVANCED_FACE ( 'NONE', ( #402 ), #3257, .F. ) ;
#2368 = EDGE_LOOP ( 'NONE', ( #743, #2805, #3582, #4037 ) ) ;
#2369 = ORIENTED_EDGE ( 'NONE', *, *, #1531, .F. ) ;
#2370 = EDGE_CURVE ( 'NONE', #6321, #1876, #2499, .T. ) ;
#2371 = CARTESIAN_POINT ( 'NONE',  ( 0.9000000000000006883, 0.1999999999999999833, 1.500000000000000000 ) ) ;
#2372 = LINE ( 'NONE', #770, #1206 ) ;
#2373 = DIRECTION ( 'NONE',  ( -1.000000000000000000, 0.000000000000000000, -2.710505431213761578E-16 ) ) ;
#2374 = EDGE_CURVE ( 'NONE', #5985, #3254, #5861, .T. ) ;
#2375 = UNCERTAINTY_MEASURE_WITH_UNIT (LENGTH_MEASURE( 1.000000000000000082E-05 ), #4101, 'distance_accuracy_value', 'NONE');
#2376 = VERTEX_POINT ( 'NONE', #2299 ) ;
#2377 = AXIS2_PLACEMENT_3D ( 'NONE', #2355, #4895, #5834 ) ;
#2378 = CARTESIAN_POINT ( 'NONE',  ( -0.8999999999999993561, 0.04999999999999999584, 1.100000000000000533 ) ) ;
#2379 = LINE ( 'NONE', #907, #1371 ) ;
#2380 = CARTESIAN_POINT ( 'NONE',  ( -1.099999999999999201, 0.6472135954999579388, 0.5000000000000002220 ) ) ;
#2381 = VERTEX_POINT ( 'NONE', #254 ) ;
#2382 = DIRECTION ( 'NONE',  ( 0.000000000000000000, 0.000000000000000000, -1.000000000000000000 ) ) ;
#2383 = PRESENTATION_STYLE_ASSIGNMENT (( #2896 ) ) ;
#2384 = VECTOR ( 'NONE', #6056, 1000.000000000000000 ) ;
#2385 = VECTOR ( 'NONE', #3261, 1000.000000000000000 ) ;
#2386 = DIRECTION ( 'NONE',  ( 1.000000000000000000, -0.000000000000000000, 0.000000000000000000 ) ) ;
#2387 = EDGE_CURVE ( 'NONE', #2561, #2148, #5389, .T. ) ;
#2388 = ORIENTED_EDGE ( 'NONE', *, *, #2911, .T. ) ;
#2389 = VECTOR ( 'NONE', #5814, 1000.000000000000000 ) ;
#2390 = FACE_OUTER_BOUND ( 'NONE', #5785, .T. ) ;
#2391 = LINE ( 'NONE', #424, #5420 ) ;
#2392 = ORIENTED_EDGE ( 'NONE', *, *, #4221, .T. ) ;
#2393 = DIRECTION ( 'NONE',  ( 1.000000000000000000, -0.000000000000000000, 0.000000000000000000 ) ) ;
#2394 = EDGE_CURVE ( 'NONE', #4481, #4951, #2889, .T. ) ;
#2395 = EDGE_LOOP ( 'NONE', ( #5945, #3711, #5008, #2286 ) ) ;
#2396 = CARTESIAN_POINT ( 'NONE',  ( 1.099999999999999201, 0.1999999999999999833, 0.9000000000000002442 ) ) ;
#2397 = ADVANCED_FACE ( 'NONE', ( #1822 ), #4762, .T. ) ;
#2398 = ORIENTED_EDGE ( 'NONE', *, *, #6198, .T. ) ;
#2399 = CARTESIAN_POINT ( 'NONE',  ( -0.2999999999999992117, 0.2000000000000000111, 1.100000000000000089 ) ) ;
#2400 = ORIENTED_EDGE ( 'NONE', *, *, #1720, .T. ) ;
#2401 = CARTESIAN_POINT ( 'NONE',  ( 1.099999999999999201, 0.1999999999999999833, -0.9000000000000000222 ) ) ;
#2402 = EDGE_LOOP ( 'NONE', ( #5498, #2249, #3736, #2064 ) ) ;
#2403 = EDGE_CURVE ( 'NONE', #119, #1876, #4238, .T. ) ;
#2404 = ORIENTED_EDGE ( 'NONE', *, *, #256, .F. ) ;
#2405 = VECTOR ( 'NONE', #2638, 1000.000000000000000 ) ;
#2406 = CARTESIAN_POINT ( 'NONE',  ( 1.499999999999999112, 0.1999999999999999833, -0.6999999999999998446 ) ) ;
#2407 = AXIS2_PLACEMENT_3D ( 'NONE', #5502, #5972, #2021 ) ;
#2408 = VERTEX_POINT ( 'NONE', #5741 ) ;
#2409 = LINE ( 'NONE', #774, #1637 ) ;
#2410 = DIRECTION ( 'NONE',  ( -1.000000000000000000, 0.000000000000000000, 5.421010862427523156E-16 ) ) ;
#2411 = DIRECTION ( 'NONE',  ( 0.000000000000000000, 0.000000000000000000, 1.000000000000000000 ) ) ;
#2412 = ORIENTED_EDGE ( 'NONE', *, *, #4533, .T. ) ;
#2413 = VECTOR ( 'NONE', #2718, 1000.000000000000000 ) ;
#2414 = PRESENTATION_LAYER_ASSIGNMENT (  '', '', ( #1309 ) ) ;
#2415 = EDGE_CURVE ( 'NONE', #3095, #3850, #633, .T. ) ;
#2416 = CARTESIAN_POINT ( 'NONE',  ( 0.000000000000000000, 0.05000000000000000278, 0.9000000000000002442 ) ) ;
#2417 = ORIENTED_EDGE ( 'NONE', *, *, #1331, .T. ) ;
#2418 = ORIENTED_EDGE ( 'NONE', *, *, #4671, .F. ) ;
#2419 = FILL_AREA_STYLE_COLOUR ( '', #4836 ) ;
#2420 = ORIENTED_EDGE ( 'NONE', *, *, #13, .F. ) ;
#2421 = LINE ( 'NONE', #1160, #3041 ) ;
#2422 = DIRECTION ( 'NONE',  ( -1.000000000000000000, 0.000000000000000000, 0.000000000000000000 ) ) ;
#2423 = CARTESIAN_POINT ( 'NONE',  ( 2.385244779468111333E-15, 0.05000000000000000278, 1.100000000000001199 ) ) ;
#2424 = ADVANCED_FACE ( 'NONE', ( #4624 ), #1764, .T. ) ;
#2425 = PLANE ( 'NONE',  #1750 ) ;
#2426 = VERTEX_POINT ( 'NONE', #1790 ) ;
#2427 = MECHANICAL_DESIGN_GEOMETRIC_PRESENTATION_REPRESENTATION (  '', ( #2098 ), #5540 ) ;
#2428 = DIRECTION ( 'NONE',  ( -1.000000000000000000, 0.000000000000000000, 2.168404344971008079E-15 ) ) ;
#2429 = EDGE_CURVE ( 'NONE', #1389, #3758, #327, .T. ) ;
#2430 = VECTOR ( 'NONE', #5872, 1000.000000000000000 ) ;
#2431 = DIRECTION ( 'NONE',  ( 1.000000000000000000, 0.000000000000000000, 0.000000000000000000 ) ) ;
#2432 = ORIENTED_EDGE ( 'NONE', *, *, #2893, .F. ) ;
#2433 = ORIENTED_EDGE ( 'NONE', *, *, #817, .F. ) ;
#2434 = EDGE_CURVE ( 'NONE', #2536, #3095, #1970, .T. ) ;
#2435 = CARTESIAN_POINT ( 'NONE',  ( -1.099999999999999201, 0.6472135954999579388, 0.5000000000000002220 ) ) ;
#2436 = ORIENTED_EDGE ( 'NONE', *, *, #3561, .T. ) ;
#2437 = EDGE_CURVE ( 'NONE', #5985, #4344, #5779, .T. ) ;
#2438 = VECTOR ( 'NONE', #1070, 1000.000000000000000 ) ;
#2439 = FACE_OUTER_BOUND ( 'NONE', #1157, .T. ) ;
#2440 = FILL_AREA_STYLE ('',( #2419 ) ) ;
#2441 = ORIENTED_EDGE ( 'NONE', *, *, #2415, .F. ) ;
#2442 = ORIENTED_EDGE ( 'NONE', *, *, #4152, .T. ) ;
#2443 = CARTESIAN_POINT ( 'NONE',  ( 1.099999999999999201, 0.1999999999999999833, -0.6999999999999998446 ) ) ;
#2444 = DIRECTION ( 'NONE',  ( -1.000000000000000000, 0.000000000000000000, 0.000000000000000000 ) ) ;
#2445 = VECTOR ( 'NONE', #463, 1000.000000000000000 ) ;
#2446 = VECTOR ( 'NONE', #4386, 1000.000000000000000 ) ;
#2447 = VERTEX_POINT ( 'NONE', #4208 ) ;
#2448 = UNCERTAINTY_MEASURE_WITH_UNIT (LENGTH_MEASURE( 1.000000000000000082E-05 ), #3660, 'distance_accuracy_value', 'NONE');
#2449 = ORIENTED_EDGE ( 'NONE', *, *, #5635, .T. ) ;
#2450 = DIRECTION ( 'NONE',  ( 0.000000000000000000, 0.000000000000000000, -1.000000000000000000 ) ) ;
#2451 = LINE ( 'NONE', #4586, #1129 ) ;
#2452 = VECTOR ( 'NONE', #5262, 1000.000000000000000 ) ;
#2453 = EDGE_CURVE ( 'NONE', #2591, #4267, #5999, .T. ) ;
#2454 = EDGE_CURVE ( 'NONE', #2087, #2794, #5450, .T. ) ;
#2455 = ORIENTED_EDGE ( 'NONE', *, *, #4114, .F. ) ;
#2456 = CARTESIAN_POINT ( 'NONE',  ( -1.099999999999999201, 0.000000000000000000, 0.3000000000000001554 ) ) ;
#2457 = ADVANCED_FACE ( 'NONE', ( #11 ), #3497, .F. ) ;
#2458 = COLOUR_RGB ( '',0.7921568627450980005, 0.8196078431372548767, 0.9333333333333333481 ) ;
#2459 = FACE_OUTER_BOUND ( 'NONE', #5754, .T. ) ;
#2460 = DIRECTION ( 'NONE',  ( -0.000000000000000000, -1.000000000000000000, -0.000000000000000000 ) ) ;
#2461 = ORIENTED_EDGE ( 'NONE', *, *, #1720, .F. ) ;
#2462 = SURFACE_SIDE_STYLE ('',( #3962 ) ) ;
#2463 = LINE ( 'NONE', #3330, #6429 ) ;
#2464 = VECTOR ( 'NONE', #2528, 1000.000000000000000 ) ;
#2465 = CARTESIAN_POINT ( 'NONE',  ( 1.499999999999999112, 0.1999999999999999833, 0.9000000000000002442 ) ) ;
#2466 = EDGE_CURVE ( 'NONE', #1571, #5616, #481, .T. ) ;
#2467 = ORIENTED_EDGE ( 'NONE', *, *, #3819, .T. ) ;
#2468 = EDGE_CURVE ( 'NONE', #6349, #3143, #6162, .T. ) ;
#2469 = CARTESIAN_POINT ( 'NONE',  ( -1.499999999999999112, 0.04999999999999969746, 0.3000000000000003775 ) ) ;
#2470 = ORIENTED_EDGE ( 'NONE', *, *, #1910, .F. ) ;
#2471 = ORIENTED_EDGE ( 'NONE', *, *, #761, .T. ) ;
#2472 = EDGE_CURVE ( 'NONE', #1056, #2904, #1737, .T. ) ;
#2473 = ORIENTED_EDGE ( 'NONE', *, *, #2911, .F. ) ;
#2474 = CARTESIAN_POINT ( 'NONE',  ( -1.499999999999999112, 0.000000000000000000, -0.6999999999999998446 ) ) ;
#2475 = DIRECTION ( 'NONE',  ( -0.000000000000000000, 0.000000000000000000, 1.000000000000000000 ) ) ;
#2476 = VECTOR ( 'NONE', #5954, 1000.000000000000000 ) ;
#2477 = ORIENTED_EDGE ( 'NONE', *, *, #2777, .T. ) ;
#2478 = CARTESIAN_POINT ( 'NONE',  ( 0.7000000000000005107, 0.1999999999999996503, -1.499999999999999778 ) ) ;
#2479 = PLANE ( 'NONE',  #6025 ) ;
#2480 = VERTEX_POINT ( 'NONE', #5472 ) ;
#2481 = LINE ( 'NONE', #5510, #2482 ) ;
#2482 = VECTOR ( 'NONE', #4561, 1000.000000000000000 ) ;
#2483 = CARTESIAN_POINT ( 'NONE',  ( 0.9000000000000003553, 0.2000000000000000111, -1.500000000000000000 ) ) ;
#2484 = CARTESIAN_POINT ( 'NONE',  ( -1.499999999999999112, 0.8999999999999998002, -1.499999999999999556 ) ) ;
#2485 = ADVANCED_FACE ( 'NONE', ( #2281 ), #2495, .T. ) ;
#2486 = ORIENTED_EDGE ( 'NONE', *, *, #2847, .F. ) ;
#2487 = VECTOR ( 'NONE', #693, 1000.000000000000000 ) ;
#2488 = AXIS2_PLACEMENT_3D ( 'NONE', #4643, #2173, #235 ) ;
#2489 = ORIENTED_EDGE ( 'NONE', *, *, #2181, .F. ) ;
#2490 = ORIENTED_EDGE ( 'NONE', *, *, #6302, .F. ) ;
#2491 = ORIENTED_EDGE ( 'NONE', *, *, #4276, .T. ) ;
#2492 = LINE ( 'NONE', #2, #3505 ) ;
#2493 = CARTESIAN_POINT ( 'NONE',  ( 0.5000000000000004441, 0.1999999999999999833, -1.500000000000000000 ) ) ;
#2494 = DIRECTION ( 'NONE',  ( 0.000000000000000000, -1.000000000000000000, 0.000000000000000000 ) ) ;
#2495 = PLANE ( 'NONE',  #107 ) ;
#2496 = ORIENTED_EDGE ( 'NONE', *, *, #1980, .F. ) ;
#2497 = FILL_AREA_STYLE_COLOUR ( '', #2065 ) ;
#2498 = ORIENTED_EDGE ( 'NONE', *, *, #2394, .T. ) ;
#2499 = LINE ( 'NONE', #3780, #4711 ) ;
#2500 = EDGE_CURVE ( 'NONE', #4459, #97, #395, .T. ) ;
#2501 = ADVANCED_FACE ( 'NONE', ( #3677 ), #2995, .F. ) ;
#2502 = EDGE_LOOP ( 'NONE', ( #521, #4602, #2392, #2159 ) ) ;
#2503 = DIRECTION ( 'NONE',  ( 0.000000000000000000, -1.000000000000000000, 0.000000000000000000 ) ) ;
#2504 = PLANE ( 'NONE',  #4218 ) ;
#2505 = FACE_OUTER_BOUND ( 'NONE', #5761, .T. ) ;
#2506 = DIRECTION ( 'NONE',  ( 1.000000000000000000, 0.000000000000000000, 0.000000000000000000 ) ) ;
#2507 = ORIENTED_EDGE ( 'NONE', *, *, #5315, .F. ) ;
#2508 = EDGE_CURVE ( 'NONE', #617, #147, #4545, .T. ) ;
#2509 = PRESENTATION_STYLE_ASSIGNMENT (( #6294 ) ) ;
#2510 = FACE_OUTER_BOUND ( 'NONE', #394, .T. ) ;
#2511 = ORIENTED_EDGE ( 'NONE', *, *, #4598, .T. ) ;
#2512 = CARTESIAN_POINT ( 'NONE',  ( -0.2999999999999994338, 0.6472135954999583829, -1.100000000000000089 ) ) ;
#2513 = ORIENTED_EDGE ( 'NONE', *, *, #4876, .T. ) ;
#2514 = CARTESIAN_POINT ( 'NONE',  ( 0.7000000000000005107, 0.1999999999999999833, -1.100000000000000089 ) ) ;
#2515 = ADVANCED_FACE ( 'NONE', ( #2117 ), #1508, .F. ) ;
#2516 = LINE ( 'NONE', #1228, #899 ) ;
#2517 = ORIENTED_EDGE ( 'NONE', *, *, #5883, .F. ) ;
#2518 = EDGE_CURVE ( 'NONE', #2042, #3023, #2964, .T. ) ;
#2519 = ORIENTED_EDGE ( 'NONE', *, *, #4393, .T. ) ;
#2520 = CARTESIAN_POINT ( 'NONE',  ( -0.6999999999999992895, 0.000000000000000000, 1.100000000000000089 ) ) ;
#2521 = DIRECTION ( 'NONE',  ( 0.000000000000000000, 0.000000000000000000, -1.000000000000000000 ) ) ;
#2522 = LINE ( 'NONE', #4690, #5957 ) ;
#2523 = LINE ( 'NONE', #465, #2446 ) ;
#2524 = ORIENTED_EDGE ( 'NONE', *, *, #3768, .T. ) ;
#2525 = LINE ( 'NONE', #6249, #4968 ) ;
#2526 = FACE_OUTER_BOUND ( 'NONE', #6282, .T. ) ;
#2527 = CARTESIAN_POINT ( 'NONE',  ( 1.099999999999999201, 0.1999999999999999833, 0.1000000000000001582 ) ) ;
#2528 = DIRECTION ( 'NONE',  ( -0.000000000000000000, 0.000000000000000000, 1.000000000000000000 ) ) ;
#2529 = VERTEX_POINT ( 'NONE', #960 ) ;
#2530 = LINE ( 'NONE', #1098, #1383 ) ;
#2531 = VECTOR ( 'NONE', #4806, 1000.000000000000000 ) ;
#2532 = VECTOR ( 'NONE', #3872, 1000.000000000000000 ) ;
#2533 = VERTEX_POINT ( 'NONE', #1935 ) ;
#2534 = VECTOR ( 'NONE', #871, 1000.000000000000000 ) ;
#2535 = VECTOR ( 'NONE', #3053, 1000.000000000000000 ) ;
#2536 = VERTEX_POINT ( 'NONE', #1489 ) ;
#2537 = EDGE_CURVE ( 'NONE', #3526, #5573, #4329, .T. ) ;
#2538 = DIRECTION ( 'NONE',  ( 1.000000000000000000, -0.000000000000000000, -2.168404344971010446E-15 ) ) ;
#2539 = VERTEX_POINT ( 'NONE', #3968 ) ;
#2540 = CARTESIAN_POINT ( 'NONE',  ( 0.3000000000000005440, 0.6472135954999583829, -1.100000000000000089 ) ) ;
#2541 = ORIENTED_EDGE ( 'NONE', *, *, #2429, .F. ) ;
#2542 = DIRECTION ( 'NONE',  ( 1.000000000000000000, -0.000000000000000000, 0.000000000000000000 ) ) ;
#2543 = ORIENTED_EDGE ( 'NONE', *, *, #978, .T. ) ;
#2544 = DIRECTION ( 'NONE',  ( -0.000000000000000000, 0.000000000000000000, -1.000000000000000000 ) ) ;
#2545 = ORIENTED_EDGE ( 'NONE', *, *, #3974, .T. ) ;
#2546 = LINE ( 'NONE', #164, #69 ) ;
#2547 = LINE ( 'NONE', #941, #6147 ) ;
#2548 = EDGE_CURVE ( 'NONE', #4928, #2480, #5614, .T. ) ;
#2549 = EDGE_CURVE ( 'NONE', #1381, #2312, #4861, .T. ) ;
#2550 = CARTESIAN_POINT ( 'NONE',  ( 1.099999999999999201, 0.6472135954999580498, -0.2999999999999998779 ) ) ;
#2551 = CARTESIAN_POINT ( 'NONE',  ( 3.794707603699263547E-16, 0.05000000000000000278, 0.6999999999999995115 ) ) ;
#2552 = ORIENTED_EDGE ( 'NONE', *, *, #4799, .F. ) ;
#2553 = CARTESIAN_POINT ( 'NONE',  ( -1.499999999999999112, 0.000000000000000000, 0.9000000000000002442 ) ) ;
#2554 = UNCERTAINTY_MEASURE_WITH_UNIT (LENGTH_MEASURE( 1.000000000000000082E-05 ), #4484, 'distance_accuracy_value', 'NONE');
#2555 = AXIS2_PLACEMENT_3D ( 'NONE', #1274, #4275, #1808 ) ;
#2556 = EDGE_LOOP ( 'NONE', ( #4795, #1474, #4808, #1288 ) ) ;
#2557 = VECTOR ( 'NONE', #3221, 1000.000000000000000 ) ;
#2558 = CARTESIAN_POINT ( 'NONE',  ( -0.4999999999999993339, 0.000000000000000000, 1.100000000000000533 ) ) ;
#2559 = EDGE_CURVE ( 'NONE', #2053, #1971, #1656, .T. ) ;
#2560 = DIRECTION ( 'NONE',  ( 1.000000000000000000, 0.000000000000000000, 1.275531967630005245E-16 ) ) ;
#2561 = VERTEX_POINT ( 'NONE', #497 ) ;
#2562 =( LENGTH_UNIT ( ) NAMED_UNIT ( * ) SI_UNIT ( .MILLI., .METRE. ) );
#2563 = ORIENTED_EDGE ( 'NONE', *, *, #597, .F. ) ;
#2564 = DIRECTION ( 'NONE',  ( 0.000000000000000000, -0.000000000000000000, 1.000000000000000000 ) ) ;
#2565 = VERTEX_POINT ( 'NONE', #2914 ) ;
#2566 = PLANE ( 'NONE',  #1547 ) ;
#2567 = FACE_OUTER_BOUND ( 'NONE', #1470, .T. ) ;
#2568 = EDGE_CURVE ( 'NONE', #325, #6265, #2492, .T. ) ;
#2569 =( GEOMETRIC_REPRESENTATION_CONTEXT ( 3 ) GLOBAL_UNCERTAINTY_ASSIGNED_CONTEXT ( ( #2265 ) ) GLOBAL_UNIT_ASSIGNED_CONTEXT ( ( #1525, #6062, #99 ) ) REPRESENTATION_CONTEXT ( 'NONE', 'WORKASPACE' ) );
#2570 = ORIENTED_EDGE ( 'NONE', *, *, #2047, .T. ) ;
#2571 = CARTESIAN_POINT ( 'NONE',  ( -1.099999999999999201, 0.1999999999999999833, 0.9000000000000002442 ) ) ;
#2572 = DIRECTION ( 'NONE',  ( 0.000000000000000000, -0.000000000000000000, 1.000000000000000000 ) ) ;
#2573 = ORIENTED_EDGE ( 'NONE', *, *, #2106, .F. ) ;
#2574 = ORIENTED_EDGE ( 'NONE', *, *, #6135, .T. ) ;
#2575 = CARTESIAN_POINT ( 'NONE',  ( 1.099999999999999201, 0.000000000000000000, 0.9000000000000002442 ) ) ;
#2576 = MECHANICAL_DESIGN_GEOMETRIC_PRESENTATION_REPRESENTATION (  '', ( #1267 ), #5850 ) ;
#2577 =( LENGTH_UNIT ( ) NAMED_UNIT ( * ) SI_UNIT ( .MILLI., .METRE. ) );
#2578 = CARTESIAN_POINT ( 'NONE',  ( 1.099999999999999201, 0.000000000000000000, -0.2999999999999998779 ) ) ;
#2579 = EDGE_CURVE ( 'NONE', #5455, #3547, #870, .T. ) ;
#2580 = VERTEX_POINT ( 'NONE', #4957 ) ;
#2581 = DIRECTION ( 'NONE',  ( 0.000000000000000000, 1.000000000000000000, 0.000000000000000000 ) ) ;
#2582 = VECTOR ( 'NONE', #258, 1000.000000000000000 ) ;
#2583 = FACE_OUTER_BOUND ( 'NONE', #2856, .T. ) ;
#2584 = DIRECTION ( 'NONE',  ( 1.000000000000000000, 0.000000000000000000, -5.421010862427523156E-16 ) ) ;
#2585 = EDGE_LOOP ( 'NONE', ( #3874, #4790, #534, #4812 ) ) ;
#2586 = EDGE_CURVE ( 'NONE', #628, #943, #3829, .T. ) ;
#2587 = EDGE_LOOP ( 'NONE', ( #452, #2058, #4142, #1159 ) ) ;
#2588 = FACE_OUTER_BOUND ( 'NONE', #2697, .T. ) ;
#2589 = VECTOR ( 'NONE', #3890, 1000.000000000000000 ) ;
#2590 = CARTESIAN_POINT ( 'NONE',  ( 0.000000000000000000, 0.05000000000000000278, -0.2999999999999998779 ) ) ;
#2591 = VERTEX_POINT ( 'NONE', #3017 ) ;
#2592 = PLANE ( 'NONE',  #1585 ) ;
#2593 = CARTESIAN_POINT ( 'NONE',  ( -1.099999999999999201, 0.000000000000000000, 0.9000000000000002442 ) ) ;
#2594 = LINE ( 'NONE', #850, #441 ) ;
#2595 = CARTESIAN_POINT ( 'NONE',  ( 0.1000000000000006994, 0.6472135954999583829, 1.500000000000000000 ) ) ;
#2596 =( GEOMETRIC_REPRESENTATION_CONTEXT ( 3 ) GLOBAL_UNCERTAINTY_ASSIGNED_CONTEXT ( ( #3523 ) ) GLOBAL_UNIT_ASSIGNED_CONTEXT ( ( #5296, #2846, #854 ) ) REPRESENTATION_CONTEXT ( 'NONE', 'WORKASPACE' ) );
#2597 = FACE_OUTER_BOUND ( 'NONE', #3363, .T. ) ;
#2598 = DIRECTION ( 'NONE',  ( 0.000000000000000000, -1.000000000000000000, 0.000000000000000000 ) ) ;
#2599 = CARTESIAN_POINT ( 'NONE',  ( -0.09999999999999961697, 0.1999999999999996503, -1.499999999999999778 ) ) ;
#2600 = ORIENTED_EDGE ( 'NONE', *, *, #4916, .F. ) ;
#2601 = VECTOR ( 'NONE', #5165, 1000.000000000000000 ) ;
#2602 = CARTESIAN_POINT ( 'NONE',  ( 0.7000000000000005107, 0.000000000000000000, -1.500000000000000000 ) ) ;
#2603 = VECTOR ( 'NONE', #4137, 1000.000000000000000 ) ;
#2604 = VECTOR ( 'NONE', #1141, 1000.000000000000000 ) ;
#2605 = DIRECTION ( 'NONE',  ( 1.000000000000000000, 0.000000000000000000, -2.710505431213761578E-16 ) ) ;
#2606 = CARTESIAN_POINT ( 'NONE',  ( 0.3000000000000008771, 0.1999999999999999833, 1.500000000000000444 ) ) ;
#2607 = CARTESIAN_POINT ( 'NONE',  ( -0.4999999999999993339, 0.2000000000000000111, 1.100000000000000533 ) ) ;
#2608 = AXIS2_PLACEMENT_3D ( 'NONE', #4878, #352, #5796 ) ;
#2609 = ADVANCED_FACE ( 'NONE', ( #4703 ), #1104, .T. ) ;
#2610 = CARTESIAN_POINT ( 'NONE',  ( 0.3000000000000005440, 0.1999999999999996503, -1.499999999999999778 ) ) ;
#2611 =( NAMED_UNIT ( * ) SI_UNIT ( $, .STERADIAN. ) SOLID_ANGLE_UNIT ( ) );
#2612 = ORIENTED_EDGE ( 'NONE', *, *, #2792, .F. ) ;
#2614 = PLANE ( 'NONE',  #4053 ) ;
#2613 = CARTESIAN_POINT ( 'NONE',  ( -1.099999999999999201, 0.000000000000000000, -0.5000000000000000000 ) ) ;
#2615 = LINE ( 'NONE', #4162, #3399 ) ;
#2616 = PLANE ( 'NONE',  #2872 ) ;
#2617 = ORIENTED_EDGE ( 'NONE', *, *, #77, .T. ) ;
#2618 = ADVANCED_FACE ( 'NONE', ( #2200 ), #3060, .F. ) ;
#2619 = FACE_OUTER_BOUND ( 'NONE', #6304, .T. ) ;
#2620 = ORIENTED_EDGE ( 'NONE', *, *, #4491, .F. ) ;
#2621 = EDGE_CURVE ( 'NONE', #3461, #380, #1890, .T. ) ;
#2622 = CARTESIAN_POINT ( 'NONE',  ( 0.1000000000000005884, 0.6472135954999583829, -1.100000000000000089 ) ) ;
#2623 = DIRECTION ( 'NONE',  ( 0.000000000000000000, -0.000000000000000000, -1.000000000000000000 ) ) ;
#2624 = CARTESIAN_POINT ( 'NONE',  ( 0.3000000000000007661, 0.2000000000000000111, 1.100000000000000533 ) ) ;
#2625 = VERTEX_POINT ( 'NONE', #2514 ) ;
#2626 = ORIENTED_EDGE ( 'NONE', *, *, #4611, .F. ) ;
#2627 = DIRECTION ( 'NONE',  ( 0.000000000000000000, -1.000000000000000000, 0.000000000000000000 ) ) ;
#2628 = EDGE_LOOP ( 'NONE', ( #3038, #6164, #5407, #3682 ) ) ;
#2629 = VECTOR ( 'NONE', #4413, 1000.000000000000000 ) ;
#2630 = ORIENTED_EDGE ( 'NONE', *, *, #3028, .F. ) ;
#2631 = EDGE_CURVE ( 'NONE', #2408, #6404, #2811, .T. ) ;
#2632 = CARTESIAN_POINT ( 'NONE',  ( 0.7000000000000008438, 0.6472135954999583829, 1.500000000000000444 ) ) ;
#2633 = DIRECTION ( 'NONE',  ( -5.421010862427523156E-16, 0.000000000000000000, 1.000000000000000000 ) ) ;
#2634 = CARTESIAN_POINT ( 'NONE',  ( 0.8499999999999997558, 0.2000000000000000944, 0.8500000000000001998 ) ) ;
#2635 = CLOSED_SHELL ( 'NONE', ( #1762, #252, #3256, #1952, #5246, #5280 ) ) ;
#2636 = DIRECTION ( 'NONE',  ( 0.000000000000000000, -0.000000000000000000, -1.000000000000000000 ) ) ;
#2637 = CARTESIAN_POINT ( 'NONE',  ( -1.099999999999999201, 0.6472135954999580498, -0.2999999999999998779 ) ) ;
#2638 = DIRECTION ( 'NONE',  ( -0.000000000000000000, -1.000000000000000000, -0.000000000000000000 ) ) ;
#2639 = CARTESIAN_POINT ( 'NONE',  ( -1.499999999999999112, 0.6472135954999579388, -0.8999999999999998002 ) ) ;
#2640 = LINE ( 'NONE', #4048, #3494 ) ;
#2641 = LINE ( 'NONE', #3419, #5064 ) ;
#2642 = ORIENTED_EDGE ( 'NONE', *, *, #4577, .F. ) ;
#2643 = AXIS2_PLACEMENT_3D ( 'NONE', #3672, #3646, #684 ) ;
#2644 = FACE_OUTER_BOUND ( 'NONE', #2714, .T. ) ;
#2645 = EDGE_CURVE ( 'NONE', #5926, #5366, #167, .T. ) ;
#2646 = DIRECTION ( 'NONE',  ( 0.000000000000000000, 0.000000000000000000, -1.000000000000000000 ) ) ;
#2647 = UNCERTAINTY_MEASURE_WITH_UNIT (LENGTH_MEASURE( 1.000000000000000082E-05 ), #1697, 'distance_accuracy_value', 'NONE');
#2648 = ADVANCED_FACE ( 'NONE', ( #2353 ), #5583, .T. ) ;
#2649 = ORIENTED_EDGE ( 'NONE', *, *, #249, .T. ) ;
#2650 = CARTESIAN_POINT ( 'NONE',  ( -1.499999999999999112, 0.6472135954999579388, 0.1000000000000001582 ) ) ;
#2651 = DIRECTION ( 'NONE',  ( -1.000000000000000000, 0.000000000000000000, 0.000000000000000000 ) ) ;
#2652 = ORIENTED_EDGE ( 'NONE', *, *, #895, .T. ) ;
#2653 = PLANE ( 'NONE',  #3827 ) ;
#2654 = VECTOR ( 'NONE', #5559, 1000.000000000000000 ) ;
#2655 = DIRECTION ( 'NONE',  ( -1.000000000000000000, 0.000000000000000000, 5.421010862427523156E-16 ) ) ;
#2656 = EDGE_LOOP ( 'NONE', ( #691, #1038, #6059, #4942 ) ) ;
#2657 = ADVANCED_FACE ( 'NONE', ( #1498 ), #4562, .F. ) ;
#2658 = ORIENTED_EDGE ( 'NONE', *, *, #6322, .T. ) ;
#2659 = DIRECTION ( 'NONE',  ( 0.000000000000000000, 1.000000000000000000, 0.000000000000000000 ) ) ;
#2660 = VECTOR ( 'NONE', #5065, 1000.000000000000000 ) ;
#2661 = DIRECTION ( 'NONE',  ( 5.421010862427523156E-16, -0.000000000000000000, 1.000000000000000000 ) ) ;
#2662 = CARTESIAN_POINT ( 'NONE',  ( 1.499999999999999112, 0.2000000000000000944, -0.2999999999999998779 ) ) ;
#2663 = PLANE ( 'NONE',  #6219 ) ;
#2664 = EDGE_LOOP ( 'NONE', ( #4131, #1202, #2682, #3855 ) ) ;
#2665 = CARTESIAN_POINT ( 'NONE',  ( -1.099999999999999201, 0.1999999999999999833, 0.5000000000000002220 ) ) ;
#2666 = VECTOR ( 'NONE', #1665, 1000.000000000000000 ) ;
#2667 = ORIENTED_EDGE ( 'NONE', *, *, #4482, .T. ) ;
#2668 = CARTESIAN_POINT ( 'NONE',  ( 1.500000000000000444, 0.05000000000000000278, -1.500000000000000000 ) ) ;
#2669 = CARTESIAN_POINT ( 'NONE',  ( 1.500000000000000444, 0.05000000000000000278, 1.500000000000000000 ) ) ;
#2670 = DIRECTION ( 'NONE',  ( -1.000000000000000000, 0.000000000000000000, 5.421010862427523156E-16 ) ) ;
#2671 = VECTOR ( 'NONE', #2853, 1000.000000000000000 ) ;
#2672 = CARTESIAN_POINT ( 'NONE',  ( -0.09999999999999950595, 0.6472135954999583829, -1.500000000000000000 ) ) ;
#2673 = PLANE ( 'NONE',  #2222 ) ;
#2674 = EDGE_LOOP ( 'NONE', ( #2298, #602, #4689, #3578 ) ) ;
#2675 = DIRECTION ( 'NONE',  ( -0.000000000000000000, -1.000000000000000000, -0.000000000000000000 ) ) ;
#2676 = DIRECTION ( 'NONE',  ( -1.000000000000000000, 0.000000000000000000, -5.421010862427523156E-16 ) ) ;
#2677 = ORIENTED_EDGE ( 'NONE', *, *, #276, .T. ) ;
#2678 = EDGE_CURVE ( 'NONE', #2291, #2480, #5855, .T. ) ;
#2679 = FACE_OUTER_BOUND ( 'NONE', #324, .T. ) ;
#2680 = ORIENTED_EDGE ( 'NONE', *, *, #3597, .T. ) ;
#2681 = CARTESIAN_POINT ( 'NONE',  ( 0.000000000000000000, 0.2000000000000000111, 0.000000000000000000 ) ) ;
#2682 = ORIENTED_EDGE ( 'NONE', *, *, #6038, .T. ) ;
#2683 = CARTESIAN_POINT ( 'NONE',  ( 0.9000000000000007994, 0.6472135954999583829, 1.100000000000000089 ) ) ;
#2684 = DIRECTION ( 'NONE',  ( 0.000000000000000000, 0.000000000000000000, -1.000000000000000000 ) ) ;
#2685 = CARTESIAN_POINT ( 'NONE',  ( 1.499999999999999112, 0.1999999999999999833, 0.9000000000000002442 ) ) ;
#2686 = CARTESIAN_POINT ( 'NONE',  ( 1.099999999999999201, 0.1999999999999999833, 0.1000000000000001582 ) ) ;
#2687 = VECTOR ( 'NONE', #1767, 1000.000000000000000 ) ;
#2688 = AXIS2_PLACEMENT_3D ( 'NONE', #6174, #2544, #2062 ) ;
#2689 = ORIENTED_EDGE ( 'NONE', *, *, #4517, .F. ) ;
#2690 = CARTESIAN_POINT ( 'NONE',  ( 0.1000000000000008105, 0.1999999999999999833, 1.100000000000000089 ) ) ;
#2691 = FACE_OUTER_BOUND ( 'NONE', #1342, .T. ) ;
#2692 = ADVANCED_FACE ( 'NONE', ( #3986 ), #1550, .F. ) ;
#2693 = FACE_OUTER_BOUND ( 'NONE', #2085, .T. ) ;
#2694 = FACE_OUTER_BOUND ( 'NONE', #4051, .T. ) ;
#2695 = DIRECTION ( 'NONE',  ( -0.000000000000000000, -1.000000000000000000, -0.000000000000000000 ) ) ;
#2696 = DIRECTION ( 'NONE',  ( 0.000000000000000000, -0.000000000000000000, -1.000000000000000000 ) ) ;
#2697 = EDGE_LOOP ( 'NONE', ( #3489, #5848, #872, #5928 ) ) ;
#2698 = LINE ( 'NONE', #3731, #2239 ) ;
#2699 = CARTESIAN_POINT ( 'NONE',  ( -0.2999999999999988787, 0.05000000000000000278, -8.131516293641254905E-17 ) ) ;
#2700 = CARTESIAN_POINT ( 'NONE',  ( 0.3000000000000007661, 0.6472135954999583829, 1.100000000000000533 ) ) ;
#2701 = EDGE_CURVE ( 'NONE', #6351, #198, #548, .T. ) ;
#2702 = ORIENTED_EDGE ( 'NONE', *, *, #2403, .F. ) ;
#2703 = CARTESIAN_POINT ( 'NONE',  ( 0.1000000000000011852, 0.05000000000000000278, -5.421010862427586881E-17 ) ) ;
#2704 = LINE ( 'NONE', #5914, #2086 ) ;
#2705 = DIRECTION ( 'NONE',  ( 1.000000000000000000, -0.000000000000000000, 1.275531967630005245E-16 ) ) ;
#2707 = EDGE_CURVE ( 'NONE', #5026, #5133, #5696, .T. ) ;
#2706 = VECTOR ( 'NONE', #4720, 1000.000000000000000 ) ;
#2708 = PLANE ( 'NONE',  #4489 ) ;
#2709 = DIRECTION ( 'NONE',  ( -2.710505431213761578E-16, 0.000000000000000000, -1.000000000000000000 ) ) ;
#2710 = CARTESIAN_POINT ( 'NONE',  ( 1.099999999999999201, 0.1999999999999999833, -0.5000000000000000000 ) ) ;
#2711 = CARTESIAN_POINT ( 'NONE',  ( 1.499999999999999112, 0.000000000000000000, 0.7000000000000002887 ) ) ;
#2712 = DIRECTION ( 'NONE',  ( -1.000000000000000000, 0.000000000000000000, 0.000000000000000000 ) ) ;
#2713 = VERTEX_POINT ( 'NONE', #5020 ) ;
#2714 = EDGE_LOOP ( 'NONE', ( #6443, #3493, #1975, #4618 ) ) ;
#2715 = VERTEX_POINT ( 'NONE', #2593 ) ;
#2716 = CARTESIAN_POINT ( 'NONE',  ( 1.099999999999999201, 0.000000000000000000, -0.5000000000000000000 ) ) ;
#2717 = EDGE_CURVE ( 'NONE', #81, #4423, #1569, .T. ) ;
#2718 = DIRECTION ( 'NONE',  ( 2.710505431213761578E-16, 0.000000000000000000, 1.000000000000000000 ) ) ;
#2719 = ORIENTED_EDGE ( 'NONE', *, *, #2108, .F. ) ;
#2720 = LINE ( 'NONE', #5127, #237 ) ;
#2721 = DIRECTION ( 'NONE',  ( 1.000000000000000000, -0.000000000000000000, -0.000000000000000000 ) ) ;
#2722 = VECTOR ( 'NONE', #496, 1000.000000000000000 ) ;
#2723 = CARTESIAN_POINT ( 'NONE',  ( 0.7000000000000005107, 0.6472135954999583829, -1.500000000000000000 ) ) ;
#2724 = ORIENTED_EDGE ( 'NONE', *, *, #4458, .T. ) ;
#2725 = DIRECTION ( 'NONE',  ( 0.000000000000000000, 1.000000000000000000, 0.000000000000000000 ) ) ;
#2726 = ADVANCED_FACE ( 'NONE', ( #1643 ), #4072, .T. ) ;
#2727 = EDGE_CURVE ( 'NONE', #29, #3434, #622, .T. ) ;
#2728 = DIRECTION ( 'NONE',  ( 0.000000000000000000, -1.000000000000000000, 0.000000000000000000 ) ) ;
#2729 = DIRECTION ( 'NONE',  ( 1.000000000000000000, -0.000000000000000000, -0.000000000000000000 ) ) ;
#2730 = DIRECTION ( 'NONE',  ( -1.000000000000000000, 0.000000000000000000, -2.710505431213761578E-16 ) ) ;
#2731 = CARTESIAN_POINT ( 'NONE',  ( -1.499999999999999556, 0.8999999999999998002, 1.500000000000000444 ) ) ;
#2732 = DIRECTION ( 'NONE',  ( 2.168404344971008079E-15, -0.000000000000000000, 1.000000000000000000 ) ) ;
#2733 = ORIENTED_EDGE ( 'NONE', *, *, #3132, .T. ) ;
#2734 = VECTOR ( 'NONE', #4180, 1000.000000000000000 ) ;
#2735 = CARTESIAN_POINT ( 'NONE',  ( 0.000000000000000000, 0.2000000000000000111, 0.000000000000000000 ) ) ;
#2736 = ORIENTED_EDGE ( 'NONE', *, *, #4249, .F. ) ;
#2737 = ORIENTED_EDGE ( 'NONE', *, *, #3774, .F. ) ;
#2738 = VERTEX_POINT ( 'NONE', #1526 ) ;
#2739 = VECTOR ( 'NONE', #4109, 1000.000000000000000 ) ;
#2740 = DIRECTION ( 'NONE',  ( -0.000000000000000000, -1.000000000000000000, -0.000000000000000000 ) ) ;
#2741 = DIRECTION ( 'NONE',  ( 0.000000000000000000, -0.000000000000000000, 1.000000000000000000 ) ) ;
#2742 = ORIENTED_EDGE ( 'NONE', *, *, #1659, .T. ) ;
#2743 = DIRECTION ( 'NONE',  ( -0.000000000000000000, -1.000000000000000000, -0.000000000000000000 ) ) ;
#2744 = CARTESIAN_POINT ( 'NONE',  ( -0.4999999999999995559, 0.05000000000000000278, 0.000000000000000000 ) ) ;
#2745 = LINE ( 'NONE', #4246, #6396 ) ;
#2746 = PLANE ( 'NONE',  #616 ) ;
#2747 = ORIENTED_EDGE ( 'NONE', *, *, #4593, .F. ) ;
#2748 = DIRECTION ( 'NONE',  ( 0.000000000000000000, -0.000000000000000000, 1.000000000000000000 ) ) ;
#2749 = DIRECTION ( 'NONE',  ( 0.000000000000000000, 0.000000000000000000, -1.000000000000000000 ) ) ;
#2750 = LINE ( 'NONE', #1087, #2292 ) ;
#2751 = DIRECTION ( 'NONE',  ( -2.710505431213761578E-16, 0.000000000000000000, 1.000000000000000000 ) ) ;
#2752 = DIRECTION ( 'NONE',  ( -0.000000000000000000, -1.000000000000000000, -0.000000000000000000 ) ) ;
#2753 = DIRECTION ( 'NONE',  ( 1.000000000000000000, -0.000000000000000000, 0.000000000000000000 ) ) ;
#2754 = ORIENTED_EDGE ( 'NONE', *, *, #2063, .F. ) ;
#2755 = DIRECTION ( 'NONE',  ( 0.000000000000000000, 0.000000000000000000, -1.000000000000000000 ) ) ;
#2756 = EDGE_CURVE ( 'NONE', #5913, #3769, #1493, .T. ) ;
#2757 = LINE ( 'NONE', #879, #5029 ) ;
#2758 = VECTOR ( 'NONE', #1249, 1000.000000000000000 ) ;
#2759 = ADVANCED_FACE ( 'NONE', ( #3666 ), #1662, .F. ) ;
#2760 = ORIENTED_EDGE ( 'NONE', *, *, #2203, .F. ) ;
#2761 = PLANE ( 'NONE',  #6291 ) ;
#2762 = ORIENTED_EDGE ( 'NONE', *, *, #5778, .F. ) ;
#2763 = CARTESIAN_POINT ( 'NONE',  ( -1.099999999999999201, 0.1999999999999999833, -0.09999999999999993616 ) ) ;
#2764 = PLANE ( 'NONE',  #5270 ) ;
#2765 =( NAMED_UNIT ( * ) PLANE_ANGLE_UNIT ( ) SI_UNIT ( $, .RADIAN. ) );
#2766 = FACE_OUTER_BOUND ( 'NONE', #1909, .T. ) ;
#2767 = FACE_OUTER_BOUND ( 'NONE', #4988, .T. ) ;
#2768 = DIRECTION ( 'NONE',  ( 1.000000000000000000, 0.000000000000000000, 0.000000000000000000 ) ) ;
#2769 = EDGE_CURVE ( 'NONE', #3679, #4772, #1012, .T. ) ;
#2770 = ORIENTED_EDGE ( 'NONE', *, *, #3028, .T. ) ;
#2771 = VECTOR ( 'NONE', #5154, 1000.000000000000000 ) ;
#2772 = CARTESIAN_POINT ( 'NONE',  ( -1.499999999999999112, 0.6472135954999580498, -0.2999999999999998779 ) ) ;
#2773 = LINE ( 'NONE', #233, #4498 ) ;
#2774 = CARTESIAN_POINT ( 'NONE',  ( 1.099999999999999201, 0.05000000000000002359, 0.5000000000000002220 ) ) ;
#2775 = VERTEX_POINT ( 'NONE', #3150 ) ;
#2776 = LINE ( 'NONE', #201, #516 ) ;
#2777 = EDGE_CURVE ( 'NONE', #305, #958, #2956, .T. ) ;
#2778 = VECTOR ( 'NONE', #1746, 1000.000000000000000 ) ;
#2779 = VECTOR ( 'NONE', #3506, 1000.000000000000000 ) ;
#2780 = EDGE_CURVE ( 'NONE', #695, #3183, #2273, .T. ) ;
#2781 = CARTESIAN_POINT ( 'NONE',  ( -1.099999999999999201, 0.6472135954999579388, 0.9000000000000002442 ) ) ;
#2782 = EDGE_LOOP ( 'NONE', ( #1570, #955, #4438, #2174 ) ) ;
#2783 = VECTOR ( 'NONE', #4597, 1000.000000000000000 ) ;
#2784 = LINE ( 'NONE', #6150, #989 ) ;
#2785 = AXIS2_PLACEMENT_3D ( 'NONE', #124, #5511, #1611 ) ;
#2786 = VERTEX_POINT ( 'NONE', #2183 ) ;
#2787 = CARTESIAN_POINT ( 'NONE',  ( 0.8499999999999997558, 0.2000000000000000944, -0.8499999999999997558 ) ) ;
#2788 = LINE ( 'NONE', #2962, #601 ) ;
#2789 = ORIENTED_EDGE ( 'NONE', *, *, #1789, .T. ) ;
#2790 = ADVANCED_FACE ( 'NONE', ( #3909 ), #6106, .F. ) ;
#2791 = EDGE_LOOP ( 'NONE', ( #2260, #2351, #4985, #5181 ) ) ;
#2792 = EDGE_CURVE ( 'NONE', #1957, #2561, #6069, .T. ) ;
#2793 = AXIS2_PLACEMENT_3D ( 'NONE', #61, #3540, #559 ) ;
#2794 = VERTEX_POINT ( 'NONE', #5704 ) ;
#2795 = FILL_AREA_STYLE_COLOUR ( '', #1523 ) ;
#2796 = CARTESIAN_POINT ( 'NONE',  ( 1.499999999999999112, 0.6472135954999579388, -0.8999999999999998002 ) ) ;
#2797 = VECTOR ( 'NONE', #476, 1000.000000000000000 ) ;
#2798 = ORIENTED_EDGE ( 'NONE', *, *, #457, .F. ) ;
#2799 = SURFACE_STYLE_USAGE ( .BOTH. , #1749 ) ;
#2800 = VERTEX_POINT ( 'NONE', #1152 ) ;
#2801 = VECTOR ( 'NONE', #1231, 1000.000000000000000 ) ;
#2802 = VECTOR ( 'NONE', #741, 1000.000000000000000 ) ;
#2803 = EDGE_CURVE ( 'NONE', #1357, #5541, #2881, .T. ) ;
#2804 = DIRECTION ( 'NONE',  ( -0.000000000000000000, -1.000000000000000000, -0.000000000000000000 ) ) ;
#2805 = ORIENTED_EDGE ( 'NONE', *, *, #3774, .T. ) ;
#2806 = SURFACE_STYLE_FILL_AREA ( #200 ) ;
#2807 = EDGE_LOOP ( 'NONE', ( #6388, #1111, #3430, #4124 ) ) ;
#2808 = CARTESIAN_POINT ( 'NONE',  ( -0.2999999999999994338, 0.2000000000000000111, -1.100000000000000089 ) ) ;
#2809 = ORIENTED_EDGE ( 'NONE', *, *, #88, .T. ) ;
#2810 = EDGE_CURVE ( 'NONE', #5612, #3699, #1259, .T. ) ;
#2811 = LINE ( 'NONE', #3101, #4792 ) ;
#2812 = CARTESIAN_POINT ( 'NONE',  ( 0.1000000000000003664, 0.2000000000000000111, -1.500000000000000000 ) ) ;
#2813 = DIRECTION ( 'NONE',  ( 2.710505431213761578E-16, 0.000000000000000000, 1.000000000000000000 ) ) ;
#2814 = DIRECTION ( 'NONE',  ( -2.710505431213761578E-16, 0.000000000000000000, -1.000000000000000000 ) ) ;
#2815 = ORIENTED_EDGE ( 'NONE', *, *, #1080, .F. ) ;
#2816 = ORIENTED_EDGE ( 'NONE', *, *, #4254, .F. ) ;
#2817 = VECTOR ( 'NONE', #5970, 1000.000000000000000 ) ;
#2818 = CARTESIAN_POINT ( 'NONE',  ( 0.7000000000000007327, 0.04999999999999999584, 1.100000000000000533 ) ) ;
#2819 = ADVANCED_FACE ( 'NONE', ( #3755 ), #1127, .T. ) ;
#2820 = ORIENTED_EDGE ( 'NONE', *, *, #4198, .T. ) ;
#2821 = DIRECTION ( 'NONE',  ( -1.000000000000000000, 0.000000000000000000, 0.000000000000000000 ) ) ;
#2822 = FACE_OUTER_BOUND ( 'NONE', #735, .T. ) ;
#2823 = EDGE_CURVE ( 'NONE', #6090, #1204, #2109, .T. ) ;
#2824 = CARTESIAN_POINT ( 'NONE',  ( -1.099999999999999201, 0.1999999999999999833, -0.2999999999999998779 ) ) ;
#2825 = ORIENTED_EDGE ( 'NONE', *, *, #2756, .T. ) ;
#2826 = LINE ( 'NONE', #1861, #2057 ) ;
#2827 = EDGE_LOOP ( 'NONE', ( #2815, #1765, #3441, #1524 ) ) ;
#2828 = DIRECTION ( 'NONE',  ( -0.000000000000000000, -0.000000000000000000, 1.000000000000000000 ) ) ;
#2829 = ORIENTED_EDGE ( 'NONE', *, *, #3597, .F. ) ;
#2830 = DIRECTION ( 'NONE',  ( 1.000000000000000000, -0.000000000000000000, 0.000000000000000000 ) ) ;
#2831 = LINE ( 'NONE', #2634, #1113 ) ;
#2832 = SURFACE_STYLE_FILL_AREA ( #1902 ) ;
#2833 = ORIENTED_EDGE ( 'NONE', *, *, #4832, .T. ) ;
#2834 =( GEOMETRIC_REPRESENTATION_CONTEXT ( 3 ) GLOBAL_UNCERTAINTY_ASSIGNED_CONTEXT ( ( #3739 ) ) GLOBAL_UNIT_ASSIGNED_CONTEXT ( ( #4617, #2171, #593 ) ) REPRESENTATION_CONTEXT ( 'NONE', 'WORKASPACE' ) );
#2835 = ORIENTED_EDGE ( 'NONE', *, *, #2088, .F. ) ;
#2836 = PLANE ( 'NONE',  #4261 ) ;
#2837 = EDGE_CURVE ( 'NONE', #2986, #5058, #3285, .T. ) ;
#2838 = DIRECTION ( 'NONE',  ( 1.000000000000000000, 0.000000000000000000, 0.000000000000000000 ) ) ;
#2839 = FACE_OUTER_BOUND ( 'NONE', #3012, .T. ) ;
#2840 = VECTOR ( 'NONE', #5324, 1000.000000000000000 ) ;
#2841 = ORIENTED_EDGE ( 'NONE', *, *, #1487, .F. ) ;
#2842 = CARTESIAN_POINT ( 'NONE',  ( -1.499999999999999112, 0.1999999999999999833, 0.5000000000000002220 ) ) ;
#2843 = VECTOR ( 'NONE', #609, 1000.000000000000000 ) ;
#2844 = VECTOR ( 'NONE', #5285, 1000.000000000000000 ) ;
#2845 = LINE ( 'NONE', #4515, #5041 ) ;
#2846 =( NAMED_UNIT ( * ) PLANE_ANGLE_UNIT ( ) SI_UNIT ( $, .RADIAN. ) );
#2847 = EDGE_CURVE ( 'NONE', #4303, #3492, #5073, .T. ) ;
#2848 = MANIFOLD_SOLID_BREP ( 'LPattern4[4]', #4682 ) ;
#2849 = ORIENTED_EDGE ( 'NONE', *, *, #6266, .T. ) ;
#2850 = CARTESIAN_POINT ( 'NONE',  ( 1.099999999999999201, 0.6472135954999579388, 0.7000000000000000666 ) ) ;
#2851 = ADVANCED_FACE ( 'NONE', ( #6153 ), #6131, .T. ) ;
#2852 = LINE ( 'NONE', #1223, #1700 ) ;
#2853 = DIRECTION ( 'NONE',  ( 1.000000000000000000, -0.000000000000000000, 0.000000000000000000 ) ) ;
#2854 = VECTOR ( 'NONE', #2307, 1000.000000000000000 ) ;
#2855 = CARTESIAN_POINT ( 'NONE',  ( 1.099999999999999201, 0.6472135954999579388, 0.5000000000000002220 ) ) ;
#2856 = EDGE_LOOP ( 'NONE', ( #253, #2014, #678, #273 ) ) ;
#2857 = MECHANICAL_DESIGN_GEOMETRIC_PRESENTATION_REPRESENTATION (  '', ( #5326 ), #864 ) ;
#2858 = LINE ( 'NONE', #721, #2940 ) ;
#2859 = VECTOR ( 'NONE', #5525, 1000.000000000000000 ) ;
#2860 = CARTESIAN_POINT ( 'NONE',  ( -0.2999999999999996558, 0.6472135954999583829, -1.500000000000000000 ) ) ;
#2861 = ORIENTED_EDGE ( 'NONE', *, *, #3628, .T. ) ;
#2862 = ORIENTED_EDGE ( 'NONE', *, *, #1009, .T. ) ;
#2863 = CARTESIAN_POINT ( 'NONE',  ( 0.5000000000000006661, 0.2000000000000000111, -1.100000000000000089 ) ) ;
#2864 = VERTEX_POINT ( 'NONE', #3880 ) ;
#2865 = DIRECTION ( 'NONE',  ( 0.000000000000000000, -1.000000000000000000, 0.000000000000000000 ) ) ;
#2866 = ORIENTED_EDGE ( 'NONE', *, *, #3269, .F. ) ;
#2867 = ORIENTED_EDGE ( 'NONE', *, *, #1832, .F. ) ;
#2868 = DIRECTION ( 'NONE',  ( 0.000000000000000000, -0.000000000000000000, -1.000000000000000000 ) ) ;
#2869 = LINE ( 'NONE', #5055, #6060 ) ;
#2870 = VECTOR ( 'NONE', #3649, 1000.000000000000000 ) ;
#2871 = CARTESIAN_POINT ( 'NONE',  ( 1.500000000000000444, 0.8999999999999998002, 1.500000000000000000 ) ) ;
#2872 = AXIS2_PLACEMENT_3D ( 'NONE', #1701, #333, #5319 ) ;
#2873 = DIRECTION ( 'NONE',  ( -1.000000000000000000, 0.000000000000000000, -0.000000000000000000 ) ) ;
#2874 = PLANE ( 'NONE',  #1630 ) ;
#2875 = ORIENTED_EDGE ( 'NONE', *, *, #5964, .T. ) ;
#2876 = CARTESIAN_POINT ( 'NONE',  ( 1.499999999999999112, 0.6472135954999579388, 0.5000000000000002220 ) ) ;
#2877 = FACE_OUTER_BOUND ( 'NONE', #1282, .T. ) ;
#2878 = ADVANCED_FACE ( 'NONE', ( #2644 ), #1964, .T. ) ;
#2879 = ORIENTED_EDGE ( 'NONE', *, *, #1254, .F. ) ;
#2880 = AXIS2_PLACEMENT_3D ( 'NONE', #2683, #5714, #1278 ) ;
#2881 = LINE ( 'NONE', #2226, #2557 ) ;
#2882 = CARTESIAN_POINT ( 'NONE',  ( 0.5000000000000006661, 0.000000000000000000, -1.100000000000000089 ) ) ;
#2883 = EDGE_CURVE ( 'NONE', #5486, #1497, #1171, .T. ) ;
#2884 = PLANE ( 'NONE',  #2377 ) ;
#2885 = EDGE_LOOP ( 'NONE', ( #4818, #3520, #5874, #5178 ) ) ;
#2886 = ORIENTED_EDGE ( 'NONE', *, *, #4761, .F. ) ;
#2887 = ORIENTED_EDGE ( 'NONE', *, *, #4141, .F. ) ;
#2888 = EDGE_CURVE ( 'NONE', #29, #3915, #5923, .T. ) ;
#2889 = LINE ( 'NONE', #5257, #1574 ) ;
#2890 = CARTESIAN_POINT ( 'NONE',  ( -0.4999999999999991673, 0.1999999999999999833, 1.500000000000000444 ) ) ;
#2891 = ORIENTED_EDGE ( 'NONE', *, *, #4799, .T. ) ;
#2892 = AXIS2_PLACEMENT_3D ( 'NONE', #2905, #3534, #5673 ) ;
#2893 = EDGE_CURVE ( 'NONE', #2794, #3321, #6309, .T. ) ;
#2894 = LINE ( 'NONE', #3006, #1427 ) ;
#2895 = DIRECTION ( 'NONE',  ( 0.000000000000000000, 1.000000000000000000, 0.000000000000000000 ) ) ;
#2896 = SURFACE_STYLE_USAGE ( .BOTH. , #5884 ) ;
#2897 =( NAMED_UNIT ( * ) SI_UNIT ( $, .STERADIAN. ) SOLID_ANGLE_UNIT ( ) );
#2898 = ORIENTED_EDGE ( 'NONE', *, *, #3990, .T. ) ;
#2899 = DIRECTION ( 'NONE',  ( 0.000000000000000000, 0.000000000000000000, 1.000000000000000000 ) ) ;
#2900 = CARTESIAN_POINT ( 'NONE',  ( 1.500000000000000444, 6.042640687119285481, 1.500000000000000000 ) ) ;
#2901 = COLOUR_RGB ( '',0.7921568627450980005, 0.8196078431372548767, 0.9333333333333333481 ) ;
#2902 = AXIS2_PLACEMENT_3D ( 'NONE', #5708, #3734, #747 ) ;
#2903 = PLANE ( 'NONE',  #4777 ) ;
#2904 = VERTEX_POINT ( 'NONE', #3613 ) ;
#2905 = CARTESIAN_POINT ( 'NONE',  ( 0.9000000000000003553, 0.6472135954999583829, -1.500000000000000000 ) ) ;
#2906 = EDGE_CURVE ( 'NONE', #1649, #6079, #4856, .T. ) ;
#2907 = PLANE ( 'NONE',  #5052 ) ;
#2908 = FACE_OUTER_BOUND ( 'NONE', #1618, .T. ) ;
#2909 = VECTOR ( 'NONE', #1640, 1000.000000000000000 ) ;
#2910 = VERTEX_POINT ( 'NONE', #6068 ) ;
#2911 = EDGE_CURVE ( 'NONE', #6156, #1181, #5, .T. ) ;
#2912 = VERTEX_POINT ( 'NONE', #5617 ) ;
#2913 = CARTESIAN_POINT ( 'NONE',  ( -0.6999999999999994005, 0.6472135954999583829, -1.100000000000000089 ) ) ;
#2914 = CARTESIAN_POINT ( 'NONE',  ( 1.499999999999999112, 0.1999999999999999833, 0.3000000000000003775 ) ) ;
#2915 = ADVANCED_FACE ( 'NONE', ( #4057 ), #182, .T. ) ;
#2916 = VECTOR ( 'NONE', #3478, 1000.000000000000000 ) ;
#2917 = LINE ( 'NONE', #4151, #5731 ) ;
#2918 = PLANE ( 'NONE',  #321 ) ;
#2919 = ORIENTED_EDGE ( 'NONE', *, *, #4304, .F. ) ;
#2920 = FILL_AREA_STYLE ('',( #862 ) ) ;
#2921 = VECTOR ( 'NONE', #4693, 1000.000000000000000 ) ;
#2922 = DIRECTION ( 'NONE',  ( -0.000000000000000000, -0.000000000000000000, 1.000000000000000000 ) ) ;
#2923 = LINE ( 'NONE', #6191, #976 ) ;
#2924 = MECHANICAL_DESIGN_GEOMETRIC_PRESENTATION_REPRESENTATION (  '', ( #717 ), #4293 ) ;
#2925 = CARTESIAN_POINT ( 'NONE',  ( 1.099999999999999201, 0.6472135954999579388, 0.1000000000000001582 ) ) ;
#2926 = EDGE_CURVE ( 'NONE', #3492, #3590, #3113, .T. ) ;
#2927 = ORIENTED_EDGE ( 'NONE', *, *, #1866, .T. ) ;
#2928 = VECTOR ( 'NONE', #2161, 1000.000000000000000 ) ;
#2929 = EDGE_CURVE ( 'NONE', #2271, #1125, #791, .T. ) ;
#2930 = LINE ( 'NONE', #4260, #2531 ) ;
#2931 = LINE ( 'NONE', #2266, #760 ) ;
#2932 = DIRECTION ( 'NONE',  ( 0.000000000000000000, -1.000000000000000000, 0.000000000000000000 ) ) ;
#2933 = PLANE ( 'NONE',  #799 ) ;
#2934 = ORIENTED_EDGE ( 'NONE', *, *, #4043, .F. ) ;
#2935 = PRESENTATION_STYLE_ASSIGNMENT (( #3943 ) ) ;
#2936 = EDGE_CURVE ( 'NONE', #4216, #1897, #6239, .T. ) ;
#2937 = ORIENTED_EDGE ( 'NONE', *, *, #1146, .F. ) ;
#2938 = DIRECTION ( 'NONE',  ( -0.000000000000000000, -1.000000000000000000, -0.000000000000000000 ) ) ;
#2939 = ORIENTED_EDGE ( 'NONE', *, *, #355, .T. ) ;
#2940 = VECTOR ( 'NONE', #1632, 1000.000000000000000 ) ;
#2941 = ORIENTED_EDGE ( 'NONE', *, *, #2154, .T. ) ;
#2942 = AXIS2_PLACEMENT_3D ( 'NONE', #3840, #1992, #1359 ) ;
#2943 = ORIENTED_EDGE ( 'NONE', *, *, #3899, .T. ) ;
#2944 = DIRECTION ( 'NONE',  ( -1.000000000000000000, 0.000000000000000000, -0.000000000000000000 ) ) ;
#2945 = ORIENTED_EDGE ( 'NONE', *, *, #1196, .T. ) ;
#2946 = ADVANCED_FACE ( 'NONE', ( #3428 ), #2746, .F. ) ;
#2947 = VECTOR ( 'NONE', #4771, 1000.000000000000000 ) ;
#2948 = ORIENTED_EDGE ( 'NONE', *, *, #2701, .T. ) ;
#2949 = DIRECTION ( 'NONE',  ( 0.000000000000000000, -0.000000000000000000, 1.000000000000000000 ) ) ;
#2950 = STYLED_ITEM ( 'NONE', ( #3421 ), #3335 ) ;
#2951 = VERTEX_POINT ( 'NONE', #2602 ) ;
#2952 = VECTOR ( 'NONE', #2043, 1000.000000000000000 ) ;
#2953 = CARTESIAN_POINT ( 'NONE',  ( 1.499999999999999112, 0.6472135954999579388, 0.3000000000000003775 ) ) ;
#2954 = DIRECTION ( 'NONE',  ( 0.000000000000000000, 0.000000000000000000, -1.000000000000000000 ) ) ;
#2955 = VERTEX_POINT ( 'NONE', #2144 ) ;
#2956 = LINE ( 'NONE', #651, #322 ) ;
#2957 = MECHANICAL_DESIGN_GEOMETRIC_PRESENTATION_REPRESENTATION (  '', ( #3888 ), #3304 ) ;
#2958 = CARTESIAN_POINT ( 'NONE',  ( -0.4999999999999996669, 0.05000000000000000278, 1.355252715606879803E-16 ) ) ;
#2959 = EDGE_CURVE ( 'NONE', #4414, #5535, #2033, .T. ) ;
#2960 = ORIENTED_EDGE ( 'NONE', *, *, #5530, .F. ) ;
#2961 = ORIENTED_EDGE ( 'NONE', *, *, #2701, .F. ) ;
#2962 = CARTESIAN_POINT ( 'NONE',  ( 0.9000000000000007994, 0.2000000000000000111, 1.100000000000000089 ) ) ;
#2963 = ORIENTED_EDGE ( 'NONE', *, *, #6253, .F. ) ;
#2964 = LINE ( 'NONE', #3457, #4471 ) ;
#2965 = ORIENTED_EDGE ( 'NONE', *, *, #1080, .T. ) ;
#2966 = DIRECTION ( 'NONE',  ( 0.000000000000000000, -1.000000000000000000, 0.000000000000000000 ) ) ;
#2967 = ORIENTED_EDGE ( 'NONE', *, *, #6417, .T. ) ;
#2968 = EDGE_CURVE ( 'NONE', #4369, #1348, #2268, .T. ) ;
#2969 = VECTOR ( 'NONE', #639, 1000.000000000000000 ) ;
#2970 = ORIENTED_EDGE ( 'NONE', *, *, #2500, .T. ) ;
#2971 = EDGE_CURVE ( 'NONE', #3697, #2565, #467, .T. ) ;
#2972 = LINE ( 'NONE', #4148, #1433 ) ;
#2973 = ADVANCED_FACE ( 'NONE', ( #72 ), #3760, .T. ) ;
#2974 = DIRECTION ( 'NONE',  ( -1.000000000000000000, 0.000000000000000000, 0.000000000000000000 ) ) ;
#2975 = ORIENTED_EDGE ( 'NONE', *, *, #2976, .F. ) ;
#2976 = EDGE_CURVE ( 'NONE', #2020, #380, #2409, .T. ) ;
#2977 = FILL_AREA_STYLE ('',( #1849 ) ) ;
#2978 = LINE ( 'NONE', #3319, #4877 ) ;
#2979 = ORIENTED_EDGE ( 'NONE', *, *, #919, .F. ) ;
#2980 = VERTEX_POINT ( 'NONE', #5255 ) ;
#2981 = CARTESIAN_POINT ( 'NONE',  ( 0.4000000000000000222, 0.000000000000000000, 0.000000000000000000 ) ) ;
#2982 = AXIS2_PLACEMENT_3D ( 'NONE', #6011, #4987, #1997 ) ;
#2983 = VECTOR ( 'NONE', #1345, 1000.000000000000000 ) ;
#2984 = LINE ( 'NONE', #2118, #4564 ) ;
#2985 = DIRECTION ( 'NONE',  ( 1.000000000000000000, -0.000000000000000000, 0.000000000000000000 ) ) ;
#2986 = VERTEX_POINT ( 'NONE', #5233 ) ;
#2987 = DIRECTION ( 'NONE',  ( 2.710505431213761578E-16, 0.000000000000000000, 1.000000000000000000 ) ) ;
#2988 = ORIENTED_EDGE ( 'NONE', *, *, #2257, .F. ) ;
#2989 = VECTOR ( 'NONE', #629, 1000.000000000000000 ) ;
#2990 = LINE ( 'NONE', #6171, #1604 ) ;
#2991 = PLANE ( 'NONE',  #708 ) ;
#2992 = AXIS2_PLACEMENT_3D ( 'NONE', #2550, #3059, #2050 ) ;
#2993 = ORIENTED_EDGE ( 'NONE', *, *, #5812, .F. ) ;
#2994 = DIRECTION ( 'NONE',  ( 0.000000000000000000, -1.000000000000000000, 0.000000000000000000 ) ) ;
#2995 = PLANE ( 'NONE',  #5014 ) ;
#2996 = VECTOR ( 'NONE', #3911, 1000.000000000000000 ) ;
#2997 = CARTESIAN_POINT ( 'NONE',  ( -0.8999999999999995781, 0.2000000000000000111, -1.100000000000000089 ) ) ;
#2998 = PRESENTATION_STYLE_ASSIGNMENT (( #4574 ) ) ;
#2999 = LINE ( 'NONE', #1260, #1378 ) ;
#3000 =( NAMED_UNIT ( * ) PLANE_ANGLE_UNIT ( ) SI_UNIT ( $, .RADIAN. ) );
#3001 = ORIENTED_EDGE ( 'NONE', *, *, #3576, .F. ) ;
#3002 = LINE ( 'NONE', #4339, #4901 ) ;
#3003 = VECTOR ( 'NONE', #5409, 1000.000000000000000 ) ;
#3004 = CARTESIAN_POINT ( 'NONE',  ( 0.8499999999999997558, 0.2000000000000000944, -0.8499999999999997558 ) ) ;
#3005 = EDGE_CURVE ( 'NONE', #3103, #1005, #4926, .T. ) ;
#3006 = CARTESIAN_POINT ( 'NONE',  ( 0.9000000000000007994, 0.1999999999999999833, 1.100000000000000089 ) ) ;
#3007 = ADVANCED_FACE ( 'NONE', ( #5226 ), #6184, .F. ) ;
#3008 = ORIENTED_EDGE ( 'NONE', *, *, #4671, .T. ) ;
#3009 = CARTESIAN_POINT ( 'NONE',  ( -1.499999999999999112, 0.1999999999999999833, -0.09999999999999971412 ) ) ;
#3010 = VECTOR ( 'NONE', #625, 1000.000000000000000 ) ;
#3011 = CARTESIAN_POINT ( 'NONE',  ( 1.500000000000000444, 6.042640687119285481, -1.500000000000000000 ) ) ;
#3012 = EDGE_LOOP ( 'NONE', ( #5836, #1230, #1155, #2400 ) ) ;
#3013 = ORIENTED_EDGE ( 'NONE', *, *, #645, .T. ) ;
#3014 = PRESENTATION_LAYER_ASSIGNMENT (  '', '', ( #4025 ) ) ;
#3015 = ORIENTED_EDGE ( 'NONE', *, *, #3371, .F. ) ;
#3016 = CARTESIAN_POINT ( 'NONE',  ( -0.09999999999999917288, 0.04999999999999969746, 1.500000000000000444 ) ) ;
#3017 = CARTESIAN_POINT ( 'NONE',  ( 1.099999999999999201, 0.05000000000000023870, -0.5000000000000000000 ) ) ;
#3018 = CARTESIAN_POINT ( 'NONE',  ( -0.6999999999999994005, 0.2000000000000000111, -1.100000000000000089 ) ) ;
#3019 = ORIENTED_EDGE ( 'NONE', *, *, #1856, .T. ) ;
#3020 = ORIENTED_EDGE ( 'NONE', *, *, #5853, .T. ) ;
#3021 = DIRECTION ( 'NONE',  ( 1.000000000000000000, 0.000000000000000000, -2.168404344971008079E-15 ) ) ;
#3022 = ORIENTED_EDGE ( 'NONE', *, *, #2453, .T. ) ;
#3023 = VERTEX_POINT ( 'NONE', #6210 ) ;
#3024 = ADVANCED_FACE ( 'NONE', ( #3197 ), #2277, .F. ) ;
#3025 = VECTOR ( 'NONE', #578, 1000.000000000000000 ) ;
#3026 = VECTOR ( 'NONE', #2994, 1000.000000000000000 ) ;
#3027 = CARTESIAN_POINT ( 'NONE',  ( 0.9000000000000006883, 0.2000000000000000111, 1.500000000000000000 ) ) ;
#3028 = EDGE_CURVE ( 'NONE', #5535, #3600, #4052, .T. ) ;
#3029 = ORIENTED_EDGE ( 'NONE', *, *, #4449, .T. ) ;
#3030 = CARTESIAN_POINT ( 'NONE',  ( 0.000000000000000000, 0.05000000000000000278, -0.6999999999999998446 ) ) ;
#3031 = FILL_AREA_STYLE_COLOUR ( '', #5901 ) ;
#3032 = EDGE_CURVE ( 'NONE', #3417, #3472, #5917, .T. ) ;
#3033 = AXIS2_PLACEMENT_3D ( 'NONE', #1417, #4373, #4918 ) ;
#3034 = ORIENTED_EDGE ( 'NONE', *, *, #3487, .F. ) ;
#3035 = VECTOR ( 'NONE', #778, 1000.000000000000000 ) ;
#3036 = DIRECTION ( 'NONE',  ( 0.000000000000000000, 1.000000000000000000, 0.000000000000000000 ) ) ;
#3037 = ADVANCED_FACE ( 'NONE', ( #2877 ), #1717, .T. ) ;
#3038 = ORIENTED_EDGE ( 'NONE', *, *, #777, .F. ) ;
#3039 = VERTEX_POINT ( 'NONE', #3255 ) ;
#3040 = AXIS2_PLACEMENT_3D ( 'NONE', #882, #3281, #356 ) ;
#3041 = VECTOR ( 'NONE', #110, 1000.000000000000000 ) ;
#3042 = PLANE ( 'NONE',  #1286 ) ;
#3043 = UNCERTAINTY_MEASURE_WITH_UNIT (LENGTH_MEASURE( 1.000000000000000082E-05 ), #4871, 'distance_accuracy_value', 'NONE');
#3044 = DIRECTION ( 'NONE',  ( 0.000000000000000000, -1.000000000000000000, 0.000000000000000000 ) ) ;
#3045 = EDGE_CURVE ( 'NONE', #6156, #2447, #4608, .T. ) ;
#3046 = ORIENTED_EDGE ( 'NONE', *, *, #3848, .F. ) ;
#3047 = PLANE ( 'NONE',  #5445 ) ;
#3048 = LINE ( 'NONE', #5890, #881 ) ;
#3049 = DIRECTION ( 'NONE',  ( 0.000000000000000000, 0.000000000000000000, 1.000000000000000000 ) ) ;
#3050 = DIRECTION ( 'NONE',  ( -0.000000000000000000, -0.000000000000000000, 1.000000000000000000 ) ) ;
#3051 = DIRECTION ( 'NONE',  ( -1.000000000000000000, 0.000000000000000000, 0.000000000000000000 ) ) ;
#3052 = ORIENTED_EDGE ( 'NONE', *, *, #3848, .T. ) ;
#3053 = DIRECTION ( 'NONE',  ( -1.000000000000000000, 0.000000000000000000, 5.421010862427523156E-16 ) ) ;
#3054 = EDGE_CURVE ( 'NONE', #3590, #4253, #706, .T. ) ;
#3055 = FACE_OUTER_BOUND ( 'NONE', #1124, .T. ) ;
#3056 = VECTOR ( 'NONE', #2675, 1000.000000000000000 ) ;
#3057 = VERTEX_POINT ( 'NONE', #5191 ) ;
#3058 = CARTESIAN_POINT ( 'NONE',  ( 1.099999999999999201, 0.000000000000000000, 0.3000000000000001554 ) ) ;
#3059 = DIRECTION ( 'NONE',  ( 0.000000000000000000, 0.000000000000000000, -1.000000000000000000 ) ) ;
#3060 = PLANE ( 'NONE',  #2785 ) ;
#3061 = DIRECTION ( 'NONE',  ( 0.000000000000000000, 0.000000000000000000, -1.000000000000000000 ) ) ;
#3062 = VECTOR ( 'NONE', #3210, 1000.000000000000000 ) ;
#3063 =( NAMED_UNIT ( * ) SI_UNIT ( $, .STERADIAN. ) SOLID_ANGLE_UNIT ( ) );
#3064 = ORIENTED_EDGE ( 'NONE', *, *, #2027, .T. ) ;
#3065 = CARTESIAN_POINT ( 'NONE',  ( -3.794707603699263547E-16, 0.05000000000000000278, 0.6999999999999995115 ) ) ;
#3066 = CLOSED_SHELL ( 'NONE', ( #6251, #2215, #5339, #5048, #527, #961 ) ) ;
#3067 = DIRECTION ( 'NONE',  ( 2.710505431213761578E-16, -0.000000000000000000, -1.000000000000000000 ) ) ;
#3068 = LINE ( 'NONE', #6030, #5410 ) ;
#3069 = VECTOR ( 'NONE', #5458, 1000.000000000000000 ) ;
#3070 = ORIENTED_EDGE ( 'NONE', *, *, #3424, .T. ) ;
#3071 = CARTESIAN_POINT ( 'NONE',  ( -1.099999999999999201, 0.6472135954999579388, 0.7000000000000000666 ) ) ;
#3072 = VECTOR ( 'NONE', #5693, 1000.000000000000000 ) ;
#3073 = VECTOR ( 'NONE', #2684, 1000.000000000000000 ) ;
#3074 = VECTOR ( 'NONE', #801, 1000.000000000000000 ) ;
#3075 = EDGE_LOOP ( 'NONE', ( #1314, #853, #975, #193 ) ) ;
#3076 = FACE_OUTER_BOUND ( 'NONE', #5490, .T. ) ;
#3077 = VECTOR ( 'NONE', #4620, 1000.000000000000000 ) ;
#3078 = LINE ( 'NONE', #1332, #918 ) ;
#3079 = AXIS2_PLACEMENT_3D ( 'NONE', #127, #153, #3607 ) ;
#3080 = EDGE_CURVE ( 'NONE', #686, #3394, #3574, .T. ) ;
#3081 = DIRECTION ( 'NONE',  ( -5.421010862427523156E-16, 0.000000000000000000, 1.000000000000000000 ) ) ;
#3082 = CARTESIAN_POINT ( 'NONE',  ( -0.09999999999999928391, 0.2000000000000000111, 1.100000000000000533 ) ) ;
#3083 = ORIENTED_EDGE ( 'NONE', *, *, #1773, .T. ) ;
#3084 = CARTESIAN_POINT ( 'NONE',  ( 0.000000000000000000, 0.2000000000000000111, 0.000000000000000000 ) ) ;
#3085 = LINE ( 'NONE', #1411, #4587 ) ;
#3086 = CARTESIAN_POINT ( 'NONE',  ( 0.000000000000000000, 0.2000000000000000111, 0.000000000000000000 ) ) ;
#3087 = LINE ( 'NONE', #2690, #2706 ) ;
#3088 = DIRECTION ( 'NONE',  ( 0.000000000000000000, -1.000000000000000000, 0.000000000000000000 ) ) ;
#3089 = CLOSED_SHELL ( 'NONE', ( #6402, #4028, #473, #6432, #1858, #2648 ) ) ;
#3090 = EDGE_CURVE ( 'NONE', #3093, #1403, #3278, .T. ) ;
#3091 = CARTESIAN_POINT ( 'NONE',  ( 0.1000000000000006994, 0.2000000000000000111, 1.500000000000000000 ) ) ;
#3092 = ORIENTED_EDGE ( 'NONE', *, *, #2631, .T. ) ;
#3093 = VERTEX_POINT ( 'NONE', #2378 ) ;
#3094 = DIRECTION ( 'NONE',  ( 0.000000000000000000, 0.000000000000000000, 1.000000000000000000 ) ) ;
#3095 = VERTEX_POINT ( 'NONE', #2890 ) ;
#3096 = FACE_OUTER_BOUND ( 'NONE', #3315, .T. ) ;
#3097 = VERTEX_POINT ( 'NONE', #3336 ) ;
#3098 = STYLED_ITEM ( 'NONE', ( #6357 ), #339 ) ;
#3099 = EDGE_CURVE ( 'NONE', #5210, #4596, #1883, .T. ) ;
#3100 = CARTESIAN_POINT ( 'NONE',  ( 1.499999999999999112, 0.1999999999999999833, 0.7000000000000002887 ) ) ;
#3101 = CARTESIAN_POINT ( 'NONE',  ( -1.099999999999999201, 0.1999999999999999833, 0.5000000000000002220 ) ) ;
#3102 = ADVANCED_FACE ( 'NONE', ( #939 ), #5356, .T. ) ;
#3103 = VERTEX_POINT ( 'NONE', #3816 ) ;
#3104 = CARTESIAN_POINT ( 'NONE',  ( 0.000000000000000000, 0.05000000000000000278, 0.1000000000000001582 ) ) ;
#3105 = SURFACE_SIDE_STYLE ('',( #3152 ) ) ;
#3106 = VECTOR ( 'NONE', #6375, 1000.000000000000000 ) ;
#3107 = CARTESIAN_POINT ( 'NONE',  ( 1.099999999999999201, 0.000000000000000000, 0.7000000000000000666 ) ) ;
#3108 = LINE ( 'NONE', #2527, #3343 ) ;
#3109 = DIRECTION ( 'NONE',  ( 1.000000000000000000, 0.000000000000000000, -5.421010862427523156E-16 ) ) ;
#3110 = DIRECTION ( 'NONE',  ( -1.000000000000000000, 0.000000000000000000, 1.445602896647339163E-16 ) ) ;
#3111 = AXIS2_PLACEMENT_3D ( 'NONE', #3082, #5489, #44 ) ;
#3112 = EDGE_LOOP ( 'NONE', ( #4183, #2022, #5858, #6263 ) ) ;
#3113 = LINE ( 'NONE', #6165, #1416 ) ;
#3114 = DIRECTION ( 'NONE',  ( -0.000000000000000000, 0.000000000000000000, 1.000000000000000000 ) ) ;
#3115 = CARTESIAN_POINT ( 'NONE',  ( 0.9000000000000006883, 0.1999999999999999833, 1.500000000000000000 ) ) ;
#3116 = CARTESIAN_POINT ( 'NONE',  ( 1.500000000000000444, 0.05000000000000000278, 1.500000000000000000 ) ) ;
#3117 = ORIENTED_EDGE ( 'NONE', *, *, #443, .F. ) ;
#3118 = FILL_AREA_STYLE ('',( #1190 ) ) ;
#3119 = CARTESIAN_POINT ( 'NONE',  ( 1.499999999999999112, 0.000000000000000000, -0.2999999999999998779 ) ) ;
#3120 = ORIENTED_EDGE ( 'NONE', *, *, #4295, .T. ) ;
#3121 = VECTOR ( 'NONE', #5000, 1000.000000000000000 ) ;
#3122 = EDGE_CURVE ( 'NONE', #4919, #4573, #6066, .T. ) ;
#3123 = EDGE_LOOP ( 'NONE', ( #5500, #631, #1563, #2470 ) ) ;
#3124 = ORIENTED_EDGE ( 'NONE', *, *, #3269, .T. ) ;
#3125 = LINE ( 'NONE', #3224, #4719 ) ;
#3126 = MANIFOLD_SOLID_BREP ( 'Boss-Extrude3[1]', #1706 ) ;
#3127 = PLANE ( 'NONE',  #459 ) ;
#3128 = CARTESIAN_POINT ( 'NONE',  ( -0.09999999999999950595, 0.6472135954999583829, -1.100000000000000089 ) ) ;
#3129 = CARTESIAN_POINT ( 'NONE',  ( 0.5000000000000012212, 0.05000000000000000278, 1.355252715606884240E-16 ) ) ;
#3130 = ORIENTED_EDGE ( 'NONE', *, *, #5207, .F. ) ;
#3131 = DIRECTION ( 'NONE',  ( 5.421010862427523156E-16, 0.000000000000000000, 1.000000000000000000 ) ) ;
#3132 = EDGE_CURVE ( 'NONE', #902, #1502, #390, .T. ) ;
#3133 = FACE_OUTER_BOUND ( 'NONE', #2319, .T. ) ;
#3134 = ORIENTED_EDGE ( 'NONE', *, *, #5183, .T. ) ;
#3135 = PLANE ( 'NONE',  #5650 ) ;
#3136 = DIRECTION ( 'NONE',  ( -0.000000000000000000, -1.000000000000000000, -0.000000000000000000 ) ) ;
#3137 = CARTESIAN_POINT ( 'NONE',  ( 0.5000000000000008882, 0.6472135954999583829, 1.100000000000000089 ) ) ;
#3138 = ADVANCED_FACE ( 'NONE', ( #1811 ), #1382, .F. ) ;
#3139 = DIRECTION ( 'NONE',  ( 0.000000000000000000, -1.000000000000000000, 0.000000000000000000 ) ) ;
#3140 = ORIENTED_EDGE ( 'NONE', *, *, #457, .T. ) ;
#3141 = EDGE_CURVE ( 'NONE', #2042, #5760, #313, .T. ) ;
#3142 = CARTESIAN_POINT ( 'NONE',  ( 0.7000000000000005107, 0.2000000000000000111, -1.100000000000000089 ) ) ;
#3143 = VERTEX_POINT ( 'NONE', #4899 ) ;
#3144 = LINE ( 'NONE', #4751, #1291 ) ;
#3145 = LINE ( 'NONE', #4798, #1041 ) ;
#3146 = ADVANCED_FACE ( 'NONE', ( #5601 ), #1829, .F. ) ;
#3147 = CARTESIAN_POINT ( 'NONE',  ( -1.099999999999999201, 0.000000000000000000, 0.5000000000000002220 ) ) ;
#3148 = EDGE_LOOP ( 'NONE', ( #2275, #3287, #1163, #6366 ) ) ;
#3149 = DIRECTION ( 'NONE',  ( 0.000000000000000000, 1.000000000000000000, 0.000000000000000000 ) ) ;
#3150 = CARTESIAN_POINT ( 'NONE',  ( -0.6999999999999996225, 0.1999999999999999833, -1.500000000000000000 ) ) ;
#3151 = FILL_AREA_STYLE_COLOUR ( '', #5109 ) ;
#3152 = SURFACE_STYLE_FILL_AREA ( #1683 ) ;
#3153 = VECTOR ( 'NONE', #1449, 1000.000000000000000 ) ;
#3154 = DIRECTION ( 'NONE',  ( -1.000000000000000000, 0.000000000000000000, 1.445602896647339163E-16 ) ) ;
#3155 = DIRECTION ( 'NONE',  ( 1.000000000000000000, -0.000000000000000000, -0.000000000000000000 ) ) ;
#3156 = CARTESIAN_POINT ( 'NONE',  ( 1.499999999999999112, 0.1999999999999999833, 0.1000000000000001582 ) ) ;
#3157 = EDGE_CURVE ( 'NONE', #1520, #310, #4313, .T. ) ;
#3158 = EDGE_CURVE ( 'NONE', #3936, #869, #5515, .T. ) ;
#3159 = ORIENTED_EDGE ( 'NONE', *, *, #2330, .T. ) ;
#3160 = LINE ( 'NONE', #2401, #3792 ) ;
#3161 = LINE ( 'NONE', #5421, #4970 ) ;
#3162 = VECTOR ( 'NONE', #1257, 1000.000000000000000 ) ;
#3163 = DIRECTION ( 'NONE',  ( 0.000000000000000000, -0.000000000000000000, 1.000000000000000000 ) ) ;
#3164 = CARTESIAN_POINT ( 'NONE',  ( -0.2999999999999988232, 0.05000000000000000278, 1.626303258728250735E-16 ) ) ;
#3165 = DIRECTION ( 'NONE',  ( -0.000000000000000000, -1.000000000000000000, -0.000000000000000000 ) ) ;
#3166 = CARTESIAN_POINT ( 'NONE',  ( -0.09999999999999928391, 0.2000000000000000111, 1.100000000000000533 ) ) ;
#3167 = CARTESIAN_POINT ( 'NONE',  ( -1.099999999999999201, 0.6472135954999579388, 0.3000000000000001554 ) ) ;
#3168 = DIRECTION ( 'NONE',  ( 0.000000000000000000, 0.000000000000000000, 1.000000000000000000 ) ) ;
#3169 = VERTEX_POINT ( 'NONE', #1847 ) ;
#3170 = CARTESIAN_POINT ( 'NONE',  ( -0.4999999999999995559, 0.6472135954999583829, -1.100000000000000089 ) ) ;
#3171 = VECTOR ( 'NONE', #4725, 1000.000000000000000 ) ;
#3172 = VECTOR ( 'NONE', #2899, 1000.000000000000000 ) ;
#3173 = ORIENTED_EDGE ( 'NONE', *, *, #6354, .T. ) ;
#3174 = AXIS2_PLACEMENT_3D ( 'NONE', #2124, #1581, #2636 ) ;
#3175 = ORIENTED_EDGE ( 'NONE', *, *, #5713, .F. ) ;
#3176 = CARTESIAN_POINT ( 'NONE',  ( -1.099999999999999201, 0.6472135954999579388, -0.9000000000000000222 ) ) ;
#3177 = EDGE_CURVE ( 'NONE', #4087, #5210, #242, .T. ) ;
#3178 = CARTESIAN_POINT ( 'NONE',  ( 1.099999999999999201, 0.000000000000000000, -0.9000000000000000222 ) ) ;
#3179 = DIRECTION ( 'NONE',  ( 0.000000000000000000, -1.000000000000000000, 0.000000000000000000 ) ) ;
#3180 = ORIENTED_EDGE ( 'NONE', *, *, #5646, .F. ) ;
#3181 = PLANE ( 'NONE',  #4512 ) ;
#3182 = CARTESIAN_POINT ( 'NONE',  ( -0.4999999999999995559, 0.1999999999999996503, -1.499999999999999778 ) ) ;
#3183 = VERTEX_POINT ( 'NONE', #3837 ) ;
#3184 = VECTOR ( 'NONE', #6199, 1000.000000000000000 ) ;
#3185 = ORIENTED_EDGE ( 'NONE', *, *, #32, .T. ) ;
#3186 = ORIENTED_EDGE ( 'NONE', *, *, #3237, .F. ) ;
#3187 = EDGE_CURVE ( 'NONE', #926, #3327, #6234, .T. ) ;
#3188 = DIRECTION ( 'NONE',  ( 0.000000000000000000, -1.000000000000000000, 0.000000000000000000 ) ) ;
#3189 = CARTESIAN_POINT ( 'NONE',  ( 1.099999999999999201, 0.000000000000000000, -0.9000000000000000222 ) ) ;
#3190 = VERTEX_POINT ( 'NONE', #5842 ) ;
#3191 = ORIENTED_EDGE ( 'NONE', *, *, #173, .F. ) ;
#3192 =( NAMED_UNIT ( * ) SI_UNIT ( $, .STERADIAN. ) SOLID_ANGLE_UNIT ( ) );
#3193 = PLANE ( 'NONE',  #3935 ) ;
#3194 = VECTOR ( 'NONE', #5941, 1000.000000000000000 ) ;
#3195 = LINE ( 'NONE', #1031, #2026 ) ;
#3196 = ORIENTED_EDGE ( 'NONE', *, *, #6393, .T. ) ;
#3197 = FACE_OUTER_BOUND ( 'NONE', #3965, .T. ) ;
#3198 = EDGE_CURVE ( 'NONE', #5612, #1571, #1733, .T. ) ;
#3199 = CARTESIAN_POINT ( 'NONE',  ( 1.499999999999999112, 0.000000000000000000, -0.4999999999999997780 ) ) ;
#3200 = CARTESIAN_POINT ( 'NONE',  ( 1.099999999999999201, 0.000000000000000000, -0.6999999999999998446 ) ) ;
#3201 = PLANE ( 'NONE',  #4090 ) ;
#3202 = EDGE_LOOP ( 'NONE', ( #4768, #846, #3761, #6390 ) ) ;
#3203 = CARTESIAN_POINT ( 'NONE',  ( 1.499999999999999112, 0.04999999999999969746, 0.9000000000000002442 ) ) ;
#3204 = VECTOR ( 'NONE', #3188, 1000.000000000000000 ) ;
#3205 = DIRECTION ( 'NONE',  ( 1.000000000000000000, 0.000000000000000000, -2.710505431213761578E-16 ) ) ;
#3206 = ORIENTED_EDGE ( 'NONE', *, *, #4582, .F. ) ;
#3207 = DIRECTION ( 'NONE',  ( 0.000000000000000000, 1.000000000000000000, 0.000000000000000000 ) ) ;
#3208 = ORIENTED_EDGE ( 'NONE', *, *, #3512, .T. ) ;
#3209 = VECTOR ( 'NONE', #488, 1000.000000000000000 ) ;
#3210 = DIRECTION ( 'NONE',  ( 0.000000000000000000, -1.000000000000000000, 0.000000000000000000 ) ) ;
#3211 = DIRECTION ( 'NONE',  ( 1.000000000000000000, 0.000000000000000000, -5.421010862427523156E-16 ) ) ;
#3212 = CARTESIAN_POINT ( 'NONE',  ( 1.099999999999999201, 0.1999999999999999833, 0.3000000000000001554 ) ) ;
#3213 = DIRECTION ( 'NONE',  ( 0.000000000000000000, -0.000000000000000000, -1.000000000000000000 ) ) ;
#3214 = ORIENTED_EDGE ( 'NONE', *, *, #1950, .F. ) ;
#3215 = PRESENTATION_LAYER_ASSIGNMENT (  '', '', ( #4786 ) ) ;
#3216 = VECTOR ( 'NONE', #472, 1000.000000000000000 ) ;
#3217 = DIRECTION ( 'NONE',  ( -1.000000000000000000, 0.000000000000000000, -2.710505431213761578E-16 ) ) ;
#3218 = ADVANCED_FACE ( 'NONE', ( #1878 ), #1864, .T. ) ;
#3219 = ORIENTED_EDGE ( 'NONE', *, *, #4249, .T. ) ;
#3220 = DIRECTION ( 'NONE',  ( 0.000000000000000000, -1.000000000000000000, 0.000000000000000000 ) ) ;
#3221 = DIRECTION ( 'NONE',  ( 0.000000000000000000, 0.000000000000000000, -1.000000000000000000 ) ) ;
#3222 = COLOUR_RGB ( '',0.7921568627450980005, 0.8196078431372548767, 0.9333333333333333481 ) ;
#3223 = PRESENTATION_STYLE_ASSIGNMENT (( #5043 ) ) ;
#3224 = CARTESIAN_POINT ( 'NONE',  ( 1.099999999999999201, 0.6472135954999579388, -0.09999999999999993616 ) ) ;
#3225 = STYLED_ITEM ( 'NONE', ( #6406 ), #6398 ) ;
#3226 = ORIENTED_EDGE ( 'NONE', *, *, #6427, .F. ) ;
#3227 = EDGE_CURVE ( 'NONE', #9, #4164, #5223, .T. ) ;
#3228 = LINE ( 'NONE', #5640, #5547 ) ;
#3229 = FACE_OUTER_BOUND ( 'NONE', #5433, .T. ) ;
#3230 = DIRECTION ( 'NONE',  ( 0.000000000000000000, -0.000000000000000000, 1.000000000000000000 ) ) ;
#3231 = DIRECTION ( 'NONE',  ( -1.000000000000000000, 0.000000000000000000, 1.445602896647339163E-16 ) ) ;
#3232 = ORIENTED_EDGE ( 'NONE', *, *, #5898, .T. ) ;
#3233 = DIRECTION ( 'NONE',  ( -1.000000000000000000, 0.000000000000000000, 2.168404344971008079E-15 ) ) ;
#3234 = PLANE ( 'NONE',  #4530 ) ;
#3235 = VECTOR ( 'NONE', #1060, 1000.000000000000000 ) ;
#3236 = LINE ( 'NONE', #4467, #3784 ) ;
#3237 = EDGE_CURVE ( 'NONE', #2107, #5581, #3897, .T. ) ;
#3238 = ORIENTED_EDGE ( 'NONE', *, *, #56, .F. ) ;
#3239 = CARTESIAN_POINT ( 'NONE',  ( 1.099999999999999201, 0.05000000000000002359, 0.3000000000000001554 ) ) ;
#3240 = FACE_OUTER_BOUND ( 'NONE', #561, .T. ) ;
#3241 = LINE ( 'NONE', #840, #6034 ) ;
#3242 = LINE ( 'NONE', #1816, #1928 ) ;
#3243 = CARTESIAN_POINT ( 'NONE',  ( 1.099999999999999201, 0.6472135954999579388, -0.09999999999999993616 ) ) ;
#3244 = ORIENTED_EDGE ( 'NONE', *, *, #3716, .F. ) ;
#3245 = DIRECTION ( 'NONE',  ( 0.000000000000000000, 0.000000000000000000, -1.000000000000000000 ) ) ;
#3246 = AXIS2_PLACEMENT_3D ( 'NONE', #435, #5809, #1776 ) ;
#3247 = LINE ( 'NONE', #116, #4201 ) ;
#3248 = SURFACE_SIDE_STYLE ('',( #4943 ) ) ;
#3249 = FACE_OUTER_BOUND ( 'NONE', #644, .T. ) ;
#3250 = VECTOR ( 'NONE', #2332, 1000.000000000000000 ) ;
#3251 = DIRECTION ( 'NONE',  ( 5.421010862427523156E-16, 0.000000000000000000, 1.000000000000000000 ) ) ;
#3252 = EDGE_CURVE ( 'NONE', #2565, #2738, #536, .T. ) ;
#3253 = EDGE_CURVE ( 'NONE', #6438, #1207, #2343, .T. ) ;
#3254 = VERTEX_POINT ( 'NONE', #22 ) ;
#3255 = CARTESIAN_POINT ( 'NONE',  ( 0.1000000000000006994, 0.1999999999999999833, 1.500000000000000000 ) ) ;
#3256 = ADVANCED_FACE ( 'NONE', ( #6377 ), #2991, .F. ) ;
#3257 = PLANE ( 'NONE',  #5793 ) ;
#3258 = EDGE_CURVE ( 'NONE', #374, #4129, #6145, .T. ) ;
#3259 = AXIS2_PLACEMENT_3D ( 'NONE', #5995, #4021, #2564 ) ;
#3260 = PLANE ( 'NONE',  #6384 ) ;
#3261 = DIRECTION ( 'NONE',  ( 1.000000000000000000, -0.000000000000000000, 0.000000000000000000 ) ) ;
#3262 = DIRECTION ( 'NONE',  ( -1.000000000000000000, 0.000000000000000000, 0.000000000000000000 ) ) ;
#3263 = ORIENTED_EDGE ( 'NONE', *, *, #4949, .T. ) ;
#3264 = LINE ( 'NONE', #911, #1947 ) ;
#3265 = ORIENTED_EDGE ( 'NONE', *, *, #2976, .T. ) ;
#3266 = DIRECTION ( 'NONE',  ( -0.000000000000000000, -1.000000000000000000, -0.000000000000000000 ) ) ;
#3267 = ORIENTED_EDGE ( 'NONE', *, *, #96, .F. ) ;
#3268 = AXIS2_PLACEMENT_3D ( 'NONE', #4073, #2138, #4098 ) ;
#3269 = EDGE_CURVE ( 'NONE', #5623, #389, #6305, .T. ) ;
#3270 = ORIENTED_EDGE ( 'NONE', *, *, #392, .F. ) ;
#3271 = FACE_OUTER_BOUND ( 'NONE', #5220, .T. ) ;
#3272 = ORIENTED_EDGE ( 'NONE', *, *, #1184, .T. ) ;
#3273 = PLANE ( 'NONE',  #3919 ) ;
#3274 = DIRECTION ( 'NONE',  ( 0.000000000000000000, -1.000000000000000000, 0.000000000000000000 ) ) ;
#3275 = DIRECTION ( 'NONE',  ( 0.000000000000000000, -1.000000000000000000, 0.000000000000000000 ) ) ;
#3276 = ORIENTED_EDGE ( 'NONE', *, *, #3521, .T. ) ;
#3277 = DIRECTION ( 'NONE',  ( -1.000000000000000000, 0.000000000000000000, 2.168404344971008079E-15 ) ) ;
#3278 = LINE ( 'NONE', #1810, #5849 ) ;
#3279 = EDGE_CURVE ( 'NONE', #456, #2255, #1078, .T. ) ;
#3280 = CARTESIAN_POINT ( 'NONE',  ( -0.6999999999999996225, 0.2000000000000000111, -1.500000000000000000 ) ) ;
#3281 = DIRECTION ( 'NONE',  ( 1.000000000000000000, 0.000000000000000000, -2.710505431213761578E-16 ) ) ;
#3282 = CARTESIAN_POINT ( 'NONE',  ( -0.8999999999999995781, 0.05000000000000000278, 0.000000000000000000 ) ) ;
#3283 = DIRECTION ( 'NONE',  ( 0.000000000000000000, 0.000000000000000000, 1.000000000000000000 ) ) ;
#3284 = ORIENTED_EDGE ( 'NONE', *, *, #5603, .T. ) ;
#3285 = LINE ( 'NONE', #671, #944 ) ;
#3286 =( LENGTH_UNIT ( ) NAMED_UNIT ( * ) SI_UNIT ( .MILLI., .METRE. ) );
#3287 = ORIENTED_EDGE ( 'NONE', *, *, #1196, .F. ) ;
#3288 = MECHANICAL_DESIGN_GEOMETRIC_PRESENTATION_REPRESENTATION (  '', ( #4312 ), #5166 ) ;
#3289 = ADVANCED_FACE ( 'NONE', ( #934 ), #4213, .T. ) ;
#3290 = CLOSED_SHELL ( 'NONE', ( #4460, #660, #6376, #5427, #1424, #3939 ) ) ;
#3291 = VECTOR ( 'NONE', #5434, 1000.000000000000000 ) ;
#3292 = FILL_AREA_STYLE ('',( #5413 ) ) ;
#3293 = DIRECTION ( 'NONE',  ( -1.000000000000000000, 0.000000000000000000, 0.000000000000000000 ) ) ;
#3294 = ORIENTED_EDGE ( 'NONE', *, *, #3923, .F. ) ;
#3295 = ORIENTED_EDGE ( 'NONE', *, *, #3587, .F. ) ;
#3296 = PRESENTATION_STYLE_ASSIGNMENT (( #271 ) ) ;
#3297 = MECHANICAL_DESIGN_GEOMETRIC_PRESENTATION_REPRESENTATION (  '', ( #2950 ), #5956 ) ;
#3298 = CARTESIAN_POINT ( 'NONE',  ( 1.626303258728254432E-16, 0.05000000000000000278, 0.2999999999999995448 ) ) ;
#3299 = VERTEX_POINT ( 'NONE', #3212 ) ;
#3300 = DIRECTION ( 'NONE',  ( 0.000000000000000000, 0.000000000000000000, -1.000000000000000000 ) ) ;
#3301 = DIRECTION ( 'NONE',  ( -1.000000000000000000, 0.000000000000000000, 0.000000000000000000 ) ) ;
#3302 = CARTESIAN_POINT ( 'NONE',  ( 1.499999999999999112, 0.1999999999999999833, -0.2999999999999998779 ) ) ;
#3303 = EDGE_LOOP ( 'NONE', ( #3577, #5312, #599, #1819 ) ) ;
#3304 =( GEOMETRIC_REPRESENTATION_CONTEXT ( 3 ) GLOBAL_UNCERTAINTY_ASSIGNED_CONTEXT ( ( #4801 ) ) GLOBAL_UNIT_ASSIGNED_CONTEXT ( ( #1408, #6380, #884 ) ) REPRESENTATION_CONTEXT ( 'NONE', 'WORKASPACE' ) );
#3305 = CARTESIAN_POINT ( 'NONE',  ( -0.4999999999999993339, 0.6472135954999583829, 1.100000000000000533 ) ) ;
#3306 = EDGE_CURVE ( 'NONE', #3039, #5493, #2720, .T. ) ;
#3307 = LINE ( 'NONE', #5859, #890 ) ;
#3308 = ORIENTED_EDGE ( 'NONE', *, *, #2280, .F. ) ;
#3309 = ORIENTED_EDGE ( 'NONE', *, *, #347, .T. ) ;
#3310 = CARTESIAN_POINT ( 'NONE',  ( 0.1000000000000008105, 0.6472135954999583829, 1.100000000000000089 ) ) ;
#3311 = SURFACE_STYLE_FILL_AREA ( #519 ) ;
#3312 = LINE ( 'NONE', #5536, #971 ) ;
#3313 = CARTESIAN_POINT ( 'NONE',  ( 0.000000000000000000, 0.000000000000000000, 1.600000000000000089 ) ) ;
#3314 = EDGE_CURVE ( 'NONE', #1627, #106, #5063, .T. ) ;
#3315 = EDGE_LOOP ( 'NONE', ( #5908, #4220, #1882, #1265 ) ) ;
#3316 = DIRECTION ( 'NONE',  ( 1.000000000000000000, -0.000000000000000000, -1.445602896647339163E-16 ) ) ;
#3317 = ADVANCED_FACE ( 'NONE', ( #4850 ), #5599, .F. ) ;
#3318 = LINE ( 'NONE', #5657, #433 ) ;
#3319 = CARTESIAN_POINT ( 'NONE',  ( -0.09999999999999950595, 0.2000000000000000111, -1.100000000000000089 ) ) ;
#3320 = DIRECTION ( 'NONE',  ( 0.000000000000000000, 0.000000000000000000, 1.000000000000000000 ) ) ;
#3321 = VERTEX_POINT ( 'NONE', #5667 ) ;
#3322 = DIRECTION ( 'NONE',  ( 0.000000000000000000, 0.000000000000000000, -1.000000000000000000 ) ) ;
#3323 = AXIS2_PLACEMENT_3D ( 'NONE', #709, #3743, #5198 ) ;
#3324 = LINE ( 'NONE', #2812, #208 ) ;
#3325 = LINE ( 'NONE', #1726, #2385 ) ;
#3326 = DIRECTION ( 'NONE',  ( 1.000000000000000000, 0.000000000000000000, 5.421010862427523156E-16 ) ) ;
#3327 = VERTEX_POINT ( 'NONE', #1624 ) ;
#3328 = FACE_OUTER_BOUND ( 'NONE', #4215, .T. ) ;
#3329 = FACE_OUTER_BOUND ( 'NONE', #4002, .T. ) ;
#3330 = CARTESIAN_POINT ( 'NONE',  ( 1.499999999999999112, 0.1999999999999999833, 0.5000000000000002220 ) ) ;
#3331 = AXIS2_PLACEMENT_3D ( 'NONE', #3996, #3552, #4516 ) ;
#3332 = VERTEX_POINT ( 'NONE', #2711 ) ;
#3333 = CARTESIAN_POINT ( 'NONE',  ( 0.5000000000000008882, 0.2000000000000000111, 1.100000000000000089 ) ) ;
#3334 = ORIENTED_EDGE ( 'NONE', *, *, #117, .T. ) ;
#3335 = MANIFOLD_SOLID_BREP ( 'LPattern2', #464 ) ;
#3336 = CARTESIAN_POINT ( 'NONE',  ( -1.099999999999999201, 0.000000000000000000, 0.3000000000000001554 ) ) ;
#3337 = EDGE_LOOP ( 'NONE', ( #4485, #1037, #3134, #2993 ) ) ;
#3338 = CARTESIAN_POINT ( 'NONE',  ( 1.099999999999999201, 0.1999999999999999833, 0.1000000000000001582 ) ) ;
#3339 = EDGE_LOOP ( 'NONE', ( #3632, #5766, #4045, #5911 ) ) ;
#3340 = DIRECTION ( 'NONE',  ( -5.421010862427523156E-16, 0.000000000000000000, 1.000000000000000000 ) ) ;
#3341 = PLANE ( 'NONE',  #399 ) ;
#3342 = DIRECTION ( 'NONE',  ( -1.000000000000000000, 0.000000000000000000, -5.421010862427523156E-16 ) ) ;
#3343 = VECTOR ( 'NONE', #2985, 1000.000000000000000 ) ;
#3344 = ORIENTED_EDGE ( 'NONE', *, *, #3831, .T. ) ;
#3345 = ORIENTED_EDGE ( 'NONE', *, *, #4016, .T. ) ;
#3346 =( NAMED_UNIT ( * ) PLANE_ANGLE_UNIT ( ) SI_UNIT ( $, .RADIAN. ) );
#3347 = ORIENTED_EDGE ( 'NONE', *, *, #4055, .T. ) ;
#3348 = ORIENTED_EDGE ( 'NONE', *, *, #3716, .T. ) ;
#3349 = ADVANCED_FACE ( 'NONE', ( #3976 ), #1142, .F. ) ;
#3350 = VECTOR ( 'NONE', #1354, 1000.000000000000000 ) ;
#3351 = EDGE_CURVE ( 'NONE', #5469, #119, #5992, .T. ) ;
#3352 = CARTESIAN_POINT ( 'NONE',  ( 0.9000000000000006883, 0.000000000000000000, 1.500000000000000000 ) ) ;
#3353 = ORIENTED_EDGE ( 'NONE', *, *, #2568, .T. ) ;
#3354 = LINE ( 'NONE', #1587, #3010 ) ;
#3355 = DIRECTION ( 'NONE',  ( 0.000000000000000000, -0.000000000000000000, -1.000000000000000000 ) ) ;
#3356 = ORIENTED_EDGE ( 'NONE', *, *, #624, .F. ) ;
#3357 = EDGE_CURVE ( 'NONE', #4401, #4501, #2546, .T. ) ;
#3358 = CARTESIAN_POINT ( 'NONE',  ( -0.2999999999999993228, 0.6472135954999583829, 1.500000000000000000 ) ) ;
#3359 = VECTOR ( 'NONE', #5056, 1000.000000000000000 ) ;
#3360 = CARTESIAN_POINT ( 'NONE',  ( -1.499999999999999112, 0.000000000000000000, 0.1000000000000001582 ) ) ;
#3361 = PLANE ( 'NONE',  #3749 ) ;
#3362 = CARTESIAN_POINT ( 'NONE',  ( 1.099999999999999201, 0.6472135954999579388, 0.9000000000000002442 ) ) ;
#3363 = EDGE_LOOP ( 'NONE', ( #386, #856, #4913, #3588 ) ) ;
#3364 = DIRECTION ( 'NONE',  ( 0.000000000000000000, 1.000000000000000000, 0.000000000000000000 ) ) ;
#3365 = ORIENTED_EDGE ( 'NONE', *, *, #649, .F. ) ;
#3366 = LINE ( 'NONE', #3091, #1349 ) ;
#3367 = DIRECTION ( 'NONE',  ( 0.000000000000000000, -1.000000000000000000, 0.000000000000000000 ) ) ;
#3368 =( GEOMETRIC_REPRESENTATION_CONTEXT ( 3 ) GLOBAL_UNCERTAINTY_ASSIGNED_CONTEXT ( ( #2375 ) ) GLOBAL_UNIT_ASSIGNED_CONTEXT ( ( #4101, #4175, #5097 ) ) REPRESENTATION_CONTEXT ( 'NONE', 'WORKASPACE' ) );
#3369 = VERTEX_POINT ( 'NONE', #734 ) ;
#3370 = DIRECTION ( 'NONE',  ( 1.000000000000000000, 0.000000000000000000, -5.421010862427523156E-16 ) ) ;
#3371 = EDGE_CURVE ( 'NONE', #4596, #478, #1167, .T. ) ;
#3372 = PLANE ( 'NONE',  #1841 ) ;
#3373 = ORIENTED_EDGE ( 'NONE', *, *, #1715, .F. ) ;
#3374 = EDGE_CURVE ( 'NONE', #3321, #4772, #4694, .T. ) ;
#3375 = STYLED_ITEM ( 'NONE', ( #6436 ), #4322 ) ;
#3376 = VECTOR ( 'NONE', #3820, 1000.000000000000000 ) ;
#3377 = CARTESIAN_POINT ( 'NONE',  ( 0.000000000000000000, 0.000000000000000000, 0.000000000000000000 ) ) ;
#3378 = ADVANCED_FACE ( 'NONE', ( #3745 ), #685, .T. ) ;
#3379 = CARTESIAN_POINT ( 'NONE',  ( -1.099999999999999201, 0.6472135954999579388, 0.5000000000000002220 ) ) ;
#3380 = VERTEX_POINT ( 'NONE', #4692 ) ;
#3381 = CARTESIAN_POINT ( 'NONE',  ( 0.9000000000000003553, 0.000000000000000000, -1.500000000000000000 ) ) ;
#3382 = CARTESIAN_POINT ( 'NONE',  ( 1.099999999999999201, 0.6472135954999579388, 0.9000000000000002442 ) ) ;
#3383 = LINE ( 'NONE', #683, #3853 ) ;
#3384 = VECTOR ( 'NONE', #3275, 1000.000000000000000 ) ;
#3385 = CARTESIAN_POINT ( 'NONE',  ( -0.8500000000000001998, 0.2000000000000000944, 0.8499999999999999778 ) ) ;
#3386 = ORIENTED_EDGE ( 'NONE', *, *, #5727, .T. ) ;
#3387 = CLOSED_SHELL ( 'NONE', ( #3498, #4095, #5965, #342, #6313, #3146 ) ) ;
#3388 = CARTESIAN_POINT ( 'NONE',  ( 1.099999999999999201, 0.6472135954999579388, 0.3000000000000001554 ) ) ;
#3389 = EDGE_CURVE ( 'NONE', #2255, #9, #5372, .T. ) ;
#3390 = LINE ( 'NONE', #2595, #5879 ) ;
#3391 = FACE_OUTER_BOUND ( 'NONE', #6232, .T. ) ;
#3392 = CARTESIAN_POINT ( 'NONE',  ( 1.099999999999999201, 0.1999999999999999833, 0.5000000000000002220 ) ) ;
#3393 = CARTESIAN_POINT ( 'NONE',  ( 1.099999999999999201, 0.1999999999999999833, -0.09999999999999993616 ) ) ;
#3394 = VERTEX_POINT ( 'NONE', #1784 ) ;
#3395 = FACE_OUTER_BOUND ( 'NONE', #1063, .T. ) ;
#3396 = EDGE_CURVE ( 'NONE', #2738, #6041, #697, .T. ) ;
#3397 = ORIENTED_EDGE ( 'NONE', *, *, #1531, .T. ) ;
#3398 = FILL_AREA_STYLE_COLOUR ( '', #4541 ) ;
#3399 = VECTOR ( 'NONE', #646, 1000.000000000000000 ) ;
#3400 = VECTOR ( 'NONE', #2197, 1000.000000000000000 ) ;
#3401 = LINE ( 'NONE', #5329, #3250 ) ;
#3402 = DIRECTION ( 'NONE',  ( 1.000000000000000000, 0.000000000000000000, -2.168404344971008079E-15 ) ) ;
#3403 = CARTESIAN_POINT ( 'NONE',  ( -0.2999999999999992117, 0.6472135954999583829, 1.100000000000000089 ) ) ;
#3404 = ORIENTED_EDGE ( 'NONE', *, *, #2454, .T. ) ;
#3405 = AXIS2_PLACEMENT_3D ( 'NONE', #5564, #2655, #3565 ) ;
#3406 = CARTESIAN_POINT ( 'NONE',  ( -1.099999999999999201, 0.1999999999999999833, 0.3000000000000001554 ) ) ;
#3407 = LINE ( 'NONE', #3892, #4974 ) ;
#3408 = LINE ( 'NONE', #3011, #3559 ) ;
#3409 = DIRECTION ( 'NONE',  ( 0.000000000000000000, -1.000000000000000000, 0.000000000000000000 ) ) ;
#3410 = CARTESIAN_POINT ( 'NONE',  ( 1.499999999999999112, 0.1999999999999999833, 0.9000000000000002442 ) ) ;
#3411 = ADVANCED_FACE ( 'NONE', ( #5843 ), #76, .F. ) ;
#3412 = ORIENTED_EDGE ( 'NONE', *, *, #3464, .T. ) ;
#3413 = PLANE ( 'NONE',  #6405 ) ;
#3414 = ORIENTED_EDGE ( 'NONE', *, *, #4933, .T. ) ;
#3415 = DIRECTION ( 'NONE',  ( 0.000000000000000000, 0.000000000000000000, 1.000000000000000000 ) ) ;
#3416 = AXIS2_PLACEMENT_3D ( 'NONE', #5338, #4224, #2134 ) ;
#3417 = VERTEX_POINT ( 'NONE', #4560 ) ;
#3418 = ORIENTED_EDGE ( 'NONE', *, *, #309, .F. ) ;
#3419 = CARTESIAN_POINT ( 'NONE',  ( 1.099999999999999201, 0.1999999999999999833, 0.5000000000000002220 ) ) ;
#3420 = CARTESIAN_POINT ( 'NONE',  ( 0.000000000000000000, 0.000000000000000000, 1.200000000000000178 ) ) ;
#3421 = PRESENTATION_STYLE_ASSIGNMENT (( #4136 ) ) ;
#3422 = VERTEX_POINT ( 'NONE', #3147 ) ;
#3423 = AXIS2_PLACEMENT_3D ( 'NONE', #5658, #2209, #6202 ) ;
#3424 = EDGE_CURVE ( 'NONE', #6021, #5926, #4922, .T. ) ;
#3425 = DIRECTION ( 'NONE',  ( -1.000000000000000000, 0.000000000000000000, 0.000000000000000000 ) ) ;
#3426 = ORIENTED_EDGE ( 'NONE', *, *, #4868, .T. ) ;
#3427 = DIRECTION ( 'NONE',  ( -5.421010862427523156E-16, 0.000000000000000000, -1.000000000000000000 ) ) ;
#3428 = FACE_OUTER_BOUND ( 'NONE', #2146, .T. ) ;
#3429 = DIRECTION ( 'NONE',  ( 0.000000000000000000, -1.000000000000000000, 0.000000000000000000 ) ) ;
#3430 = ORIENTED_EDGE ( 'NONE', *, *, #303, .F. ) ;
#3431 = CARTESIAN_POINT ( 'NONE',  ( -0.09999999999999928391, 0.000000000000000000, 1.100000000000000533 ) ) ;
#3432 = EDGE_CURVE ( 'NONE', #2533, #6320, #2640, .T. ) ;
#3433 = EDGE_LOOP ( 'NONE', ( #4333, #5694, #4797, #2267 ) ) ;
#3434 = VERTEX_POINT ( 'NONE', #4583 ) ;
#3435 = EDGE_CURVE ( 'NONE', #479, #2561, #2869, .T. ) ;
#3436 = VECTOR ( 'NONE', #86, 1000.000000000000000 ) ;
#3437 = CARTESIAN_POINT ( 'NONE',  ( 1.099999999999999201, 0.6472135954999579388, 0.3000000000000001554 ) ) ;
#3438 = DIRECTION ( 'NONE',  ( -1.000000000000000000, 0.000000000000000000, 2.168404344971008079E-15 ) ) ;
#3439 = ADVANCED_FACE ( 'NONE', ( #6448 ), #5227, .T. ) ;
#3440 = ORIENTED_EDGE ( 'NONE', *, *, #2108, .T. ) ;
#3441 = ORIENTED_EDGE ( 'NONE', *, *, #227, .T. ) ;
#3442 = EDGE_CURVE ( 'NONE', #305, #5913, #4046, .T. ) ;
#3443 = LINE ( 'NONE', #2787, #5937 ) ;
#3444 = CARTESIAN_POINT ( 'NONE',  ( 0.7000000000000005107, 0.04999999999999999584, -1.100000000000000089 ) ) ;
#3445 = ORIENTED_EDGE ( 'NONE', *, *, #2586, .F. ) ;
#3446 = PLANE ( 'NONE',  #5784 ) ;
#3447 = DIRECTION ( 'NONE',  ( 1.000000000000000000, 0.000000000000000000, 0.000000000000000000 ) ) ;
#3448 = DIRECTION ( 'NONE',  ( -2.710505431213761578E-16, 0.000000000000000000, -1.000000000000000000 ) ) ;
#3449 = AXIS2_PLACEMENT_3D ( 'NONE', #581, #604, #4605 ) ;
#3450 = VERTEX_POINT ( 'NONE', #3199 ) ;
#3451 = VECTOR ( 'NONE', #5321, 1000.000000000000000 ) ;
#3452 = ADVANCED_FACE ( 'NONE', ( #4997 ), #221, .T. ) ;
#3453 = ORIENTED_EDGE ( 'NONE', *, *, #5496, .F. ) ;
#3454 = EDGE_CURVE ( 'NONE', #6438, #2864, #5591, .T. ) ;
#3455 = EDGE_LOOP ( 'NONE', ( #4621, #572, #2970, #2491 ) ) ;
#3456 = DIRECTION ( 'NONE',  ( 1.000000000000000000, 0.000000000000000000, -2.168404344971008079E-15 ) ) ;
#3457 = CARTESIAN_POINT ( 'NONE',  ( 0.9000000000000007994, 0.2000000000000000111, 1.100000000000000089 ) ) ;
#3458 = VECTOR ( 'NONE', #2140, 1000.000000000000000 ) ;
#3459 = PLANE ( 'NONE',  #129 ) ;
#3460 = CARTESIAN_POINT ( 'NONE',  ( 0.5000000000000006661, 0.1999999999999999833, -1.100000000000000089 ) ) ;
#3461 = VERTEX_POINT ( 'NONE', #4748 ) ;
#3462 = FACE_OUTER_BOUND ( 'NONE', #891, .T. ) ;
#3463 = AXIS2_PLACEMENT_3D ( 'NONE', #4615, #5106, #5066 ) ;
#3464 = EDGE_CURVE ( 'NONE', #672, #3321, #469, .T. ) ;
#3465 = DIRECTION ( 'NONE',  ( 5.421010862427523156E-16, -0.000000000000000000, 1.000000000000000000 ) ) ;
#3466 = ORIENTED_EDGE ( 'NONE', *, *, #3570, .F. ) ;
#3467 = ADVANCED_FACE ( 'NONE', ( #1639 ), #2761, .F. ) ;
#3468 = VECTOR ( 'NONE', #2821, 1000.000000000000000 ) ;
#3469 = LINE ( 'NONE', #6097, #509 ) ;
#3470 = VECTOR ( 'NONE', #4716, 1000.000000000000000 ) ;
#3471 = DIRECTION ( 'NONE',  ( 0.000000000000000000, 0.000000000000000000, -1.000000000000000000 ) ) ;
#3472 = VERTEX_POINT ( 'NONE', #2269 ) ;
#3473 = VECTOR ( 'NONE', #1880, 1000.000000000000000 ) ;
#3474 = EDGE_CURVE ( 'NONE', #474, #3560, #5435, .T. ) ;
#3475 = CARTESIAN_POINT ( 'NONE',  ( 1.099999999999999201, 0.1999999999999999833, -0.09999999999999993616 ) ) ;
#3476 = CARTESIAN_POINT ( 'NONE',  ( -1.099999999999999201, 0.000000000000000000, 0.1000000000000001582 ) ) ;
#3477 = ORIENTED_EDGE ( 'NONE', *, *, #1046, .T. ) ;
#3478 = DIRECTION ( 'NONE',  ( 0.000000000000000000, -1.000000000000000000, 0.000000000000000000 ) ) ;
#3479 = VECTOR ( 'NONE', #1959, 1000.000000000000000 ) ;
#3480 = ORIENTED_EDGE ( 'NONE', *, *, #2929, .F. ) ;
#3481 = DIRECTION ( 'NONE',  ( -5.421010862427523156E-16, 0.000000000000000000, 1.000000000000000000 ) ) ;
#3482 = EDGE_LOOP ( 'NONE', ( #1554, #1948, #3180, #2573 ) ) ;
#3483 = CARTESIAN_POINT ( 'NONE',  ( -0.8999999999999992450, 0.6472135954999583829, 1.500000000000000444 ) ) ;
#3484 = DIRECTION ( 'NONE',  ( -1.000000000000000000, 0.000000000000000000, -1.275531967630005245E-16 ) ) ;
#3485 = CARTESIAN_POINT ( 'NONE',  ( 1.499999999999999112, 0.1999999999999999833, -0.8999999999999998002 ) ) ;
#3486 = ORIENTED_EDGE ( 'NONE', *, *, #2500, .F. ) ;
#3487 = EDGE_CURVE ( 'NONE', #5382, #947, #462, .T. ) ;
#3488 = VECTOR ( 'NONE', #5702, 1000.000000000000000 ) ;
#3489 = ORIENTED_EDGE ( 'NONE', *, *, #6038, .F. ) ;
#3490 = CARTESIAN_POINT ( 'NONE',  ( 1.099999999999999201, 0.6472135954999579388, -0.6999999999999998446 ) ) ;
#3491 = PLANE ( 'NONE',  #2892 ) ;
#3492 = VERTEX_POINT ( 'NONE', #669 ) ;
#3493 = ORIENTED_EDGE ( 'NONE', *, *, #798, .F. ) ;
#3494 = VECTOR ( 'NONE', #5529, 1000.000000000000000 ) ;
#3495 = FACE_OUTER_BOUND ( 'NONE', #2502, .T. ) ;
#3496 = CARTESIAN_POINT ( 'NONE',  ( -1.099999999999999201, 0.6472135954999579388, 0.9000000000000002442 ) ) ;
#3497 = PLANE ( 'NONE',  #2213 ) ;
#3498 = ADVANCED_FACE ( 'NONE', ( #689 ), #5725, .T. ) ;
#3499 = ORIENTED_EDGE ( 'NONE', *, *, #471, .F. ) ;
#3500 = VECTOR ( 'NONE', #150, 1000.000000000000000 ) ;
#3501 = CARTESIAN_POINT ( 'NONE',  ( 0.9000000000000011324, 0.05000000000000000278, 2.439454888092388428E-16 ) ) ;
#3502 = CARTESIAN_POINT ( 'NONE',  ( 0.7000000000000005107, 0.6472135954999583829, -1.100000000000000089 ) ) ;
#3503 = EDGE_CURVE ( 'NONE', #479, #1143, #1872, .T. ) ;
#3504 = VERTEX_POINT ( 'NONE', #4222 ) ;
#3505 = VECTOR ( 'NONE', #2030, 1000.000000000000000 ) ;
#3506 = DIRECTION ( 'NONE',  ( 0.000000000000000000, -1.000000000000000000, 0.000000000000000000 ) ) ;
#3507 = CARTESIAN_POINT ( 'NONE',  ( -0.8500000000000001998, 0.000000000000000000, 0.8499999999999999778 ) ) ;
#3508 = ORIENTED_EDGE ( 'NONE', *, *, #401, .T. ) ;
#3509 = PLANE ( 'NONE',  #1079 ) ;
#3510 = VERTEX_POINT ( 'NONE', #4197 ) ;
#3511 = CARTESIAN_POINT ( 'NONE',  ( -1.099999999999999201, 0.2000000000000000944, -0.5000000000000000000 ) ) ;
#3512 = EDGE_CURVE ( 'NONE', #4003, #4344, #5132, .T. ) ;
#3513 = LINE ( 'NONE', #1185, #874 ) ;
#3514 = ADVANCED_FACE ( 'NONE', ( #5983 ), #4722, .F. ) ;
#3515 = ORIENTED_EDGE ( 'NONE', *, *, #6163, .F. ) ;
#3516 = VECTOR ( 'NONE', #3733, 1000.000000000000000 ) ;
#3517 = DIRECTION ( 'NONE',  ( 1.000000000000000000, -0.000000000000000000, 0.000000000000000000 ) ) ;
#3518 =( NAMED_UNIT ( * ) PLANE_ANGLE_UNIT ( ) SI_UNIT ( $, .RADIAN. ) );
#3519 = AXIS2_PLACEMENT_3D ( 'NONE', #5632, #180, #3131 ) ;
#3520 = ORIENTED_EDGE ( 'NONE', *, *, #5870, .F. ) ;
#3521 = EDGE_CURVE ( 'NONE', #3450, #3394, #4526, .T. ) ;
#3522 = DIRECTION ( 'NONE',  ( 0.000000000000000000, 0.000000000000000000, 1.000000000000000000 ) ) ;
#3523 = UNCERTAINTY_MEASURE_WITH_UNIT (LENGTH_MEASURE( 1.000000000000000082E-05 ), #5296, 'distance_accuracy_value', 'NONE');
#3524 = CARTESIAN_POINT ( 'NONE',  ( 0.4000000000000000222, 0.000000000000000000, 0.000000000000000000 ) ) ;
#3525 = LINE ( 'NONE', #4840, #2217 ) ;
#3526 = VERTEX_POINT ( 'NONE', #243 ) ;
#3527 = ORIENTED_EDGE ( 'NONE', *, *, #859, .T. ) ;
#3528 = CARTESIAN_POINT ( 'NONE',  ( -1.099999999999999201, 0.1999999999999999833, -0.6999999999999998446 ) ) ;
#3529 = ADVANCED_FACE ( 'NONE', ( #3271 ), #1754, .F. ) ;
#3530 = LINE ( 'NONE', #5196, #2060 ) ;
#3531 = FACE_OUTER_BOUND ( 'NONE', #1667, .T. ) ;
#3532 = DIRECTION ( 'NONE',  ( 5.421010862427523156E-16, 0.000000000000000000, 1.000000000000000000 ) ) ;
#3533 = ORIENTED_EDGE ( 'NONE', *, *, #2354, .F. ) ;
#3534 = DIRECTION ( 'NONE',  ( 0.000000000000000000, -0.000000000000000000, 1.000000000000000000 ) ) ;
#3535 = EDGE_LOOP ( 'NONE', ( #4894, #2441, #3963, #1778 ) ) ;
#3536 = LINE ( 'NONE', #877, #2445 ) ;
#3537 = LINE ( 'NONE', #1064, #4742 ) ;
#3538 = AXIS2_PLACEMENT_3D ( 'NONE', #5792, #1337, #3293 ) ;
#3539 = ORIENTED_EDGE ( 'NONE', *, *, #269, .F. ) ;
#3540 = DIRECTION ( 'NONE',  ( 0.000000000000000000, 0.000000000000000000, -1.000000000000000000 ) ) ;
#3541 = DIRECTION ( 'NONE',  ( -0.000000000000000000, -1.000000000000000000, -0.000000000000000000 ) ) ;
#3542 = DIRECTION ( 'NONE',  ( -1.000000000000000000, 0.000000000000000000, -0.000000000000000000 ) ) ;
#3543 = LINE ( 'NONE', #1363, #4660 ) ;
#3544 = FACE_OUTER_BOUND ( 'NONE', #125, .T. ) ;
#3545 = CARTESIAN_POINT ( 'NONE',  ( 0.8499999999999997558, 2.604163056034261903, -0.8499999999999997558 ) ) ;
#3546 = CARTESIAN_POINT ( 'NONE',  ( -1.099999999999999201, 0.1999999999999999833, -0.2999999999999998779 ) ) ;
#3547 = VERTEX_POINT ( 'NONE', #4338 ) ;
#3548 = LINE ( 'NONE', #1912, #5346 ) ;
#3549 = LINE ( 'NONE', #711, #121 ) ;
#3550 = LINE ( 'NONE', #5204, #6205 ) ;
#3551 = EDGE_CURVE ( 'NONE', #2115, #3510, #5765, .T. ) ;
#3552 = DIRECTION ( 'NONE',  ( 0.000000000000000000, 1.000000000000000000, 0.000000000000000000 ) ) ;
#3553 = CARTESIAN_POINT ( 'NONE',  ( -0.2999999999999992117, 0.000000000000000000, 1.100000000000000089 ) ) ;
#3554 = ORIENTED_EDGE ( 'NONE', *, *, #1561, .T. ) ;
#3555 = DIRECTION ( 'NONE',  ( 0.000000000000000000, -1.000000000000000000, 0.000000000000000000 ) ) ;
#3556 = VECTOR ( 'NONE', #4437, 1000.000000000000000 ) ;
#3557 = CARTESIAN_POINT ( 'NONE',  ( -0.8999999999999995781, 0.000000000000000000, -1.500000000000000000 ) ) ;
#3558 = EDGE_CURVE ( 'NONE', #4848, #600, #1481, .T. ) ;
#3559 = VECTOR ( 'NONE', #1076, 1000.000000000000000 ) ;
#3560 = VERTEX_POINT ( 'NONE', #345 ) ;
#3561 = EDGE_CURVE ( 'NONE', #5205, #695, #4139, .T. ) ;
#3562 = ORIENTED_EDGE ( 'NONE', *, *, #772, .F. ) ;
#3563 = CARTESIAN_POINT ( 'NONE',  ( -0.2999999999999994338, 0.2000000000000000111, -1.100000000000000089 ) ) ;
#3564 = ORIENTED_EDGE ( 'NONE', *, *, #4108, .T. ) ;
#3565 = DIRECTION ( 'NONE',  ( 5.421010862427523156E-16, 0.000000000000000000, 1.000000000000000000 ) ) ;
#3566 = PLANE ( 'NONE',  #565 ) ;
#3567 = EDGE_LOOP ( 'NONE', ( #2473, #133, #2276, #1240 ) ) ;
#3568 = LINE ( 'NONE', #580, #3817 ) ;
#3569 = CARTESIAN_POINT ( 'NONE',  ( -1.099999999999999201, 0.1999999999999999833, -0.9000000000000000222 ) ) ;
#3570 = EDGE_CURVE ( 'NONE', #3834, #5332, #3811, .T. ) ;
#3571 =( NAMED_UNIT ( * ) PLANE_ANGLE_UNIT ( ) SI_UNIT ( $, .RADIAN. ) );
#3572 = PLANE ( 'NONE',  #3463 ) ;
#3573 = ORIENTED_EDGE ( 'NONE', *, *, #5593, .T. ) ;
#3574 = LINE ( 'NONE', #2214, #865 ) ;
#3575 = DIRECTION ( 'NONE',  ( 1.000000000000000000, -0.000000000000000000, -0.000000000000000000 ) ) ;
#3576 = EDGE_CURVE ( 'NONE', #996, #3936, #306, .T. ) ;
#3577 = ORIENTED_EDGE ( 'NONE', *, *, #1448, .F. ) ;
#3578 = ORIENTED_EDGE ( 'NONE', *, *, #3974, .F. ) ;
#3579 = CARTESIAN_POINT ( 'NONE',  ( -0.6999999999999992895, 0.2000000000000000111, 1.100000000000000089 ) ) ;
#3580 = DIRECTION ( 'NONE',  ( 0.000000000000000000, -1.000000000000000000, 0.000000000000000000 ) ) ;
#3581 = ORIENTED_EDGE ( 'NONE', *, *, #4533, .F. ) ;
#3582 = ORIENTED_EDGE ( 'NONE', *, *, #3032, .T. ) ;
#3583 = DIRECTION ( 'NONE',  ( -0.000000000000000000, -1.000000000000000000, -0.000000000000000000 ) ) ;
#3584 = ORIENTED_EDGE ( 'NONE', *, *, #1062, .T. ) ;
#3585 = VECTOR ( 'NONE', #796, 1000.000000000000000 ) ;
#3586 = CARTESIAN_POINT ( 'NONE',  ( -1.099999999999999201, 0.6472135954999580498, -0.5000000000000000000 ) ) ;
#3587 = EDGE_CURVE ( 'NONE', #1125, #29, #1158, .T. ) ;
#3588 = ORIENTED_EDGE ( 'NONE', *, *, #96, .T. ) ;
#3589 = DIRECTION ( 'NONE',  ( 1.000000000000000000, 0.000000000000000000, 1.275531967630005245E-16 ) ) ;
#3590 = VERTEX_POINT ( 'NONE', #2469 ) ;
#3591 = CARTESIAN_POINT ( 'NONE',  ( -0.4999999999999991673, 0.2000000000000000111, 1.500000000000000444 ) ) ;
#3592 = LINE ( 'NONE', #2423, #1900 ) ;
#3593 = PLANE ( 'NONE',  #4247 ) ;
#3594 = ADVANCED_FACE ( 'NONE', ( #3970 ), #3921, .F. ) ;
#3595 = DIRECTION ( 'NONE',  ( -1.000000000000000000, 0.000000000000000000, 0.000000000000000000 ) ) ;
#3596 = ORIENTED_EDGE ( 'NONE', *, *, #3729, .F. ) ;
#3597 = EDGE_CURVE ( 'NONE', #4488, #4414, #528, .T. ) ;
#3598 = DIRECTION ( 'NONE',  ( -0.000000000000000000, -1.000000000000000000, -0.000000000000000000 ) ) ;
#3599 = LINE ( 'NONE', #5082, #5942 ) ;
#3600 = VERTEX_POINT ( 'NONE', #3431 ) ;
#3601 = CARTESIAN_POINT ( 'NONE',  ( -1.499999999999999112, 0.1999999999999999833, -0.09999999999999971412 ) ) ;
#3602 = CARTESIAN_POINT ( 'NONE',  ( 0.1000000000000005884, 0.000000000000000000, -1.100000000000000089 ) ) ;
#3603 = LINE ( 'NONE', #3189, #35 ) ;
#3604 = FACE_OUTER_BOUND ( 'NONE', #338, .T. ) ;
#3605 = CARTESIAN_POINT ( 'NONE',  ( -0.09999999999999950595, 0.2000000000000000111, -1.100000000000000089 ) ) ;
#3606 = PLANE ( 'NONE',  #3726 ) ;
#3607 = DIRECTION ( 'NONE',  ( 0.000000000000000000, -0.000000000000000000, 1.000000000000000000 ) ) ;
#3608 = AXIS2_PLACEMENT_3D ( 'NONE', #3333, #4008, #2187 ) ;
#3609 = ORIENTED_EDGE ( 'NONE', *, *, #974, .F. ) ;
#3610 = DIRECTION ( 'NONE',  ( -1.000000000000000000, -0.000000000000000000, -5.421010862427523156E-16 ) ) ;
#3611 = EDGE_LOOP ( 'NONE', ( #1318, #5377, #2965, #4600 ) ) ;
#3612 = LINE ( 'NONE', #3065, #5722 ) ;
#3613 = CARTESIAN_POINT ( 'NONE',  ( 0.7000000000000005107, 0.2000000000000000111, -1.100000000000000089 ) ) ;
#3614 = VERTEX_POINT ( 'NONE', #3393 ) ;
#3615 = CARTESIAN_POINT ( 'NONE',  ( 1.099999999999999201, 0.05000000000000000278, 0.000000000000000000 ) ) ;
#3616 = CARTESIAN_POINT ( 'NONE',  ( 0.1000000000000003664, 0.000000000000000000, -1.500000000000000000 ) ) ;
#3617 = EDGE_LOOP ( 'NONE', ( #2898, #2642, #5006, #5025 ) ) ;
#3618 = DIRECTION ( 'NONE',  ( -0.000000000000000000, -1.000000000000000000, -0.000000000000000000 ) ) ;
#3619 = DIRECTION ( 'NONE',  ( 1.000000000000000000, 0.000000000000000000, -2.168404344971008079E-15 ) ) ;
#3620 = CARTESIAN_POINT ( 'NONE',  ( 0.5000000000000008882, 0.1999999999999999833, 1.100000000000000089 ) ) ;
#3621 = VECTOR ( 'NONE', #733, 1000.000000000000000 ) ;
#3622 = CARTESIAN_POINT ( 'NONE',  ( 0.7000000000000005107, 0.6472135954999583829, -1.100000000000000089 ) ) ;
#3623 = ORIENTED_EDGE ( 'NONE', *, *, #1465, .F. ) ;
#3624 = VECTOR ( 'NONE', #3274, 1000.000000000000000 ) ;
#3625 = VECTOR ( 'NONE', #3619, 1000.000000000000000 ) ;
#3626 = LINE ( 'NONE', #4433, #3953 ) ;
#3627 = AXIS2_PLACEMENT_3D ( 'NONE', #3403, #3844, #1388 ) ;
#3628 = EDGE_CURVE ( 'NONE', #9, #4721, #6298, .T. ) ;
#3629 = PLANE ( 'NONE',  #2259 ) ;
#3630 = DIRECTION ( 'NONE',  ( 0.000000000000000000, -1.000000000000000000, 0.000000000000000000 ) ) ;
#3631 = ADVANCED_FACE ( 'NONE', ( #4130 ), #2903, .F. ) ;
#3632 = ORIENTED_EDGE ( 'NONE', *, *, #901, .T. ) ;
#3633 =( NAMED_UNIT ( * ) SI_UNIT ( $, .STERADIAN. ) SOLID_ANGLE_UNIT ( ) );
#3634 = CARTESIAN_POINT ( 'NONE',  ( 1.499999999999999112, 0.04999999999999969746, -0.09999999999999971412 ) ) ;
#3635 = LINE ( 'NONE', #1901, #3556 ) ;
#3636 = DIRECTION ( 'NONE',  ( 1.000000000000000000, -0.000000000000000000, 5.421010862427523156E-16 ) ) ;
#3637 = LINE ( 'NONE', #1566, #2535 ) ;
#3638 = PLANE ( 'NONE',  #3519 ) ;
#3639 = ORIENTED_EDGE ( 'NONE', *, *, #4198, .F. ) ;
#3640 = ADVANCED_FACE ( 'NONE', ( #5294 ), #3413, .F. ) ;
#3641 = VECTOR ( 'NONE', #3657, 1000.000000000000000 ) ;
#3642 = EDGE_CURVE ( 'NONE', #1522, #4567, #1486, .T. ) ;
#3643 = CARTESIAN_POINT ( 'NONE',  ( 0.000000000000000000, 0.2000000000000000111, 0.000000000000000000 ) ) ;
#3644 = ORIENTED_EDGE ( 'NONE', *, *, #1276, .F. ) ;
#3645 = DIRECTION ( 'NONE',  ( 0.000000000000000000, -1.000000000000000000, 0.000000000000000000 ) ) ;
#3646 = DIRECTION ( 'NONE',  ( 2.168404344971008079E-15, 0.000000000000000000, 1.000000000000000000 ) ) ;
#3647 = DIRECTION ( 'NONE',  ( 1.000000000000000000, -0.000000000000000000, 0.000000000000000000 ) ) ;
#3648 = DIRECTION ( 'NONE',  ( 0.000000000000000000, 0.000000000000000000, -1.000000000000000000 ) ) ;
#3649 = DIRECTION ( 'NONE',  ( -0.000000000000000000, -1.000000000000000000, -0.000000000000000000 ) ) ;
#3650 = ORIENTED_EDGE ( 'NONE', *, *, #2971, .F. ) ;
#3651 = DIRECTION ( 'NONE',  ( 0.000000000000000000, -1.000000000000000000, 0.000000000000000000 ) ) ;
#3652 = ORIENTED_EDGE ( 'NONE', *, *, #6348, .F. ) ;
#3653 = VECTOR ( 'NONE', #3370, 1000.000000000000000 ) ;
#3654 = VERTEX_POINT ( 'NONE', #5374 ) ;
#3655 = AXIS2_PLACEMENT_3D ( 'NONE', #5642, #5718, #6217 ) ;
#3656 = EDGE_CURVE ( 'NONE', #2327, #483, #6445, .T. ) ;
#3657 = DIRECTION ( 'NONE',  ( 1.000000000000000000, -0.000000000000000000, -2.168404344971010446E-15 ) ) ;
#3658 = ORIENTED_EDGE ( 'NONE', *, *, #5646, .T. ) ;
#3659 = ORIENTED_EDGE ( 'NONE', *, *, #1436, .T. ) ;
#3660 =( LENGTH_UNIT ( ) NAMED_UNIT ( * ) SI_UNIT ( .MILLI., .METRE. ) );
#3661 = CARTESIAN_POINT ( 'NONE',  ( 1.500000000000000444, 0.1999999999999996503, -0.5000000000000000000 ) ) ;
#3662 = VECTOR ( 'NONE', #4066, 1000.000000000000000 ) ;
#3663 = CARTESIAN_POINT ( 'NONE',  ( 0.9000000000000005773, 0.04999999999999999584, -1.100000000000000089 ) ) ;
#3664 = AXIS2_PLACEMENT_3D ( 'NONE', #3895, #450, #1896 ) ;
#3665 = ORIENTED_EDGE ( 'NONE', *, *, #2154, .F. ) ;
#3666 = FACE_OUTER_BOUND ( 'NONE', #329, .T. ) ;
#3667 = CARTESIAN_POINT ( 'NONE',  ( 0.000000000000000000, 0.2000000000000000111, 0.000000000000000000 ) ) ;
#3668 = FILL_AREA_STYLE_COLOUR ( '', #3222 ) ;
#3669 = CARTESIAN_POINT ( 'NONE',  ( 0.1000000000000008105, 0.2000000000000000111, 1.100000000000000089 ) ) ;
#3670 = ORIENTED_EDGE ( 'NONE', *, *, #5193, .T. ) ;
#3671 = CARTESIAN_POINT ( 'NONE',  ( 0.1000000000000005884, 0.2000000000000000111, -1.100000000000000089 ) ) ;
#3672 = CARTESIAN_POINT ( 'NONE',  ( -0.2999999999999992117, 0.2000000000000000111, 1.100000000000000089 ) ) ;
#3673 = ORIENTED_EDGE ( 'NONE', *, *, #3990, .F. ) ;
#3674 = CARTESIAN_POINT ( 'NONE',  ( 1.099999999999999201, 0.6472135954999579388, 0.1000000000000001582 ) ) ;
#3675 = PLANE ( 'NONE',  #1215 ) ;
#3676 = ORIENTED_EDGE ( 'NONE', *, *, #471, .T. ) ;
#3677 = FACE_OUTER_BOUND ( 'NONE', #4639, .T. ) ;
#3678 = AXIS2_PLACEMENT_3D ( 'NONE', #598, #5604, #3094 ) ;
#3679 = VERTEX_POINT ( 'NONE', #972 ) ;
#3680 = DIRECTION ( 'NONE',  ( -0.000000000000000000, -1.000000000000000000, -0.000000000000000000 ) ) ;
#3681 = ADVANCED_FACE ( 'NONE', ( #3096 ), #6367, .F. ) ;
#3682 = ORIENTED_EDGE ( 'NONE', *, *, #1380, .F. ) ;
#3683 = LINE ( 'NONE', #3615, #6168 ) ;
#3684 = DIRECTION ( 'NONE',  ( 5.421010862427523156E-16, 0.000000000000000000, 1.000000000000000000 ) ) ;
#3685 = DIRECTION ( 'NONE',  ( 1.000000000000000000, -0.000000000000000000, -1.445602896647339163E-16 ) ) ;
#3686 = DIRECTION ( 'NONE',  ( 1.000000000000000000, 0.000000000000000000, 0.000000000000000000 ) ) ;
#3687 = VERTEX_POINT ( 'NONE', #3879 ) ;
#3688 = EDGE_CURVE ( 'NONE', #1353, #5412, #1805, .T. ) ;
#3689 = VECTOR ( 'NONE', #3610, 1000.000000000000000 ) ;
#3690 = VERTEX_POINT ( 'NONE', #4477 ) ;
#3691 = CARTESIAN_POINT ( 'NONE',  ( 2.710505431213764536E-16, 0.05000000000000000278, -0.5000000000000005551 ) ) ;
#3692 = CARTESIAN_POINT ( 'NONE',  ( -0.6999999999999994005, 0.1999999999999999833, -1.100000000000000089 ) ) ;
#3693 = FACE_OUTER_BOUND ( 'NONE', #4634, .T. ) ;
#3694 = DIRECTION ( 'NONE',  ( 0.000000000000000000, -1.000000000000000000, 0.000000000000000000 ) ) ;
#3695 = DIRECTION ( 'NONE',  ( 5.421010862427523156E-16, 0.000000000000000000, 1.000000000000000000 ) ) ;
#3696 = DIRECTION ( 'NONE',  ( 0.000000000000000000, 0.000000000000000000, -1.000000000000000000 ) ) ;
#3697 = VERTEX_POINT ( 'NONE', #893 ) ;
#3698 = AXIS2_PLACEMENT_3D ( 'NONE', #3700, #5484, #553 ) ;
#3699 = VERTEX_POINT ( 'NONE', #1397 ) ;
#3700 = CARTESIAN_POINT ( 'NONE',  ( 1.499999999999999112, 0.6472135954999579388, -0.6999999999999998446 ) ) ;
#3701 = CARTESIAN_POINT ( 'NONE',  ( 0.8000000000000000444, 0.000000000000000000, 0.000000000000000000 ) ) ;
#3702 = ORIENTED_EDGE ( 'NONE', *, *, #1270, .T. ) ;
#3703 = DIRECTION ( 'NONE',  ( 0.000000000000000000, -0.000000000000000000, -1.000000000000000000 ) ) ;
#3704 = ORIENTED_EDGE ( 'NONE', *, *, #3512, .F. ) ;
#3705 = DIRECTION ( 'NONE',  ( 0.000000000000000000, 0.000000000000000000, -1.000000000000000000 ) ) ;
#3706 = SURFACE_STYLE_USAGE ( .BOTH. , #6178 ) ;
#3707 = CARTESIAN_POINT ( 'NONE',  ( -0.6999999999999996225, 0.6472135954999583829, -1.500000000000000000 ) ) ;
#3708 = LINE ( 'NONE', #4404, #5186 ) ;
#3709 = DIRECTION ( 'NONE',  ( 1.000000000000000000, 0.000000000000000000, 5.421010862427523156E-16 ) ) ;
#3710 = EDGE_CURVE ( 'NONE', #6360, #6265, #5444, .T. ) ;
#3711 = ORIENTED_EDGE ( 'NONE', *, *, #1875, .T. ) ;
#3712 = SURFACE_STYLE_FILL_AREA ( #2920 ) ;
#3713 = CARTESIAN_POINT ( 'NONE',  ( 0.9000000000000005773, 0.2000000000000000111, -1.100000000000000089 ) ) ;
#3714 = ADVANCED_FACE ( 'NONE', ( #6137 ), #5393, .T. ) ;
#3715 = LINE ( 'NONE', #3930, #2384 ) ;
#3716 = EDGE_CURVE ( 'NONE', #4470, #3759, #5674, .T. ) ;
#3717 = CARTESIAN_POINT ( 'NONE',  ( 1.499999999999999112, 0.1999999999999999833, 0.1000000000000001582 ) ) ;
#3718 = MECHANICAL_DESIGN_GEOMETRIC_PRESENTATION_REPRESENTATION (  '', ( #3375 ), #5715 ) ;
#3719 = CARTESIAN_POINT ( 'NONE',  ( 1.099999999999999201, 0.000000000000000000, -0.2999999999999998779 ) ) ;
#3720 = CARTESIAN_POINT ( 'NONE',  ( 1.099999999999999201, 0.1999999999999999833, 0.9000000000000002442 ) ) ;
#3721 = ORIENTED_EDGE ( 'NONE', *, *, #2040, .F. ) ;
#3722 = LINE ( 'NONE', #1290, #2389 ) ;
#3723 = VECTOR ( 'NONE', #4214, 1000.000000000000000 ) ;
#3724 = DIRECTION ( 'NONE',  ( -0.000000000000000000, -1.000000000000000000, -0.000000000000000000 ) ) ;
#3725 = ORIENTED_EDGE ( 'NONE', *, *, #1983, .F. ) ;
#3726 = AXIS2_PLACEMENT_3D ( 'NONE', #2091, #4171, #1635 ) ;
#3727 = LINE ( 'NONE', #1033, #1545 ) ;
#3728 = CARTESIAN_POINT ( 'NONE',  ( 1.099999999999999201, 0.1999999999999999833, -0.2999999999999998779 ) ) ;
#3729 = EDGE_CURVE ( 'NONE', #4590, #943, #4681, .T. ) ;
#3730 = DIRECTION ( 'NONE',  ( -1.000000000000000000, 0.000000000000000000, 2.168404344971010446E-15 ) ) ;
#3731 = CARTESIAN_POINT ( 'NONE',  ( 1.099999999999999201, 0.05000000000000000278, 0.000000000000000000 ) ) ;
#3732 = VERTEX_POINT ( 'NONE', #5465 ) ;
#3733 = DIRECTION ( 'NONE',  ( 0.000000000000000000, 0.000000000000000000, -1.000000000000000000 ) ) ;
#3734 = DIRECTION ( 'NONE',  ( 0.000000000000000000, 0.000000000000000000, -1.000000000000000000 ) ) ;
#3735 = VERTEX_POINT ( 'NONE', #5069 ) ;
#3736 = ORIENTED_EDGE ( 'NONE', *, *, #443, .T. ) ;
#3737 = EDGE_CURVE ( 'NONE', #80, #2533, #782, .T. ) ;
#3738 = DIRECTION ( 'NONE',  ( 0.000000000000000000, 0.000000000000000000, -1.000000000000000000 ) ) ;
#3739 = UNCERTAINTY_MEASURE_WITH_UNIT (LENGTH_MEASURE( 1.000000000000000082E-05 ), #4617, 'distance_accuracy_value', 'NONE');
#3740 = CARTESIAN_POINT ( 'NONE',  ( -1.499999999999999112, 0.6472135954999580498, -0.2999999999999998779 ) ) ;
#3741 = EDGE_LOOP ( 'NONE', ( #2486, #873, #3206, #4311 ) ) ;
#3742 = DIRECTION ( 'NONE',  ( 0.000000000000000000, 0.000000000000000000, -1.000000000000000000 ) ) ;
#3743 = DIRECTION ( 'NONE',  ( -2.168404344971010446E-15, 0.000000000000000000, -1.000000000000000000 ) ) ;
#3744 = DIRECTION ( 'NONE',  ( -1.000000000000000000, 0.000000000000000000, 0.000000000000000000 ) ) ;
#3745 = FACE_OUTER_BOUND ( 'NONE', #4906, .T. ) ;
#3746 = VECTOR ( 'NONE', #531, 1000.000000000000000 ) ;
#3747 = DIRECTION ( 'NONE',  ( -0.000000000000000000, -1.000000000000000000, -0.000000000000000000 ) ) ;
#3748 = ORIENTED_EDGE ( 'NONE', *, *, #1448, .T. ) ;
#3749 = AXIS2_PLACEMENT_3D ( 'NONE', #4961, #5924, #3402 ) ;
#3750 = ADVANCED_FACE ( 'NONE', ( #1328 ), #1073, .F. ) ;
#3751 = VECTOR ( 'NONE', #4362, 1000.000000000000000 ) ;
#3752 = CARTESIAN_POINT ( 'NONE',  ( 1.099999999999999201, 0.000000000000000000, 0.9000000000000002442 ) ) ;
#3753 = VERTEX_POINT ( 'NONE', #5523 ) ;
#3754 = CARTESIAN_POINT ( 'NONE',  ( -1.499999999999999556, 0.1999999999999996503, 0.1000000000000002554 ) ) ;
#3755 = FACE_OUTER_BOUND ( 'NONE', #3984, .T. ) ;
#3756 = DIRECTION ( 'NONE',  ( -1.000000000000000000, 0.000000000000000000, 0.000000000000000000 ) ) ;
#3757 = PRESENTATION_LAYER_ASSIGNMENT (  '', '', ( #2950 ) ) ;
#3758 = VERTEX_POINT ( 'NONE', #2001 ) ;
#3759 = VERTEX_POINT ( 'NONE', #3009 ) ;
#3760 = PLANE ( 'NONE',  #6208 ) ;
#3761 = ORIENTED_EDGE ( 'NONE', *, *, #3396, .T. ) ;
#3762 = DIRECTION ( 'NONE',  ( 0.000000000000000000, -0.000000000000000000, -1.000000000000000000 ) ) ;
#3763 = VECTOR ( 'NONE', #3465, 1000.000000000000000 ) ;
#3764 = CARTESIAN_POINT ( 'NONE',  ( 0.8499999999999997558, 2.604163056034261903, 0.8500000000000001998 ) ) ;
#3765 = CARTESIAN_POINT ( 'NONE',  ( 0.3000000000000004885, 0.05000000000000000278, -8.131516293641298046E-17 ) ) ;
#3766 = ORIENTED_EDGE ( 'NONE', *, *, #4283, .T. ) ;
#3767 = FACE_OUTER_BOUND ( 'NONE', #5022, .T. ) ;
#3768 = EDGE_CURVE ( 'NONE', #1627, #5994, #3108, .T. ) ;
#3769 = VERTEX_POINT ( 'NONE', #37 ) ;
#3770 = CARTESIAN_POINT ( 'NONE',  ( 0.9000000000000005773, 0.2000000000000000111, -1.100000000000000089 ) ) ;
#3771 = CARTESIAN_POINT ( 'NONE',  ( 0.4000000000000000222, 0.2000000000000000111, 0.000000000000000000 ) ) ;
#3772 = CARTESIAN_POINT ( 'NONE',  ( -0.2999999999999992117, 0.2000000000000000111, 1.100000000000000089 ) ) ;
#3773 = ORIENTED_EDGE ( 'NONE', *, *, #649, .T. ) ;
#3774 = EDGE_CURVE ( 'NONE', #4858, #3417, #5912, .T. ) ;
#3775 = FACE_OUTER_BOUND ( 'NONE', #3337, .T. ) ;
#3776 = LINE ( 'NONE', #3358, #6407 ) ;
#3777 = CARTESIAN_POINT ( 'NONE',  ( -0.8999999999999993561, 0.1999999999999999833, 1.100000000000000533 ) ) ;
#3778 = ADVANCED_FACE ( 'NONE', ( #5835 ), #17, .F. ) ;
#3779 = ORIENTED_EDGE ( 'NONE', *, *, #4304, .T. ) ;
#3780 = CARTESIAN_POINT ( 'NONE',  ( 0.1000000000000008105, 0.2000000000000000111, 1.100000000000000089 ) ) ;
#3781 = ORIENTED_EDGE ( 'NONE', *, *, #3474, .T. ) ;
#3782 = CARTESIAN_POINT ( 'NONE',  ( -1.499999999999999112, 0.6472135954999579388, -0.09999999999999971412 ) ) ;
#3783 = DIRECTION ( 'NONE',  ( 0.000000000000000000, 0.000000000000000000, 1.000000000000000000 ) ) ;
#3784 = VECTOR ( 'NONE', #5439, 1000.000000000000000 ) ;
#3785 = ORIENTED_EDGE ( 'NONE', *, *, #1796, .F. ) ;
#3786 = EDGE_CURVE ( 'NONE', #2247, #310, #4314, .T. ) ;
#3787 = ORIENTED_EDGE ( 'NONE', *, *, #4093, .T. ) ;
#3788 = LINE ( 'NONE', #3282, #5269 ) ;
#3789 = ORIENTED_EDGE ( 'NONE', *, *, #5786, .T. ) ;
#3790 = PLANE ( 'NONE',  #3538 ) ;
#3791 = AXIS2_PLACEMENT_3D ( 'NONE', #5368, #4473, #384 ) ;
#3792 = VECTOR ( 'NONE', #3342, 1000.000000000000000 ) ;
#3793 = LINE ( 'NONE', #5801, #831 ) ;
#3794 = VECTOR ( 'NONE', #5594, 1000.000000000000000 ) ;
#3795 = PLANE ( 'NONE',  #1369 ) ;
#3796 = ORIENTED_EDGE ( 'NONE', *, *, #2727, .F. ) ;
#3797 = VECTOR ( 'NONE', #897, 1000.000000000000000 ) ;
#3798 = EDGE_CURVE ( 'NONE', #2426, #1181, #2178, .T. ) ;
#3799 = DIRECTION ( 'NONE',  ( 0.000000000000000000, -0.000000000000000000, 1.000000000000000000 ) ) ;
#3800 = DIRECTION ( 'NONE',  ( 0.000000000000000000, -1.000000000000000000, 0.000000000000000000 ) ) ;
#3801 = DIRECTION ( 'NONE',  ( 0.000000000000000000, -0.000000000000000000, -1.000000000000000000 ) ) ;
#3802 = ORIENTED_EDGE ( 'NONE', *, *, #1358, .F. ) ;
#3803 = VECTOR ( 'NONE', #149, 1000.000000000000000 ) ;
#3804 = VERTEX_POINT ( 'NONE', #1519 ) ;
#3805 = DIRECTION ( 'NONE',  ( 0.000000000000000000, 0.000000000000000000, 1.000000000000000000 ) ) ;
#3806 = ADVANCED_FACE ( 'NONE', ( #4695 ), #5549, .T. ) ;
#3807 = ORIENTED_EDGE ( 'NONE', *, *, #549, .F. ) ;
#3808 = EDGE_CURVE ( 'NONE', #4375, #2955, #3195, .T. ) ;
#3809 = CARTESIAN_POINT ( 'NONE',  ( 0.5000000000000004441, 0.6472135954999583829, -1.500000000000000000 ) ) ;
#3810 = ORIENTED_EDGE ( 'NONE', *, *, #4868, .F. ) ;
#3811 = LINE ( 'NONE', #1978, #999 ) ;
#3812 = ORIENTED_EDGE ( 'NONE', *, *, #1631, .F. ) ;
#3813 = DIRECTION ( 'NONE',  ( -1.000000000000000000, 0.000000000000000000, -5.421010862427523156E-16 ) ) ;
#3814 = UNCERTAINTY_MEASURE_WITH_UNIT (LENGTH_MEASURE( 1.000000000000000082E-05 ), #722, 'distance_accuracy_value', 'NONE');
#3815 = ORIENTED_EDGE ( 'NONE', *, *, #4887, .F. ) ;
#3816 = CARTESIAN_POINT ( 'NONE',  ( 0.1000000000000003664, 0.04999999999999969746, -1.500000000000000000 ) ) ;
#3817 = VECTOR ( 'NONE', #2089, 1000.000000000000000 ) ;
#3818 = VECTOR ( 'NONE', #3456, 1000.000000000000000 ) ;
#3819 = EDGE_CURVE ( 'NONE', #4848, #6391, #238, .T. ) ;
#3820 = DIRECTION ( 'NONE',  ( -1.000000000000000000, 0.000000000000000000, 0.000000000000000000 ) ) ;
#3821 = DIRECTION ( 'NONE',  ( -0.000000000000000000, -1.000000000000000000, -0.000000000000000000 ) ) ;
#3822 = CARTESIAN_POINT ( 'NONE',  ( 1.499999999999999112, 0.000000000000000000, -0.2999999999999998779 ) ) ;
#3823 = ORIENTED_EDGE ( 'NONE', *, *, #6010, .F. ) ;
#3824 = DIRECTION ( 'NONE',  ( 1.000000000000000000, 0.000000000000000000, 0.000000000000000000 ) ) ;
#3825 = ORIENTED_EDGE ( 'NONE', *, *, #5975, .T. ) ;
#3826 = EDGE_LOOP ( 'NONE', ( #3186, #4366, #1595, #4880 ) ) ;
#3827 = AXIS2_PLACEMENT_3D ( 'NONE', #1592, #1687, #5122 ) ;
#3828 = ORIENTED_EDGE ( 'NONE', *, *, #5551, .T. ) ;
#3829 = LINE ( 'NONE', #100, #4392 ) ;
#3830 = EDGE_CURVE ( 'NONE', #1842, #5612, #5142, .T. ) ;
#3831 = EDGE_CURVE ( 'NONE', #6080, #5734, #387, .T. ) ;
#3832 = CARTESIAN_POINT ( 'NONE',  ( 1.099999999999999201, 0.6472135954999579388, -0.6999999999999998446 ) ) ;
#3833 = ORIENTED_EDGE ( 'NONE', *, *, #2240, .T. ) ;
#3834 = VERTEX_POINT ( 'NONE', #3981 ) ;
#3835 = DIRECTION ( 'NONE',  ( 0.000000000000000000, -0.000000000000000000, 1.000000000000000000 ) ) ;
#3836 = FACE_OUTER_BOUND ( 'NONE', #3339, .T. ) ;
#3837 = CARTESIAN_POINT ( 'NONE',  ( 0.5000000000000004441, 0.000000000000000000, -1.500000000000000000 ) ) ;
#3838 = ADVANCED_FACE ( 'NONE', ( #699 ), #4993, .T. ) ;
#3839 = ORIENTED_EDGE ( 'NONE', *, *, #4409, .T. ) ;
#3840 = CARTESIAN_POINT ( 'NONE',  ( -0.2999999999999992117, 0.6472135954999583829, 1.100000000000000089 ) ) ;
#3841 = LINE ( 'NONE', #105, #270 ) ;
#3842 = DIRECTION ( 'NONE',  ( 1.000000000000000000, -0.000000000000000000, 0.000000000000000000 ) ) ;
#3843 = PLANE ( 'NONE',  #195 ) ;
#3844 = DIRECTION ( 'NONE',  ( 2.168404344971008079E-15, -0.000000000000000000, 1.000000000000000000 ) ) ;
#3845 = ORIENTED_EDGE ( 'NONE', *, *, #1785, .T. ) ;
#3846 = PRESENTATION_LAYER_ASSIGNMENT (  '', '', ( #4865 ) ) ;
#3847 = CARTESIAN_POINT ( 'NONE',  ( -0.6999999999999992895, 0.2000000000000000111, 1.500000000000000000 ) ) ;
#3848 = EDGE_CURVE ( 'NONE', #1143, #2148, #6378, .T. ) ;
#3849 = VECTOR ( 'NONE', #2317, 1000.000000000000000 ) ;
#3850 = VERTEX_POINT ( 'NONE', #6146 ) ;
#3851 = EDGE_LOOP ( 'NONE', ( #1121, #2037, #1675, #4845 ) ) ;
#3852 = CARTESIAN_POINT ( 'NONE',  ( 1.099999999999999201, 0.05000000000000000278, 0.000000000000000000 ) ) ;
#3853 = VECTOR ( 'NONE', #4184, 1000.000000000000000 ) ;
#3854 = CARTESIAN_POINT ( 'NONE',  ( 1.499999999999999112, 0.2000000000000000944, -0.4999999999999997780 ) ) ;
#3855 = ORIENTED_EDGE ( 'NONE', *, *, #2586, .T. ) ;
#3856 = EDGE_CURVE ( 'NONE', #2376, #5189, #1336, .T. ) ;
#3857 = EDGE_LOOP ( 'NONE', ( #3539, #1088, #4391, #728 ) ) ;
#3858 = CARTESIAN_POINT ( 'NONE',  ( 1.099999999999999201, 0.1999999999999999833, 0.7000000000000000666 ) ) ;
#3859 = LINE ( 'NONE', #3166, #2687 ) ;
#3860 = LINE ( 'NONE', #396, #1292 ) ;
#3861 = CARTESIAN_POINT ( 'NONE',  ( 0.7000000000000007327, 0.2000000000000000111, 1.100000000000000533 ) ) ;
#3862 = CARTESIAN_POINT ( 'NONE',  ( -0.09999999999999917288, 0.1999999999999999833, 1.500000000000000444 ) ) ;
#3863 = CARTESIAN_POINT ( 'NONE',  ( -0.6999999999999992895, 0.000000000000000000, 1.500000000000000000 ) ) ;
#3864 = ORIENTED_EDGE ( 'NONE', *, *, #5940, .T. ) ;
#3866 = CARTESIAN_POINT ( 'NONE',  ( -1.099999999999999201, 0.1999999999999999833, 0.9000000000000002442 ) ) ;
#3865 = DIRECTION ( 'NONE',  ( 0.000000000000000000, 0.000000000000000000, 1.000000000000000000 ) ) ;
#3867 = LINE ( 'NONE', #6022, #3624 ) ;
#3868 = STYLED_ITEM ( 'NONE', ( #5953 ), #1220 ) ;
#3869 = DIRECTION ( 'NONE',  ( -0.000000000000000000, -1.000000000000000000, -0.000000000000000000 ) ) ;
#3870 = VECTOR ( 'NONE', #4881, 1000.000000000000000 ) ;
#3871 = EDGE_CURVE ( 'NONE', #4216, #995, #5509, .T. ) ;
#3872 = DIRECTION ( 'NONE',  ( 0.000000000000000000, -1.000000000000000000, 0.000000000000000000 ) ) ;
#3873 = CARTESIAN_POINT ( 'NONE',  ( 1.500000000000000444, 0.05000000000000000278, -1.500000000000000000 ) ) ;
#3874 = ORIENTED_EDGE ( 'NONE', *, *, #2929, .T. ) ;
#3875 = ADVANCED_FACE ( 'NONE', ( #4383 ), #5811, .F. ) ;
#3876 = LINE ( 'NONE', #4752, #4753 ) ;
#3877 = LINE ( 'NONE', #165, #5560 ) ;
#3878 = LINE ( 'NONE', #1261, #2854 ) ;
#3879 = CARTESIAN_POINT ( 'NONE',  ( 0.7000000000000005107, 0.000000000000000000, -1.100000000000000089 ) ) ;
#3880 = CARTESIAN_POINT ( 'NONE',  ( 0.3000000000000005440, 0.000000000000000000, -1.500000000000000000 ) ) ;
#3881 = DIRECTION ( 'NONE',  ( -0.000000000000000000, -1.000000000000000000, -0.000000000000000000 ) ) ;
#3882 = AXIS2_PLACEMENT_3D ( 'NONE', #4675, #4317, #1243 ) ;
#3883 = ORIENTED_EDGE ( 'NONE', *, *, #1561, .F. ) ;
#3884 = CARTESIAN_POINT ( 'NONE',  ( -1.499999999999999112, 0.6472135954999579388, 0.9000000000000002442 ) ) ;
#3885 = LINE ( 'NONE', #1678, #1392 ) ;
#3886 = ORIENTED_EDGE ( 'NONE', *, *, #574, .F. ) ;
#3887 = DIRECTION ( 'NONE',  ( 1.000000000000000000, -0.000000000000000000, -0.000000000000000000 ) ) ;
#3888 = STYLED_ITEM ( 'NONE', ( #2383 ), #4981 ) ;
#3889 = ORIENTED_EDGE ( 'NONE', *, *, #809, .F. ) ;
#3890 = DIRECTION ( 'NONE',  ( 0.000000000000000000, 0.000000000000000000, 1.000000000000000000 ) ) ;
#3891 = ORIENTED_EDGE ( 'NONE', *, *, #6017, .F. ) ;
#3892 = CARTESIAN_POINT ( 'NONE',  ( 0.000000000000000000, 0.05000000000000000278, 0.5000000000000002220 ) ) ;
#3893 = ORIENTED_EDGE ( 'NONE', *, *, #4120, .F. ) ;
#3894 =( LENGTH_UNIT ( ) NAMED_UNIT ( * ) SI_UNIT ( .MILLI., .METRE. ) );
#3895 = CARTESIAN_POINT ( 'NONE',  ( 0.8499999999999997558, 2.604163056034261903, -0.8499999999999997558 ) ) ;
#3896 = ORIENTED_EDGE ( 'NONE', *, *, #740, .F. ) ;
#3897 = LINE ( 'NONE', #2028, #5508 ) ;
#3898 = VECTOR ( 'NONE', #2494, 1000.000000000000000 ) ;
#3899 = EDGE_CURVE ( 'NONE', #2580, #5128, #537, .T. ) ;
#3900 = CARTESIAN_POINT ( 'NONE',  ( -0.8999999999999995781, 0.1999999999999999833, -1.500000000000000000 ) ) ;
#3901 = ORIENTED_EDGE ( 'NONE', *, *, #6198, .F. ) ;
#3902 = VECTOR ( 'NONE', #4205, 1000.000000000000000 ) ;
#3903 = EDGE_CURVE ( 'NONE', #4278, #2176, #1729, .T. ) ;
#3904 = CARTESIAN_POINT ( 'NONE',  ( 0.5000000000000006661, 0.6472135954999583829, -1.100000000000000089 ) ) ;
#3905 = DIRECTION ( 'NONE',  ( -1.000000000000000000, 0.000000000000000000, -0.000000000000000000 ) ) ;
#3906 = ADVANCED_FACE ( 'NONE', ( #1168 ), #1985, .F. ) ;
#3907 = ORIENTED_EDGE ( 'NONE', *, *, #3831, .F. ) ;
#3908 = AXIS2_PLACEMENT_3D ( 'NONE', #2860, #913, #5390 ) ;
#3909 = FACE_OUTER_BOUND ( 'NONE', #1238, .T. ) ;
#3910 = EDGE_CURVE ( 'NONE', #4297, #6360, #1879, .T. ) ;
#3911 = DIRECTION ( 'NONE',  ( 1.000000000000000000, -0.000000000000000000, -0.000000000000000000 ) ) ;
#3912 = ORIENTED_EDGE ( 'NONE', *, *, #6372, .T. ) ;
#3913 = ORIENTED_EDGE ( 'NONE', *, *, #2257, .T. ) ;
#3914 = CARTESIAN_POINT ( 'NONE',  ( 0.9000000000000007994, 0.1999999999999999833, 1.100000000000000089 ) ) ;
#3915 = VERTEX_POINT ( 'NONE', #2474 ) ;
#3916 = VECTOR ( 'NONE', #2538, 1000.000000000000000 ) ;
#3917 = DIRECTION ( 'NONE',  ( 0.000000000000000000, 0.000000000000000000, -1.000000000000000000 ) ) ;
#3918 = DIRECTION ( 'NONE',  ( -1.000000000000000000, 0.000000000000000000, 0.000000000000000000 ) ) ;
#3919 = AXIS2_PLACEMENT_3D ( 'NONE', #4927, #3447, #969 ) ;
#3920 = VERTEX_POINT ( 'NONE', #1467 ) ;
#3921 = PLANE ( 'NONE',  #4185 ) ;
#3922 = VECTOR ( 'NONE', #1456, 1000.000000000000000 ) ;
#3923 = EDGE_CURVE ( 'NONE', #4379, #2715, #5299, .T. ) ;
#3924 = CARTESIAN_POINT ( 'NONE',  ( 0.3000000000000005440, 0.2000000000000000111, -1.100000000000000089 ) ) ;
#3925 = DIRECTION ( 'NONE',  ( 0.000000000000000000, 0.000000000000000000, -1.000000000000000000 ) ) ;
#3926 = ORIENTED_EDGE ( 'NONE', *, *, #6163, .T. ) ;
#3927 = EDGE_CURVE ( 'NONE', #325, #4297, #1248, .T. ) ;
#3928 = LINE ( 'NONE', #3107, #3689 ) ;
#3929 = ORIENTED_EDGE ( 'NONE', *, *, #2883, .F. ) ;
#3930 = CARTESIAN_POINT ( 'NONE',  ( -1.499999999999999112, 0.1999999999999999833, 0.9000000000000002442 ) ) ;
#3931 = LINE ( 'NONE', #5104, #730 ) ;
#3932 = COLOUR_RGB ( '',0.7921568627450980005, 0.8196078431372548767, 0.9333333333333333481 ) ;
#3933 = CARTESIAN_POINT ( 'NONE',  ( -1.499999999999999556, 0.05000000000000000278, 1.500000000000000444 ) ) ;
#3934 = ORIENTED_EDGE ( 'NONE', *, *, #5282, .F. ) ;
#3935 = AXIS2_PLACEMENT_3D ( 'NONE', #6278, #3425, #3865 ) ;
#3936 = VERTEX_POINT ( 'NONE', #2006 ) ;
#3937 = DIRECTION ( 'NONE',  ( -0.000000000000000000, 0.000000000000000000, 1.000000000000000000 ) ) ;
#3938 = EDGE_CURVE ( 'NONE', #3834, #3732, #1560, .T. ) ;
#3939 = ADVANCED_FACE ( 'NONE', ( #6306 ), #6411, .F. ) ;
#3940 = VECTOR ( 'NONE', #522, 1000.000000000000000 ) ;
#3941 = CARTESIAN_POINT ( 'NONE',  ( 1.499999999999999112, 0.6472135954999579388, -0.09999999999999971412 ) ) ;
#3942 = DIRECTION ( 'NONE',  ( -0.000000000000000000, -1.000000000000000000, -0.000000000000000000 ) ) ;
#3943 = SURFACE_STYLE_USAGE ( .BOTH. , #811 ) ;
#3944 = ORIENTED_EDGE ( 'NONE', *, *, #418, .T. ) ;
#3945 = VECTOR ( 'NONE', #5222, 1000.000000000000000 ) ;
#3946 = LINE ( 'NONE', #2672, #2989 ) ;
#3947 = VECTOR ( 'NONE', #3783, 1000.000000000000000 ) ;
#3948 = EDGE_CURVE ( 'NONE', #3097, #6090, #5224, .T. ) ;
#3949 = EDGE_LOOP ( 'NONE', ( #4835, #5449, #5745, #4204 ) ) ;
#3950 = DIRECTION ( 'NONE',  ( -1.000000000000000000, 0.000000000000000000, -0.000000000000000000 ) ) ;
#3951 = LINE ( 'NONE', #5772, #1306 ) ;
#3952 = LINE ( 'NONE', #4767, #591 ) ;
#3953 = VECTOR ( 'NONE', #642, 1000.000000000000000 ) ;
#3954 = CARTESIAN_POINT ( 'NONE',  ( 0.5000000000000008882, 0.04999999999999999584, 1.100000000000000089 ) ) ;
#3955 = ADVANCED_FACE ( 'NONE', ( #5684 ), #5981, .F. ) ;
#3956 = ORIENTED_EDGE ( 'NONE', *, *, #3237, .T. ) ;
#3957 = CARTESIAN_POINT ( 'NONE',  ( 1.499999999999999112, 0.1999999999999999833, 0.5000000000000002220 ) ) ;
#3958 = DIRECTION ( 'NONE',  ( 1.000000000000000000, 0.000000000000000000, 0.000000000000000000 ) ) ;
#3959 = EDGE_CURVE ( 'NONE', #3299, #157, #5844, .T. ) ;
#3960 = ORIENTED_EDGE ( 'NONE', *, *, #5774, .T. ) ;
#3961 = DIRECTION ( 'NONE',  ( 0.000000000000000000, -0.000000000000000000, 1.000000000000000000 ) ) ;
#3962 = SURFACE_STYLE_FILL_AREA ( #2440 ) ;
#3963 = ORIENTED_EDGE ( 'NONE', *, *, #2434, .F. ) ;
#3964 = AXIS2_PLACEMENT_3D ( 'NONE', #1404, #5878, #2868 ) ;
#3965 = EDGE_LOOP ( 'NONE', ( #3889, #5838, #2129, #3833 ) ) ;
#3966 = ORIENTED_EDGE ( 'NONE', *, *, #855, .F. ) ;
#3967 = DIRECTION ( 'NONE',  ( 0.000000000000000000, 0.000000000000000000, 1.000000000000000000 ) ) ;
#3968 = CARTESIAN_POINT ( 'NONE',  ( -0.8999999999999995781, 0.000000000000000000, -1.100000000000000089 ) ) ;
#3969 = ADVANCED_FACE ( 'NONE', ( #4851 ), #1422, .T. ) ;
#3970 = FACE_OUTER_BOUND ( 'NONE', #3455, .T. ) ;
#3971 = DIRECTION ( 'NONE',  ( 0.000000000000000000, 0.000000000000000000, -1.000000000000000000 ) ) ;
#3972 = ORIENTED_EDGE ( 'NONE', *, *, #574, .T. ) ;
#3973 = DIRECTION ( 'NONE',  ( -2.710505431213761578E-16, 0.000000000000000000, 1.000000000000000000 ) ) ;
#3974 = EDGE_CURVE ( 'NONE', #6404, #3097, #2547, .T. ) ;
#3975 = ORIENTED_EDGE ( 'NONE', *, *, #1055, .T. ) ;
#3976 = FACE_OUTER_BOUND ( 'NONE', #3826, .T. ) ;
#3977 = VECTOR ( 'NONE', #4027, 1000.000000000000000 ) ;
#3978 = CARTESIAN_POINT ( 'NONE',  ( 1.099999999999999201, 0.000000000000000000, 0.1000000000000001582 ) ) ;
#3979 = CARTESIAN_POINT ( 'NONE',  ( 0.1000000000000005884, 0.6472135954999583829, -1.100000000000000089 ) ) ;
#3980 = ORIENTED_EDGE ( 'NONE', *, *, #2110, .F. ) ;
#3981 = CARTESIAN_POINT ( 'NONE',  ( 1.500000000000000444, 0.1999999999999996503, -0.8999999999999998002 ) ) ;
#3982 = EDGE_CURVE ( 'NONE', #529, #4332, #2641, .T. ) ;
#3983 = ADVANCED_FACE ( 'NONE', ( #4998 ), #603, .F. ) ;
#3984 = EDGE_LOOP ( 'NONE', ( #3022, #1195, #3748, #6287 ) ) ;
#3985 = ORIENTED_EDGE ( 'NONE', *, *, #309, .T. ) ;
#3986 = FACE_OUTER_BOUND ( 'NONE', #1425, .T. ) ;
#3987 = CARTESIAN_POINT ( 'NONE',  ( 1.499999999999999112, 0.6472135954999579388, 0.1000000000000001582 ) ) ;
#3988 = ORIENTED_EDGE ( 'NONE', *, *, #4161, .F. ) ;
#3989 = ORIENTED_EDGE ( 'NONE', *, *, #4939, .F. ) ;
#3990 = EDGE_CURVE ( 'NONE', #380, #2713, #2344, .T. ) ;
#3991 = LINE ( 'NONE', #4554, #2817 ) ;
#3992 = DIRECTION ( 'NONE',  ( 0.000000000000000000, 1.000000000000000000, 0.000000000000000000 ) ) ;
#3993 = DIRECTION ( 'NONE',  ( -0.000000000000000000, -0.000000000000000000, 1.000000000000000000 ) ) ;
#3994 = ORIENTED_EDGE ( 'NONE', *, *, #588, .F. ) ;
#3995 = DIRECTION ( 'NONE',  ( -0.000000000000000000, 0.000000000000000000, 1.000000000000000000 ) ) ;
#3996 = CARTESIAN_POINT ( 'NONE',  ( 0.000000000000000000, 0.05000000000000000278, 0.000000000000000000 ) ) ;
#3997 = SURFACE_STYLE_FILL_AREA ( #4126 ) ;
#3998 = ADVANCED_FACE ( 'NONE', ( #3495 ), #123, .T. ) ;
#3999 = CARTESIAN_POINT ( 'NONE',  ( -0.8999999999999993561, 0.000000000000000000, 1.100000000000000533 ) ) ;
#4000 = ORIENTED_EDGE ( 'NONE', *, *, #2810, .T. ) ;
#4001 = FACE_OUTER_BOUND ( 'NONE', #6440, .T. ) ;
#4002 = EDGE_LOOP ( 'NONE', ( #6182, #4975, #3477, #3426 ) ) ;
#4003 = VERTEX_POINT ( 'NONE', #6002 ) ;
#4004 = DIRECTION ( 'NONE',  ( 5.421010862427523156E-16, 0.000000000000000000, 1.000000000000000000 ) ) ;
#4005 = VECTOR ( 'NONE', #3645, 1000.000000000000000 ) ;
#4006 = DIRECTION ( 'NONE',  ( 2.710505431213761578E-16, -0.000000000000000000, -1.000000000000000000 ) ) ;
#4007 = VERTEX_POINT ( 'NONE', #3016 ) ;
#4008 = DIRECTION ( 'NONE',  ( 2.168404344971008079E-15, 0.000000000000000000, 1.000000000000000000 ) ) ;
#4009 = CARTESIAN_POINT ( 'NONE',  ( 0.7000000000000008438, 0.000000000000000000, 1.500000000000000444 ) ) ;
#4010 = MANIFOLD_SOLID_BREP ( 'LPattern3[1]', #2635 ) ;
#4011 = ORIENTED_EDGE ( 'NONE', *, *, #6010, .T. ) ;
#4012 = ADVANCED_FACE ( 'NONE', ( #4536 ), #4094, .T. ) ;
#4013 = FACE_OUTER_BOUND ( 'NONE', #1022, .T. ) ;
#4014 = LINE ( 'NONE', #3719, #3621 ) ;
#4015 = DIRECTION ( 'NONE',  ( -0.000000000000000000, -0.000000000000000000, 1.000000000000000000 ) ) ;
#4016 = EDGE_CURVE ( 'NONE', #4707, #6416, #1420, .T. ) ;
#4017 = DIRECTION ( 'NONE',  ( 1.000000000000000000, 0.000000000000000000, 0.000000000000000000 ) ) ;
#4018 = ORIENTED_EDGE ( 'NONE', *, *, #4152, .F. ) ;
#4019 = DIRECTION ( 'NONE',  ( 0.000000000000000000, 1.000000000000000000, 0.000000000000000000 ) ) ;
#4020 = VECTOR ( 'NONE', #4015, 1000.000000000000000 ) ;
#4021 = DIRECTION ( 'NONE',  ( 0.000000000000000000, 1.000000000000000000, 0.000000000000000000 ) ) ;
#4022 = DIRECTION ( 'NONE',  ( 0.000000000000000000, 0.000000000000000000, -1.000000000000000000 ) ) ;
#4023 = ORIENTED_EDGE ( 'NONE', *, *, #1832, .T. ) ;
#4024 = LINE ( 'NONE', #6267, #5202 ) ;
#4025 = STYLED_ITEM ( 'NONE', ( #6214 ), #137 ) ;
#4026 = SURFACE_STYLE_FILL_AREA ( #5305 ) ;
#4027 = DIRECTION ( 'NONE',  ( -1.000000000000000000, 0.000000000000000000, 0.000000000000000000 ) ) ;
#4028 = ADVANCED_FACE ( 'NONE', ( #713 ), #5037, .F. ) ;
#4029 = ORIENTED_EDGE ( 'NONE', *, *, #2240, .F. ) ;
#4030 = CARTESIAN_POINT ( 'NONE',  ( -1.099999999999999201, 0.6472135954999579388, 0.9000000000000002442 ) ) ;
#4031 = VECTOR ( 'NONE', #3705, 1000.000000000000000 ) ;
#4032 = FACE_OUTER_BOUND ( 'NONE', #5350, .T. ) ;
#4033 = DIRECTION ( 'NONE',  ( 0.000000000000000000, 0.000000000000000000, -1.000000000000000000 ) ) ;
#4034 = DIRECTION ( 'NONE',  ( 0.000000000000000000, 1.000000000000000000, 0.000000000000000000 ) ) ;
#4035 = CLOSED_SHELL ( 'NONE', ( #5584, #6283, #4326, #1036, #3102, #2278 ) ) ;
#4036 = DIRECTION ( 'NONE',  ( 0.000000000000000000, 0.000000000000000000, -1.000000000000000000 ) ) ;
#4037 = ORIENTED_EDGE ( 'NONE', *, *, #5111, .F. ) ;
#4038 = EDGE_CURVE ( 'NONE', #4267, #6080, #3568, .T. ) ;
#4039 = ORIENTED_EDGE ( 'NONE', *, *, #2280, .T. ) ;
#4040 = DIRECTION ( 'NONE',  ( 1.000000000000000000, 0.000000000000000000, -2.168404344971008079E-15 ) ) ;
#4041 = ORIENTED_EDGE ( 'NONE', *, *, #638, .T. ) ;
#4042 = CARTESIAN_POINT ( 'NONE',  ( -0.6999999999999994005, 0.2000000000000000111, -1.100000000000000089 ) ) ;
#4043 = EDGE_CURVE ( 'NONE', #4112, #3369, #1953, .T. ) ;
#4044 = AXIS2_PLACEMENT_3D ( 'NONE', #4502, #1507, #437 ) ;
#4045 = ORIENTED_EDGE ( 'NONE', *, *, #269, .T. ) ;
#4046 = LINE ( 'NONE', #172, #6228 ) ;
#4047 = VECTOR ( 'NONE', #4706, 1000.000000000000000 ) ;
#4048 = CARTESIAN_POINT ( 'NONE',  ( -1.499999999999999112, 0.6472135954999580498, -0.4999999999999997780 ) ) ;
#4049 = DIRECTION ( 'NONE',  ( -1.000000000000000000, 0.000000000000000000, 0.000000000000000000 ) ) ;
#4050 = CARTESIAN_POINT ( 'NONE',  ( -0.4999999999999995559, 0.1999999999999999833, -1.100000000000000089 ) ) ;
#4051 = EDGE_LOOP ( 'NONE', ( #4324, #4291, #2365, #3238 ) ) ;
#4052 = LINE ( 'NONE', #1253, #787 ) ;
#4053 = AXIS2_PLACEMENT_3D ( 'NONE', #5263, #3340, #1834 ) ;
#4054 = DIRECTION ( 'NONE',  ( -1.000000000000000000, 0.000000000000000000, -0.000000000000000000 ) ) ;
#4055 = EDGE_CURVE ( 'NONE', #1522, #1403, #5526, .T. ) ;
#4056 = EDGE_LOOP ( 'NONE', ( #2139, #4995, #486, #2737 ) ) ;
#4057 = FACE_OUTER_BOUND ( 'NONE', #6333, .T. ) ;
#4058 = DIRECTION ( 'NONE',  ( -1.000000000000000000, 0.000000000000000000, 5.421010862427523156E-16 ) ) ;
#4059 = PLANE ( 'NONE',  #5810 ) ;
#4060 = CARTESIAN_POINT ( 'NONE',  ( -1.499999999999999112, 0.1999999999999999833, -0.8999999999999998002 ) ) ;
#4061 = ADVANCED_FACE ( 'NONE', ( #4844 ), #5582, .T. ) ;
#4062 = ORIENTED_EDGE ( 'NONE', *, *, #5940, .F. ) ;
#4063 = PLANE ( 'NONE',  #1593 ) ;
#4064 = EDGE_LOOP ( 'NONE', ( #6160, #6314, #1320, #6181 ) ) ;
#4065 = CARTESIAN_POINT ( 'NONE',  ( -1.499999999999999112, 0.04999999999999969746, 0.1000000000000001582 ) ) ;
#4066 = DIRECTION ( 'NONE',  ( -1.000000000000000000, 0.000000000000000000, 0.000000000000000000 ) ) ;
#4067 = ORIENTED_EDGE ( 'NONE', *, *, #480, .F. ) ;
#4068 = CARTESIAN_POINT ( 'NONE',  ( 1.099999999999999201, 0.1999999999999999833, -0.2999999999999998779 ) ) ;
#4069 = EDGE_CURVE ( 'NONE', #5566, #3758, #2481, .T. ) ;
#4070 = LINE ( 'NONE', #4663, #2739 ) ;
#4071 = ORIENTED_EDGE ( 'NONE', *, *, #1091, .T. ) ;
#4072 = PLANE ( 'NONE',  #3111 ) ;
#4073 = CARTESIAN_POINT ( 'NONE',  ( 1.099999999999999201, 0.6472135954999580498, -0.2999999999999998779 ) ) ;
#4074 = ORIENTED_EDGE ( 'NONE', *, *, #2142, .F. ) ;
#4075 = DIRECTION ( 'NONE',  ( 1.000000000000000000, -0.000000000000000000, -1.445602896647339163E-16 ) ) ;
#4076 = CARTESIAN_POINT ( 'NONE',  ( -1.499999999999999112, 0.000000000000000000, -0.6999999999999998446 ) ) ;
#4077 = DIRECTION ( 'NONE',  ( 1.000000000000000000, 0.000000000000000000, 0.000000000000000000 ) ) ;
#4078 = LINE ( 'NONE', #1638, #5791 ) ;
#4079 = ORIENTED_EDGE ( 'NONE', *, *, #2559, .T. ) ;
#4080 = DIRECTION ( 'NONE',  ( 0.000000000000000000, 0.000000000000000000, -1.000000000000000000 ) ) ;
#4081 =( NAMED_UNIT ( * ) SI_UNIT ( $, .STERADIAN. ) SOLID_ANGLE_UNIT ( ) );
#4082 = AXIS2_PLACEMENT_3D ( 'NONE', #1219, #5248, #1777 ) ;
#4083 = VECTOR ( 'NONE', #4714, 1000.000000000000000 ) ;
#4084 = LINE ( 'NONE', #2723, #737 ) ;
#4085 = CARTESIAN_POINT ( 'NONE',  ( -0.09999999999999917288, 0.2000000000000000111, 1.500000000000000444 ) ) ;
#4086 = ORIENTED_EDGE ( 'NONE', *, *, #5306, .F. ) ;
#4087 = VERTEX_POINT ( 'NONE', #3100 ) ;
#4088 = FACE_OUTER_BOUND ( 'NONE', #694, .T. ) ;
#4089 = VECTOR ( 'NONE', #2460, 1000.000000000000000 ) ;
#4090 = AXIS2_PLACEMENT_3D ( 'NONE', #6109, #6158, #2651 ) ;
#4091 = UNCERTAINTY_MEASURE_WITH_UNIT (LENGTH_MEASURE( 1.000000000000000082E-05 ), #2324, 'distance_accuracy_value', 'NONE');
#4092 = ORIENTED_EDGE ( 'NONE', *, *, #4283, .F. ) ;
#4093 = EDGE_CURVE ( 'NONE', #2376, #4928, #3354, .T. ) ;
#4094 = PLANE ( 'NONE',  #1466 ) ;
#4095 = ADVANCED_FACE ( 'NONE', ( #4300 ), #2592, .F. ) ;
#4096 = LINE ( 'NONE', #319, #5419 ) ;
#4097 = CARTESIAN_POINT ( 'NONE',  ( 0.7000000000000008438, 0.2000000000000000111, 1.500000000000000444 ) ) ;
#4098 = DIRECTION ( 'NONE',  ( -1.000000000000000000, 0.000000000000000000, -0.000000000000000000 ) ) ;
#4099 = LINE ( 'NONE', #3129, #115 ) ;
#4100 = LINE ( 'NONE', #5846, #3947 ) ;
#4101 =( LENGTH_UNIT ( ) NAMED_UNIT ( * ) SI_UNIT ( .MILLI., .METRE. ) );
#4102 = CARTESIAN_POINT ( 'NONE',  ( 0.7000000000000005107, 0.1999999999999999833, -1.500000000000000000 ) ) ;
#4103 = ORIENTED_EDGE ( 'NONE', *, *, #4994, .T. ) ;
#4104 = LINE ( 'NONE', #3752, #120 ) ;
#4105 = DIRECTION ( 'NONE',  ( 0.000000000000000000, -1.000000000000000000, 0.000000000000000000 ) ) ;
#4106 = LINE ( 'NONE', #3302, #5569 ) ;
#4107 = VECTOR ( 'NONE', #340, 1000.000000000000000 ) ;
#4108 = EDGE_CURVE ( 'NONE', #6079, #2247, #2858, .T. ) ;
#4109 = DIRECTION ( 'NONE',  ( 1.000000000000000000, -0.000000000000000000, 0.000000000000000000 ) ) ;
#4110 = CARTESIAN_POINT ( 'NONE',  ( 1.099999999999999201, 0.1999999999999999833, 0.1000000000000001582 ) ) ;
#4111 = CARTESIAN_POINT ( 'NONE',  ( 0.1000000000000009076, 0.1999999999999996503, 1.500000000000000222 ) ) ;
#4112 = VERTEX_POINT ( 'NONE', #2571 ) ;
#4113 = DIRECTION ( 'NONE',  ( -0.000000000000000000, -1.000000000000000000, -0.000000000000000000 ) ) ;
#4114 = EDGE_CURVE ( 'NONE', #4396, #2360, #5354, .T. ) ;
#4115 = DIRECTION ( 'NONE',  ( 1.000000000000000000, 0.000000000000000000, 0.000000000000000000 ) ) ;
#4116 = FACE_OUTER_BOUND ( 'NONE', #4269, .T. ) ;
#4117 = ORIENTED_EDGE ( 'NONE', *, *, #2645, .F. ) ;
#4118 = AXIS2_PLACEMENT_3D ( 'NONE', #5807, #1414, #5889 ) ;
#4119 = LINE ( 'NONE', #3933, #3479 ) ;
#4120 = EDGE_CURVE ( 'NONE', #2786, #6090, #6289, .T. ) ;
#4121 = VERTEX_POINT ( 'NONE', #4723 ) ;
#4122 = DIRECTION ( 'NONE',  ( 0.000000000000000000, 0.000000000000000000, -1.000000000000000000 ) ) ;
#4123 = CARTESIAN_POINT ( 'NONE',  ( 0.1000000000000005884, 0.000000000000000000, -1.100000000000000089 ) ) ;
#4124 = ORIENTED_EDGE ( 'NONE', *, *, #3710, .F. ) ;
#4125 = ORIENTED_EDGE ( 'NONE', *, *, #5397, .F. ) ;
#4126 = FILL_AREA_STYLE ('',( #608 ) ) ;
#4127 = CARTESIAN_POINT ( 'NONE',  ( 0.7000000000000003997, 0.05000000000000000278, -1.897353801849634239E-16 ) ) ;
#4128 = VERTEX_POINT ( 'NONE', #4166 ) ;
#4129 = VERTEX_POINT ( 'NONE', #3178 ) ;
#4130 = FACE_OUTER_BOUND ( 'NONE', #1333, .T. ) ;
#4131 = ORIENTED_EDGE ( 'NONE', *, *, #772, .T. ) ;
#4132 = CARTESIAN_POINT ( 'NONE',  ( 1.499999999999999112, 0.04999999999999969746, -0.6999999999999998446 ) ) ;
#4133 = ADVANCED_FACE ( 'NONE', ( #1316 ), #1126, .F. ) ;
#4134 = ORIENTED_EDGE ( 'NONE', *, *, #1605, .F. ) ;
#4135 = DIRECTION ( 'NONE',  ( 0.000000000000000000, -0.000000000000000000, 1.000000000000000000 ) ) ;
#4136 = SURFACE_STYLE_USAGE ( .BOTH. , #4236 ) ;
#4137 = DIRECTION ( 'NONE',  ( 0.000000000000000000, -1.000000000000000000, 0.000000000000000000 ) ) ;
#4138 = VECTOR ( 'NONE', #5214, 1000.000000000000000 ) ;
#4139 = LINE ( 'NONE', #2882, #1628 ) ;
#4140 = DIRECTION ( 'NONE',  ( 0.000000000000000000, -0.000000000000000000, -1.000000000000000000 ) ) ;
#4141 = EDGE_CURVE ( 'NONE', #2864, #5205, #4979, .T. ) ;
#4142 = ORIENTED_EDGE ( 'NONE', *, *, #94, .T. ) ;
#4143 = ADVANCED_FACE ( 'NONE', ( #370 ), #3629, .F. ) ;
#4144 = VECTOR ( 'NONE', #79, 1000.000000000000000 ) ;
#4145 = CARTESIAN_POINT ( 'NONE',  ( 0.8000000000000000444, 0.2000000000000000111, 0.000000000000000000 ) ) ;
#4146 = ORIENTED_EDGE ( 'NONE', *, *, #3737, .T. ) ;
#4147 = ORIENTED_EDGE ( 'NONE', *, *, #3351, .T. ) ;
#4148 = CARTESIAN_POINT ( 'NONE',  ( 5.421010862427552369E-17, 0.05000000000000000278, -0.1000000000000005329 ) ) ;
#4149 = MECHANICAL_DESIGN_GEOMETRIC_PRESENTATION_REPRESENTATION (  '', ( #6009 ), #1226 ) ;
#4150 = VECTOR ( 'NONE', #6085, 1000.000000000000000 ) ;
#4151 = CARTESIAN_POINT ( 'NONE',  ( -0.09999999999999950595, 0.2000000000000000111, -1.500000000000000000 ) ) ;
#4152 = EDGE_CURVE ( 'NONE', #4129, #1389, #5905, .T. ) ;
#4153 = ORIENTED_EDGE ( 'NONE', *, *, #1317, .F. ) ;
#4154 = ORIENTED_EDGE ( 'NONE', *, *, #3903, .T. ) ;
#4155 = LINE ( 'NONE', #3027, #3916 ) ;
#4156 = DIRECTION ( 'NONE',  ( -5.421010862427523156E-16, 0.000000000000000000, 1.000000000000000000 ) ) ;
#4157 = DIRECTION ( 'NONE',  ( 0.000000000000000000, -0.000000000000000000, 1.000000000000000000 ) ) ;
#4158 = DIRECTION ( 'NONE',  ( 0.000000000000000000, 0.000000000000000000, -1.000000000000000000 ) ) ;
#4159 = DIRECTION ( 'NONE',  ( -0.000000000000000000, -0.000000000000000000, 1.000000000000000000 ) ) ;
#4160 = ORIENTED_EDGE ( 'NONE', *, *, #3157, .T. ) ;
#4161 = EDGE_CURVE ( 'NONE', #2480, #2115, #520, .T. ) ;
#4162 = CARTESIAN_POINT ( 'NONE',  ( 0.5000000000000008882, 0.2000000000000000111, 1.100000000000000089 ) ) ;
#4163 = LINE ( 'NONE', #563, #959 ) ;
#4164 = VERTEX_POINT ( 'NONE', #5703 ) ;
#4165 = CARTESIAN_POINT ( 'NONE',  ( 1.600000000000000089, 0.000000000000000000, 0.000000000000000000 ) ) ;
#4166 = CARTESIAN_POINT ( 'NONE',  ( 0.9000000000000003553, 0.1999999999999999833, -1.500000000000000000 ) ) ;
#4167 = FILL_AREA_STYLE_COLOUR ( '', #475 ) ;
#4168 = ADVANCED_FACE ( 'NONE', ( #2619 ), #5116, .T. ) ;
#4169 = FACE_OUTER_BOUND ( 'NONE', #1409, .T. ) ;
#4170 = LINE ( 'NONE', #4821, #814 ) ;
#4171 = DIRECTION ( 'NONE',  ( 0.000000000000000000, 0.000000000000000000, -1.000000000000000000 ) ) ;
#4172 = DIRECTION ( 'NONE',  ( -5.421010862427523156E-16, 0.000000000000000000, -1.000000000000000000 ) ) ;
#4173 = AXIS2_PLACEMENT_3D ( 'NONE', #3313, #2865, #3355 ) ;
#4174 = ORIENTED_EDGE ( 'NONE', *, *, #3396, .F. ) ;
#4175 =( NAMED_UNIT ( * ) PLANE_ANGLE_UNIT ( ) SI_UNIT ( $, .RADIAN. ) );
#4176 =( NAMED_UNIT ( * ) PLANE_ANGLE_UNIT ( ) SI_UNIT ( $, .RADIAN. ) );
#4177 = ORIENTED_EDGE ( 'NONE', *, *, #4622, .F. ) ;
#4178 = EDGE_CURVE ( 'NONE', #5639, #5592, #1543, .T. ) ;
#4179 = VECTOR ( 'NONE', #1180, 1000.000000000000000 ) ;
#4180 = DIRECTION ( 'NONE',  ( -0.000000000000000000, -1.000000000000000000, -0.000000000000000000 ) ) ;
#4181 = ADVANCED_FACE ( 'NONE', ( #2166 ), #3127, .T. ) ;
#4182 =( NAMED_UNIT ( * ) SI_UNIT ( $, .STERADIAN. ) SOLID_ANGLE_UNIT ( ) );
#4183 = ORIENTED_EDGE ( 'NONE', *, *, #5328, .F. ) ;
#4184 = DIRECTION ( 'NONE',  ( -0.000000000000000000, -1.000000000000000000, -0.000000000000000000 ) ) ;
#4185 = AXIS2_PLACEMENT_3D ( 'NONE', #5447, #1946, #1483 ) ;
#4186 = CARTESIAN_POINT ( 'NONE',  ( -0.8500000000000001998, 2.604163056034261903, -0.8499999999999999778 ) ) ;
#4187 = PLANE ( 'NONE',  #1615 ) ;
#4188 = DIRECTION ( 'NONE',  ( -2.168404344971010446E-15, 0.000000000000000000, -1.000000000000000000 ) ) ;
#4189 = CARTESIAN_POINT ( 'NONE',  ( -0.6999999999999992895, 0.000000000000000000, 1.100000000000000089 ) ) ;
#4190 = FACE_OUTER_BOUND ( 'NONE', #5524, .T. ) ;
#4191 = DIRECTION ( 'NONE',  ( 0.000000000000000000, -1.000000000000000000, 0.000000000000000000 ) ) ;
#4192 = EDGE_LOOP ( 'NONE', ( #5105, #5579, #5216, #1339 ) ) ;
#4193 = CARTESIAN_POINT ( 'NONE',  ( 1.499999999999999112, 0.000000000000000000, -0.6999999999999998446 ) ) ;
#4194 = PRESENTATION_STYLE_ASSIGNMENT (( #1271 ) ) ;
#4195 = VECTOR ( 'NONE', #1744, 1000.000000000000000 ) ;
#4196 = FACE_OUTER_BOUND ( 'NONE', #3148, .T. ) ;
#4197 = CARTESIAN_POINT ( 'NONE',  ( 0.5000000000000008882, 0.000000000000000000, 1.100000000000000089 ) ) ;
#4198 = EDGE_CURVE ( 'NONE', #783, #935, #1705, .T. ) ;
#4199 = DIRECTION ( 'NONE',  ( 1.000000000000000000, -0.000000000000000000, -0.000000000000000000 ) ) ;
#4200 = ORIENTED_EDGE ( 'NONE', *, *, #3551, .T. ) ;
#4201 = VECTOR ( 'NONE', #4115, 1000.000000000000000 ) ;
#4202 = FACE_OUTER_BOUND ( 'NONE', #190, .T. ) ;
#4203 = DIRECTION ( 'NONE',  ( -0.000000000000000000, -1.000000000000000000, -0.000000000000000000 ) ) ;
#4204 = ORIENTED_EDGE ( 'NONE', *, *, #5555, .T. ) ;
#4205 = DIRECTION ( 'NONE',  ( 1.000000000000000000, 0.000000000000000000, -5.421010862427523156E-16 ) ) ;
#4206 = VECTOR ( 'NONE', #6177, 1000.000000000000000 ) ;
#4207 = EDGE_CURVE ( 'NONE', #5318, #4121, #1619, .T. ) ;
#4208 = CARTESIAN_POINT ( 'NONE',  ( -0.8999999999999993561, 0.1999999999999999833, 1.100000000000000533 ) ) ;
#4209 = ORIENTED_EDGE ( 'NONE', *, *, #2810, .F. ) ;
#4210 = DIRECTION ( 'NONE',  ( 1.000000000000000000, 0.000000000000000000, -5.421010862427523156E-16 ) ) ;
#4211 = CARTESIAN_POINT ( 'NONE',  ( 0.9000000000000006883, 0.000000000000000000, 1.500000000000000000 ) ) ;
#4212 = DIRECTION ( 'NONE',  ( 0.000000000000000000, -1.000000000000000000, 0.000000000000000000 ) ) ;
#4213 = PLANE ( 'NONE',  #2488 ) ;
#4214 = DIRECTION ( 'NONE',  ( -1.000000000000000000, 0.000000000000000000, 2.168404344971008079E-15 ) ) ;
#4215 = EDGE_LOOP ( 'NONE', ( #6410, #6008, #2417, #5507 ) ) ;
#4216 = VERTEX_POINT ( 'NONE', #6130 ) ;
#4217 = ORIENTED_EDGE ( 'NONE', *, *, #2508, .T. ) ;
#4218 = AXIS2_PLACEMENT_3D ( 'NONE', #525, #2422, #1455 ) ;
#4219 = ADVANCED_FACE ( 'NONE', ( #993 ), #5134, .F. ) ;
#4220 = ORIENTED_EDGE ( 'NONE', *, *, #4419, .F. ) ;
#4221 = EDGE_CURVE ( 'NONE', #5455, #4919, #6128, .T. ) ;
#4222 = CARTESIAN_POINT ( 'NONE',  ( -0.2999999999999992117, 0.1999999999999999833, 1.100000000000000089 ) ) ;
#4223 = CARTESIAN_POINT ( 'NONE',  ( -1.499999999999999112, 0.6472135954999579388, 0.3000000000000003775 ) ) ;
#4224 = DIRECTION ( 'NONE',  ( 1.000000000000000000, 0.000000000000000000, -2.710505431213761578E-16 ) ) ;
#4225 = VERTEX_POINT ( 'NONE', #222 ) ;
#4226 = VECTOR ( 'NONE', #1058, 1000.000000000000000 ) ;
#4227 = VECTOR ( 'NONE', #5451, 1000.000000000000000 ) ;
#4228 = PLANE ( 'NONE',  #4350 ) ;
#4229 = AXIS2_PLACEMENT_3D ( 'NONE', #2900, #2444, #4410 ) ;
#4230 = EDGE_LOOP ( 'NONE', ( #1295, #1606, #6186, #2210 ) ) ;
#4231 = CARTESIAN_POINT ( 'NONE',  ( 0.1000000000000008105, 0.000000000000000000, 1.100000000000000089 ) ) ;
#4232 = VECTOR ( 'NONE', #875, 1000.000000000000000 ) ;
#4233 = UNCERTAINTY_MEASURE_WITH_UNIT (LENGTH_MEASURE( 1.000000000000000082E-05 ), #6420, 'distance_accuracy_value', 'NONE');
#4234 = CARTESIAN_POINT ( 'NONE',  ( 0.1000000000000008105, 0.2000000000000000111, 1.100000000000000089 ) ) ;
#4235 = DIRECTION ( 'NONE',  ( -0.000000000000000000, -1.000000000000000000, -0.000000000000000000 ) ) ;
#4236 = SURFACE_SIDE_STYLE ('',( #2186 ) ) ;
#4237 = ORIENTED_EDGE ( 'NONE', *, *, #5505, .F. ) ;
#4238 = LINE ( 'NONE', #1719, #5930 ) ;
#4239 = AXIS2_PLACEMENT_3D ( 'NONE', #2248, #2741, #6227 ) ;
#4240 = DIRECTION ( 'NONE',  ( 0.000000000000000000, 1.000000000000000000, 0.000000000000000000 ) ) ;
#4241 = ORIENTED_EDGE ( 'NONE', *, *, #4419, .T. ) ;
#4242 = VERTEX_POINT ( 'NONE', #4296 ) ;
#4243 = FACE_OUTER_BOUND ( 'NONE', #1178, .T. ) ;
#4244 = DIRECTION ( 'NONE',  ( 0.000000000000000000, 0.000000000000000000, -1.000000000000000000 ) ) ;
#4245 = ORIENTED_EDGE ( 'NONE', *, *, #5430, .T. ) ;
#4246 = CARTESIAN_POINT ( 'NONE',  ( -0.8500000000000001998, 2.604163056034261903, -0.8499999999999999778 ) ) ;
#4247 = AXIS2_PLACEMENT_3D ( 'NONE', #5690, #2661, #4686 ) ;
#4248 = CARTESIAN_POINT ( 'NONE',  ( 0.1000000000000005884, 0.2000000000000000111, -1.100000000000000089 ) ) ;
#4249 = EDGE_CURVE ( 'NONE', #1289, #4707, #219, .T. ) ;
#4250 = LINE ( 'NONE', #1394, #6082 ) ;
#4251 = DIRECTION ( 'NONE',  ( 0.000000000000000000, 0.000000000000000000, 1.000000000000000000 ) ) ;
#4252 = ADVANCED_FACE ( 'NONE', ( #844 ), #2933, .F. ) ;
#4253 = VERTEX_POINT ( 'NONE', #810 ) ;
#4254 = EDGE_CURVE ( 'NONE', #4340, #445, #2704, .T. ) ;
#4255 = CARTESIAN_POINT ( 'NONE',  ( -0.4999999999999993339, 0.1999999999999999833, 1.100000000000000533 ) ) ;
#4256 = DIRECTION ( 'NONE',  ( 0.000000000000000000, -1.000000000000000000, 0.000000000000000000 ) ) ;
#4257 = VECTOR ( 'NONE', #4075, 1000.000000000000000 ) ;
#4258 = DIRECTION ( 'NONE',  ( 0.000000000000000000, -0.000000000000000000, 1.000000000000000000 ) ) ;
#4259 = CARTESIAN_POINT ( 'NONE',  ( -0.4999999999999993339, 0.04999999999999999584, 1.100000000000000533 ) ) ;
#4260 = CARTESIAN_POINT ( 'NONE',  ( 1.499999999999999112, 0.6472135954999580498, -0.4999999999999997780 ) ) ;
#4261 = AXIS2_PLACEMENT_3D ( 'NONE', #403, #2386, #3917 ) ;
#4262 = ORIENTED_EDGE ( 'NONE', *, *, #2370, .F. ) ;
#4263 = EDGE_CURVE ( 'NONE', #4332, #935, #4591, .T. ) ;
#4264 = DIRECTION ( 'NONE',  ( 0.000000000000000000, 0.000000000000000000, -1.000000000000000000 ) ) ;
#4265 = LINE ( 'NONE', #1188, #6183 ) ;
#4266 = LINE ( 'NONE', #725, #1914 ) ;
#4267 = VERTEX_POINT ( 'NONE', #1974 ) ;
#4268 = DIRECTION ( 'NONE',  ( -1.000000000000000000, 0.000000000000000000, 2.168404344971008079E-15 ) ) ;
#4269 = EDGE_LOOP ( 'NONE', ( #3802, #1831, #4855, #3527 ) ) ;
#4270 = SURFACE_SIDE_STYLE ('',( #6350 ) ) ;
#4271 = AXIS2_PLACEMENT_3D ( 'NONE', #2981, #4571, #6027 ) ;
#4272 = VECTOR ( 'NONE', #3114, 1000.000000000000000 ) ;
#4273 = LINE ( 'NONE', #1024, #3069 ) ;
#4274 = CARTESIAN_POINT ( 'NONE',  ( -0.2999999999999994338, 0.6472135954999583829, -1.100000000000000089 ) ) ;
#4275 = DIRECTION ( 'NONE',  ( 2.168404344971008079E-15, -0.000000000000000000, 1.000000000000000000 ) ) ;
#4276 = EDGE_CURVE ( 'NONE', #97, #2539, #3264, .T. ) ;
#4277 = EDGE_CURVE ( 'NONE', #1207, #3183, #5757, .T. ) ;
#4278 = VERTEX_POINT ( 'NONE', #3385 ) ;
#4279 = LINE ( 'NONE', #3765, #1057 ) ;
#4280 = CARTESIAN_POINT ( 'NONE',  ( 1.499999999999999112, 0.1999999999999999833, 0.5000000000000002220 ) ) ;
#4281 = LINE ( 'NONE', #5743, #3073 ) ;
#4282 = PRESENTATION_STYLE_ASSIGNMENT (( #6276 ) ) ;
#4283 = EDGE_CURVE ( 'NONE', #5590, #2120, #4119, .T. ) ;
#4284 = AXIS2_PLACEMENT_3D ( 'NONE', #4674, #2182, #4628 ) ;
#4285 = CARTESIAN_POINT ( 'NONE',  ( -0.6999999999999994005, 0.6472135954999583829, -1.100000000000000089 ) ) ;
#4286 = ORIENTED_EDGE ( 'NONE', *, *, #3054, .F. ) ;
#4287 = DIRECTION ( 'NONE',  ( 1.000000000000000000, -0.000000000000000000, -0.000000000000000000 ) ) ;
#4288 = FACE_OUTER_BOUND ( 'NONE', #5179, .T. ) ;
#4289 = FACE_OUTER_BOUND ( 'NONE', #1925, .T. ) ;
#4290 = LINE ( 'NONE', #1283, #5896 ) ;
#4291 = ORIENTED_EDGE ( 'NONE', *, *, #5306, .T. ) ;
#4292 = ADVANCED_FACE ( 'NONE', ( #5827 ), #5442, .F. ) ;
#4293 =( GEOMETRIC_REPRESENTATION_CONTEXT ( 3 ) GLOBAL_UNCERTAINTY_ASSIGNED_CONTEXT ( ( #2448 ) ) GLOBAL_UNIT_ASSIGNED_CONTEXT ( ( #3660, #2114, #3633 ) ) REPRESENTATION_CONTEXT ( 'NONE', 'WORKASPACE' ) );
#4294 = VECTOR ( 'NONE', #5996, 1000.000000000000000 ) ;
#4295 = EDGE_CURVE ( 'NONE', #2580, #2042, #2788, .T. ) ;
#4296 = CARTESIAN_POINT ( 'NONE',  ( -1.499999999999999112, 0.1999999999999999833, -0.4999999999999997780 ) ) ;
#4297 = VERTEX_POINT ( 'NONE', #3914 ) ;
#4298 = DIRECTION ( 'NONE',  ( 0.000000000000000000, -1.000000000000000000, 0.000000000000000000 ) ) ;
#4299 = CARTESIAN_POINT ( 'NONE',  ( -1.499999999999999112, 0.1999999999999999833, 0.7000000000000002887 ) ) ;
#4300 = FACE_OUTER_BOUND ( 'NONE', #5775, .T. ) ;
#4301 = ORIENTED_EDGE ( 'NONE', *, *, #355, .F. ) ;
#4302 = DIRECTION ( 'NONE',  ( -2.710505431213761578E-16, 0.000000000000000000, -1.000000000000000000 ) ) ;
#4303 = VERTEX_POINT ( 'NONE', #3406 ) ;
#4304 = EDGE_CURVE ( 'NONE', #2713, #1353, #5974, .T. ) ;
#4305 = DIRECTION ( 'NONE',  ( -1.000000000000000000, 0.000000000000000000, 2.168404344971010446E-15 ) ) ;
#4306 = ORIENTED_EDGE ( 'NONE', *, *, #3090, .F. ) ;
#4307 = DIRECTION ( 'NONE',  ( -1.000000000000000000, 0.000000000000000000, 0.000000000000000000 ) ) ;
#4308 = PLANE ( 'NONE',  #808 ) ;
#4309 = VECTOR ( 'NONE', #5209, 1000.000000000000000 ) ;
#4310 = ORIENTED_EDGE ( 'NONE', *, *, #1317, .T. ) ;
#4311 = ORIENTED_EDGE ( 'NONE', *, *, #4466, .F. ) ;
#4312 = STYLED_ITEM ( 'NONE', ( #3223 ), #1708 ) ;
#4313 = LINE ( 'NONE', #2320, #5443 ) ;
#4314 = LINE ( 'NONE', #511, #4601 ) ;
#4315 = EDGE_CURVE ( 'NONE', #4128, #2107, #1797, .T. ) ;
#4316 = DIRECTION ( 'NONE',  ( -0.000000000000000000, -1.000000000000000000, -0.000000000000000000 ) ) ;
#4317 = DIRECTION ( 'NONE',  ( -5.421010862427523156E-16, 0.000000000000000000, 1.000000000000000000 ) ) ;
#4318 = CARTESIAN_POINT ( 'NONE',  ( 1.099999999999999201, 0.05000000000000000278, 0.000000000000000000 ) ) ;
#4319 = ORIENTED_EDGE ( 'NONE', *, *, #5090, .F. ) ;
#4320 = VECTOR ( 'NONE', #3630, 1000.000000000000000 ) ;
#4321 = CARTESIAN_POINT ( 'NONE',  ( -1.499999999999999112, 0.6472135954999579388, -0.6999999999999998446 ) ) ;
#4322 = MANIFOLD_SOLID_BREP ( 'Boss-Extrude2[2]', #3290 ) ;
#4323 = ORIENTED_EDGE ( 'NONE', *, *, #1310, .F. ) ;
#4324 = ORIENTED_EDGE ( 'NONE', *, *, #1899, .F. ) ;
#4325 = DIRECTION ( 'NONE',  ( 0.000000000000000000, -0.000000000000000000, -1.000000000000000000 ) ) ;
#4326 = ADVANCED_FACE ( 'NONE', ( #5288 ), #1452, .T. ) ;
#4327 = ORIENTED_EDGE ( 'NONE', *, *, #1973, .T. ) ;
#4328 = DIRECTION ( 'NONE',  ( -0.000000000000000000, -1.000000000000000000, -0.000000000000000000 ) ) ;
#4329 = LINE ( 'NONE', #5959, #6078 ) ;
#4330 = CARTESIAN_POINT ( 'NONE',  ( 0.8499999999999997558, 0.2000000000000000944, -0.8499999999999997558 ) ) ;
#4331 = CARTESIAN_POINT ( 'NONE',  ( 0.000000000000000000, 0.000000000000000000, 0.000000000000000000 ) ) ;
#4332 = VERTEX_POINT ( 'NONE', #3957 ) ;
#4333 = ORIENTED_EDGE ( 'NONE', *, *, #3227, .F. ) ;
#4334 = AXIS2_PLACEMENT_3D ( 'NONE', #3362, #2382, #6399 ) ;
#4335 = LINE ( 'NONE', #2632, #5079 ) ;
#4336 = EDGE_CURVE ( 'NONE', #179, #695, #3085, .T. ) ;
#4337 = ORIENTED_EDGE ( 'NONE', *, *, #6235, .F. ) ;
#4338 = CARTESIAN_POINT ( 'NONE',  ( -0.4999999999999995559, 0.04999999999999999584, -1.100000000000000089 ) ) ;
#4339 = CARTESIAN_POINT ( 'NONE',  ( -0.09999999999999917288, 0.6472135954999583829, 1.500000000000000444 ) ) ;
#4340 = VERTEX_POINT ( 'NONE', #6382 ) ;
#4341 = EDGE_CURVE ( 'NONE', #935, #795, #3407, .T. ) ;
#4342 = LINE ( 'NONE', #4857, #5024 ) ;
#4343 = CARTESIAN_POINT ( 'NONE',  ( 0.7000000000000005107, 0.05000000000000000278, 0.000000000000000000 ) ) ;
#4344 = VERTEX_POINT ( 'NONE', #4469 ) ;
#4345 = CARTESIAN_POINT ( 'NONE',  ( -1.099999999999999201, 0.05000000000000000278, 0.000000000000000000 ) ) ;
#4346 = ORIENTED_EDGE ( 'NONE', *, *, #4593, .T. ) ;
#4347 = DIRECTION ( 'NONE',  ( 0.000000000000000000, -1.000000000000000000, 0.000000000000000000 ) ) ;
#4348 = VECTOR ( 'NONE', #1848, 1000.000000000000000 ) ;
#4349 = LINE ( 'NONE', #4076, #5876 ) ;
#4350 = AXIS2_PLACEMENT_3D ( 'NONE', #2700, #3205, #5685 ) ;
#4351 = EDGE_CURVE ( 'NONE', #4544, #4303, #2246, .T. ) ;
#4352 = ORIENTED_EDGE ( 'NONE', *, *, #2548, .T. ) ;
#4353 = ADVANCED_FACE ( 'NONE', ( #2163 ), #1558, .T. ) ;
#4354 = LINE ( 'NONE', #1937, #5477 ) ;
#4355 = ORIENTED_EDGE ( 'NONE', *, *, #5258, .T. ) ;
#4356 = DIRECTION ( 'NONE',  ( 0.000000000000000000, -1.000000000000000000, 0.000000000000000000 ) ) ;
#4357 = FACE_OUTER_BOUND ( 'NONE', #1210, .T. ) ;
#4358 = COLOUR_RGB ( '',0.7921568627450980005, 0.8196078431372548767, 0.9333333333333333481 ) ;
#4359 = LINE ( 'NONE', #5909, #832 ) ;
#4360 = CARTESIAN_POINT ( 'NONE',  ( 0.5000000000000006661, 0.04999999999999999584, -1.100000000000000089 ) ) ;
#4361 = ORIENTED_EDGE ( 'NONE', *, *, #6311, .T. ) ;
#4362 = DIRECTION ( 'NONE',  ( -0.000000000000000000, -1.000000000000000000, -0.000000000000000000 ) ) ;
#4363 = FACE_OUTER_BOUND ( 'NONE', #275, .T. ) ;
#4364 = CARTESIAN_POINT ( 'NONE',  ( -1.499999999999999556, 0.1999999999999996503, 0.5000000000000002220 ) ) ;
#4365 = LINE ( 'NONE', #3847, #3003 ) ;
#4366 = ORIENTED_EDGE ( 'NONE', *, *, #2074, .T. ) ;
#4367 = EDGE_LOOP ( 'NONE', ( #3117, #2433, #145, #4925 ) ) ;
#4368 = CARTESIAN_POINT ( 'NONE',  ( -1.499999999999999112, 0.6472135954999579388, 0.7000000000000002887 ) ) ;
#4369 = VERTEX_POINT ( 'NONE', #545 ) ;
#4370 = AXIS2_PLACEMENT_3D ( 'NONE', #1647, #4156, #641 ) ;
#4371 = EDGE_CURVE ( 'NONE', #5581, #1304, #6211, .T. ) ;
#4372 = ORIENTED_EDGE ( 'NONE', *, *, #2548, .F. ) ;
#4373 = DIRECTION ( 'NONE',  ( 0.000000000000000000, -1.000000000000000000, 0.000000000000000000 ) ) ;
#4374 = VECTOR ( 'NONE', #1053, 1000.000000000000000 ) ;
#4375 = VERTEX_POINT ( 'NONE', #4480 ) ;
#4376 = PLANE ( 'NONE',  #4963 ) ;
#4377 = ORIENTED_EDGE ( 'NONE', *, *, #2959, .T. ) ;
#4378 = ORIENTED_EDGE ( 'NONE', *, *, #2678, .F. ) ;
#4379 = VERTEX_POINT ( 'NONE', #1252 ) ;
#4380 = ADVANCED_FACE ( 'NONE', ( #6284 ), #5146, .F. ) ;
#4381 = VECTOR ( 'NONE', #2196, 1000.000000000000000 ) ;
#4382 = DIRECTION ( 'NONE',  ( -1.000000000000000000, 0.000000000000000000, 5.421010862427523156E-16 ) ) ;
#4383 = FACE_OUTER_BOUND ( 'NONE', #5225, .T. ) ;
#4384 =( GEOMETRIC_REPRESENTATION_CONTEXT ( 3 ) GLOBAL_UNCERTAINTY_ASSIGNED_CONTEXT ( ( #58 ) ) GLOBAL_UNIT_ASSIGNED_CONTEXT ( ( #3286, #826, #4744 ) ) REPRESENTATION_CONTEXT ( 'NONE', 'WORKASPACE' ) );
#4385 = PLANE ( 'NONE',  #845 ) ;
#4386 = DIRECTION ( 'NONE',  ( -1.000000000000000000, 0.000000000000000000, 2.168404344971010446E-15 ) ) ;
#4387 = ORIENTED_EDGE ( 'NONE', *, *, #5918, .F. ) ;
#4388 = DIRECTION ( 'NONE',  ( 5.421010862427523156E-16, 0.000000000000000000, 1.000000000000000000 ) ) ;
#4389 = CARTESIAN_POINT ( 'NONE',  ( 0.7000000000000007327, 0.1999999999999999833, 1.100000000000000533 ) ) ;
#4390 = STYLED_ITEM ( 'NONE', ( #3296 ), #1981 ) ;
#4391 = ORIENTED_EDGE ( 'NONE', *, *, #3374, .F. ) ;
#4392 = VECTOR ( 'NONE', #3580, 1000.000000000000000 ) ;
#4393 = EDGE_CURVE ( 'NONE', #1480, #5773, #55, .T. ) ;
#4394 = DIRECTION ( 'NONE',  ( 0.000000000000000000, -1.000000000000000000, 0.000000000000000000 ) ) ;
#4395 = ORIENTED_EDGE ( 'NONE', *, *, #2192, .T. ) ;
#4396 = VERTEX_POINT ( 'NONE', #1926 ) ;
#4397 = DIRECTION ( 'NONE',  ( 0.000000000000000000, 0.000000000000000000, -1.000000000000000000 ) ) ;
#4398 = FACE_OUTER_BOUND ( 'NONE', #1343, .T. ) ;
#4399 = EDGE_CURVE ( 'NONE', #1676, #325, #5121, .T. ) ;
#4400 = DIRECTION ( 'NONE',  ( 0.000000000000000000, -1.000000000000000000, 0.000000000000000000 ) ) ;
#4401 = VERTEX_POINT ( 'NONE', #2371 ) ;
#4402 = CARTESIAN_POINT ( 'NONE',  ( 0.9000000000000003553, 0.2000000000000000111, -1.500000000000000000 ) ) ;
#4403 = VECTOR ( 'NONE', #3429, 1000.000000000000000 ) ;
#4404 = CARTESIAN_POINT ( 'NONE',  ( -0.8999999999999995781, 0.1999999999999999833, -1.100000000000000089 ) ) ;
#4405 = CARTESIAN_POINT ( 'NONE',  ( -0.2999999999999994338, 0.2000000000000000111, -1.100000000000000089 ) ) ;
#4406 = CARTESIAN_POINT ( 'NONE',  ( -1.099999999999999201, 0.1999999999999999833, 0.5000000000000002220 ) ) ;
#4407 = ORIENTED_EDGE ( 'NONE', *, *, #2971, .T. ) ;
#4408 = AXIS2_PLACEMENT_3D ( 'NONE', #1327, #2238, #3283 ) ;
#4409 = EDGE_CURVE ( 'NONE', #3654, #4848, #837, .T. ) ;
#4410 = DIRECTION ( 'NONE',  ( 0.000000000000000000, 0.000000000000000000, 1.000000000000000000 ) ) ;
#4411 = FACE_OUTER_BOUND ( 'NONE', #1863, .T. ) ;
#4412 = ADVANCED_FACE ( 'NONE', ( #1145 ), #6307, .T. ) ;
#4413 = DIRECTION ( 'NONE',  ( 0.000000000000000000, -1.000000000000000000, 0.000000000000000000 ) ) ;
#4414 = VERTEX_POINT ( 'NONE', #1375 ) ;
#4415 =( NAMED_UNIT ( * ) PLANE_ANGLE_UNIT ( ) SI_UNIT ( $, .RADIAN. ) );
#4416 = FACE_OUTER_BOUND ( 'NONE', #3123, .T. ) ;
#4417 = LINE ( 'NONE', #4636, #4179 ) ;
#4418 = ORIENTED_EDGE ( 'NONE', *, *, #5397, .T. ) ;
#4419 = EDGE_CURVE ( 'NONE', #4332, #1011, #2463, .T. ) ;
#4420 = ORIENTED_EDGE ( 'NONE', *, *, #366, .T. ) ;
#4421 = VECTOR ( 'NONE', #4527, 1000.000000000000000 ) ;
#4422 = DIRECTION ( 'NONE',  ( 0.000000000000000000, 0.000000000000000000, -1.000000000000000000 ) ) ;
#4423 = VERTEX_POINT ( 'NONE', #348 ) ;
#4424 = CARTESIAN_POINT ( 'NONE',  ( -0.6999999999999996225, 0.000000000000000000, -1.500000000000000000 ) ) ;
#4425 = LINE ( 'NONE', #1727, #3400 ) ;
#4426 = AXIS2_PLACEMENT_3D ( 'NONE', #6088, #1688, #2189 ) ;
#4427 = FACE_OUTER_BOUND ( 'NONE', #1415, .T. ) ;
#4428 = LINE ( 'NONE', #1303, #4575 ) ;
#4429 = CARTESIAN_POINT ( 'NONE',  ( 1.499999999999999112, 0.6472135954999579388, 0.1000000000000001582 ) ) ;
#4430 = DIRECTION ( 'NONE',  ( 0.000000000000000000, -1.000000000000000000, 0.000000000000000000 ) ) ;
#4431 = ORIENTED_EDGE ( 'NONE', *, *, #4705, .F. ) ;
#4432 = LINE ( 'NONE', #4646, #1936 ) ;
#4433 = CARTESIAN_POINT ( 'NONE',  ( 0.5000000000000006661, 0.2000000000000000111, -1.100000000000000089 ) ) ;
#4434 = LINE ( 'NONE', #3119, #3077 ) ;
#4435 = FACE_OUTER_BOUND ( 'NONE', #232, .T. ) ;
#4436 = DIRECTION ( 'NONE',  ( 1.000000000000000000, -0.000000000000000000, -0.000000000000000000 ) ) ;
#4437 = DIRECTION ( 'NONE',  ( -0.000000000000000000, -1.000000000000000000, -0.000000000000000000 ) ) ;
#4438 = ORIENTED_EDGE ( 'NONE', *, *, #2537, .T. ) ;
#4439 = LINE ( 'NONE', #3622, #128 ) ;
#4440 = LINE ( 'NONE', #4696, #2859 ) ;
#4441 = CARTESIAN_POINT ( 'NONE',  ( 1.099999999999999201, 0.6472135954999579388, 0.5000000000000002220 ) ) ;
#4442 = DIRECTION ( 'NONE',  ( 0.000000000000000000, 0.000000000000000000, -1.000000000000000000 ) ) ;
#4443 = ADVANCED_FACE ( 'NONE', ( #5751 ), #2884, .T. ) ;
#4444 = VERTEX_POINT ( 'NONE', #4854 ) ;
#4445 = VECTOR ( 'NONE', #3869, 1000.000000000000000 ) ;
#4446 = AXIS2_PLACEMENT_3D ( 'NONE', #1844, #1245, #1824 ) ;
#4447 = EDGE_LOOP ( 'NONE', ( #8, #1016, #5036, #5752 ) ) ;
#4448 = DIRECTION ( 'NONE',  ( -0.000000000000000000, -1.000000000000000000, -0.000000000000000000 ) ) ;
#4449 = EDGE_CURVE ( 'NONE', #1540, #1468, #5967, .T. ) ;
#4450 = ORIENTED_EDGE ( 'NONE', *, *, #4622, .T. ) ;
#4451 = CARTESIAN_POINT ( 'NONE',  ( -1.499999999999999112, 0.6472135954999579388, 0.5000000000000002220 ) ) ;
#4452 = CARTESIAN_POINT ( 'NONE',  ( -1.099999999999999201, 0.05000000000000002359, -0.9000000000000000222 ) ) ;
#4453 = EDGE_LOOP ( 'NONE', ( #2887, #2295, #1860, #53 ) ) ;
#4454 = VECTOR ( 'NONE', #6154, 1000.000000000000000 ) ;
#4455 = DIRECTION ( 'NONE',  ( 0.000000000000000000, 1.000000000000000000, 0.000000000000000000 ) ) ;
#4456 = ORIENTED_EDGE ( 'NONE', *, *, #6273, .F. ) ;
#4457 = DIRECTION ( 'NONE',  ( 2.710505431213761578E-16, -0.000000000000000000, -1.000000000000000000 ) ) ;
#4458 = EDGE_CURVE ( 'NONE', #80, #5573, #3635, .T. ) ;
#4459 = VERTEX_POINT ( 'NONE', #3900 ) ;
#4460 = ADVANCED_FACE ( 'NONE', ( #5206 ), #920, .T. ) ;
#4461 = VECTOR ( 'NONE', #4759, 1000.000000000000000 ) ;
#4462 = DIRECTION ( 'NONE',  ( 1.000000000000000000, -0.000000000000000000, 0.000000000000000000 ) ) ;
#4463 = CARTESIAN_POINT ( 'NONE',  ( 1.099999999999999201, 0.6472135954999579388, 0.9000000000000002442 ) ) ;
#4464 = ORIENTED_EDGE ( 'NONE', *, *, #1899, .T. ) ;
#4465 = AXIS2_PLACEMENT_3D ( 'NONE', #1799, #6194, #264 ) ;
#4466 = EDGE_CURVE ( 'NONE', #3492, #1553, #5281, .T. ) ;
#4467 = CARTESIAN_POINT ( 'NONE',  ( -0.2999999999999996558, 0.2000000000000000111, -1.500000000000000000 ) ) ;
#4468 = ORIENTED_EDGE ( 'NONE', *, *, #2374, .T. ) ;
#4469 = CARTESIAN_POINT ( 'NONE',  ( -0.6999999999999996225, 0.05000000000000000278, -1.499999999999999778 ) ) ;
#4470 = VERTEX_POINT ( 'NONE', #5395 ) ;
#4471 = VECTOR ( 'NONE', #3438, 1000.000000000000000 ) ;
#4472 = DIRECTION ( 'NONE',  ( -2.710505431213761578E-16, 0.000000000000000000, -1.000000000000000000 ) ) ;
#4473 = DIRECTION ( 'NONE',  ( -1.000000000000000000, 0.000000000000000000, -0.000000000000000000 ) ) ;
#4474 = STYLED_ITEM ( 'NONE', ( #4932 ), #2848 ) ;
#4475 = ADVANCED_FACE ( 'NONE', ( #2003 ), #2907, .T. ) ;
#4476 = ORIENTED_EDGE ( 'NONE', *, *, #5768, .T. ) ;
#4477 = CARTESIAN_POINT ( 'NONE',  ( -1.099999999999999201, 0.2000000000000000944, -0.5000000000000000000 ) ) ;
#4478 = VERTEX_POINT ( 'NONE', #2406 ) ;
#4479 = FACE_OUTER_BOUND ( 'NONE', #1457, .T. ) ;
#4480 = CARTESIAN_POINT ( 'NONE',  ( 1.099999999999999201, 0.000000000000000000, 0.5000000000000002220 ) ) ;
#4481 = VERTEX_POINT ( 'NONE', #4934 ) ;
#4482 = EDGE_CURVE ( 'NONE', #3690, #5412, #2321, .T. ) ;
#4483 = FACE_OUTER_BOUND ( 'NONE', #5726, .T. ) ;
#4484 =( LENGTH_UNIT ( ) NAMED_UNIT ( * ) SI_UNIT ( .MILLI., .METRE. ) );
#4485 = ORIENTED_EDGE ( 'NONE', *, *, #383, .F. ) ;
#4486 = DIRECTION ( 'NONE',  ( 0.000000000000000000, -0.000000000000000000, 1.000000000000000000 ) ) ;
#4487 = COLOUR_RGB ( '',0.7921568627450980005, 0.8196078431372548767, 0.9333333333333333481 ) ;
#4488 = VERTEX_POINT ( 'NONE', #367 ) ;
#4489 = AXIS2_PLACEMENT_3D ( 'NONE', #6188, #2633, #1187 ) ;
#4490 = ORIENTED_EDGE ( 'NONE', *, *, #4662, .F. ) ;
#4491 = EDGE_CURVE ( 'NONE', #795, #157, #4829, .T. ) ;
#4492 = DIRECTION ( 'NONE',  ( -0.000000000000000000, 0.000000000000000000, 1.000000000000000000 ) ) ;
#4493 = DIRECTION ( 'NONE',  ( -1.000000000000000000, 0.000000000000000000, 0.000000000000000000 ) ) ;
#4494 = FACE_OUTER_BOUND ( 'NONE', #2402, .T. ) ;
#4495 = LINE ( 'NONE', #4704, #3384 ) ;
#4496 = EDGE_LOOP ( 'NONE', ( #2306, #973, #4750, #4395, #2945, #613, #5182, #4535, #1915, #3208, #5432, #4468, #1360, #4023, #1183, #4153, #2617, #1505, #5700, #4669, #5229, #4962, #4177, #6308 ) ) ;
#4497 = ORIENTED_EDGE ( 'NONE', *, *, #5111, .T. ) ;
#4498 = VECTOR ( 'NONE', #4765, 1000.000000000000000 ) ;
#4499 = LINE ( 'NONE', #3381, #3153 ) ;
#4500 = EDGE_CURVE ( 'NONE', #4164, #456, #4667, .T. ) ;
#4501 = VERTEX_POINT ( 'NONE', #3352 ) ;
#4502 = CARTESIAN_POINT ( 'NONE',  ( 0.000000000000000000, 0.2000000000000000111, 0.000000000000000000 ) ) ;
#4503 = DIRECTION ( 'NONE',  ( -1.000000000000000000, 0.000000000000000000, 0.000000000000000000 ) ) ;
#4504 = ADVANCED_FACE ( 'NONE', ( #3328 ), #1551, .T. ) ;
#4505 = VECTOR ( 'NONE', #4603, 1000.000000000000000 ) ;
#4506 = CARTESIAN_POINT ( 'NONE',  ( -1.499999999999999112, 0.04999999999999969746, -0.09999999999999971412 ) ) ;
#4507 = LINE ( 'NONE', #820, #5738 ) ;
#4508 = VECTOR ( 'NONE', #162, 1000.000000000000000 ) ;
#4509 = MANIFOLD_SOLID_BREP ( 'Boss-Extrude2[1]', #1398 ) ;
#4510 = CARTESIAN_POINT ( 'NONE',  ( 1.099999999999999201, 0.6472135954999579388, 0.5000000000000002220 ) ) ;
#4511 = ORIENTED_EDGE ( 'NONE', *, *, #1441, .T. ) ;
#4512 = AXIS2_PLACEMENT_3D ( 'NONE', #4588, #2598, #5563 ) ;
#4513 = LINE ( 'NONE', #4402, #5274 ) ;
#4514 = LINE ( 'NONE', #1855, #3172 ) ;
#4515 = CARTESIAN_POINT ( 'NONE',  ( -1.099999999999999201, 0.000000000000000000, 0.7000000000000000666 ) ) ;
#4516 = DIRECTION ( 'NONE',  ( 0.000000000000000000, -0.000000000000000000, 1.000000000000000000 ) ) ;
#4517 = EDGE_CURVE ( 'NONE', #2381, #6126, #1941, .T. ) ;
#4518 = EDGE_LOOP ( 'NONE', ( #1329, #804, #1718, #2747 ) ) ;
#4519 = VECTOR ( 'NONE', #4199, 1000.000000000000000 ) ;
#4520 = EDGE_LOOP ( 'NONE', ( #4733, #4791, #2825, #502 ) ) ;
#4521 = ADVANCED_FACE ( 'NONE', ( #1788 ), #5129, .T. ) ;
#4522 = EDGE_LOOP ( 'NONE', ( #3609, #5357, #1021, #4200 ) ) ;
#4523 = ORIENTED_EDGE ( 'NONE', *, *, #5635, .F. ) ;
#4524 = CARTESIAN_POINT ( 'NONE',  ( 0.5000000000000006661, 0.2000000000000000111, -1.100000000000000089 ) ) ;
#4525 = DIRECTION ( 'NONE',  ( 0.000000000000000000, -0.000000000000000000, 1.000000000000000000 ) ) ;
#4526 = LINE ( 'NONE', #2716, #2947 ) ;
#4527 = DIRECTION ( 'NONE',  ( -0.000000000000000000, -1.000000000000000000, -0.000000000000000000 ) ) ;
#4528 = ORIENTED_EDGE ( 'NONE', *, *, #3442, .T. ) ;
#4529 = ORIENTED_EDGE ( 'NONE', *, *, #32, .F. ) ;
#4530 = AXIS2_PLACEMENT_3D ( 'NONE', #4186, #6236, #4783 ) ;
#4531 = DIRECTION ( 'NONE',  ( 1.000000000000000000, -0.000000000000000000, 0.000000000000000000 ) ) ;
#4532 = CARTESIAN_POINT ( 'NONE',  ( 1.099999999999999201, 0.000000000000000000, 0.5000000000000002220 ) ) ;
#4533 = EDGE_CURVE ( 'NONE', #2904, #926, #446, .T. ) ;
#4534 = ORIENTED_EDGE ( 'NONE', *, *, #624, .T. ) ;
#4535 = ORIENTED_EDGE ( 'NONE', *, *, #964, .T. ) ;
#4536 = FACE_OUTER_BOUND ( 'NONE', #2201, .T. ) ;
#4537 = CARTESIAN_POINT ( 'NONE',  ( -1.499999999999999112, 0.1999999999999999833, 0.5000000000000002220 ) ) ;
#4538 = CARTESIAN_POINT ( 'NONE',  ( -0.8999999999999993561, 0.6472135954999583829, 1.100000000000000533 ) ) ;
#4539 = ADVANCED_FACE ( 'NONE', ( #4760 ), #2566, .T. ) ;
#4540 = EDGE_LOOP ( 'NONE', ( #2941, #2960, #819, #2119 ) ) ;
#4541 = COLOUR_RGB ( '',0.7921568627450980005, 0.8196078431372548767, 0.9333333333333333481 ) ;
#4542 = CARTESIAN_POINT ( 'NONE',  ( 1.499999999999999112, 0.6472135954999580498, -0.2999999999999998779 ) ) ;
#4543 = EDGE_CURVE ( 'NONE', #4128, #1304, #296, .T. ) ;
#4544 = VERTEX_POINT ( 'NONE', #2665 ) ;
#4545 = LINE ( 'NONE', #4941, #5518 ) ;
#4546 = DIRECTION ( 'NONE',  ( 0.000000000000000000, -0.000000000000000000, 1.000000000000000000 ) ) ;
#4547 = ORIENTED_EDGE ( 'NONE', *, *, #703, .T. ) ;
#4548 = CARTESIAN_POINT ( 'NONE',  ( 0.1000000000000008105, 0.6472135954999583829, 1.100000000000000089 ) ) ;
#4549 = ORIENTED_EDGE ( 'NONE', *, *, #4570, .F. ) ;
#4550 = EDGE_CURVE ( 'NONE', #2625, #3687, #4439, .T. ) ;
#4551 = LINE ( 'NONE', #6070, #4938 ) ;
#4552 = CARTESIAN_POINT ( 'NONE',  ( 0.000000000000000000, 0.2000000000000000111, 0.000000000000000000 ) ) ;
#4553 = EDGE_LOOP ( 'NONE', ( #5475, #2835, #3670, #4079 ) ) ;
#4554 = CARTESIAN_POINT ( 'NONE',  ( 1.499999999999999112, 0.000000000000000000, 0.1000000000000001582 ) ) ;
#4555 = DIRECTION ( 'NONE',  ( 2.168404344971008079E-15, 0.000000000000000000, 1.000000000000000000 ) ) ;
#4556 = ORIENTED_EDGE ( 'NONE', *, *, #5870, .T. ) ;
#4557 = CARTESIAN_POINT ( 'NONE',  ( -0.4999999999999995559, 0.2000000000000000111, -1.500000000000000000 ) ) ;
#4558 = LINE ( 'NONE', #4345, #3451 ) ;
#4559 = ORIENTED_EDGE ( 'NONE', *, *, #3570, .T. ) ;
#4560 = CARTESIAN_POINT ( 'NONE',  ( 1.499999999999999112, 0.000000000000000000, -0.09999999999999971412 ) ) ;
#4561 = DIRECTION ( 'NONE',  ( -0.000000000000000000, -1.000000000000000000, -0.000000000000000000 ) ) ;
#4562 = PLANE ( 'NONE',  #1804 ) ;
#4563 = VECTOR ( 'NONE', #2838, 1000.000000000000000 ) ;
#4564 = VECTOR ( 'NONE', #3155, 1000.000000000000000 ) ;
#4565 = VERTEX_POINT ( 'NONE', #663 ) ;
#4566 = CARTESIAN_POINT ( 'NONE',  ( -1.099999999999999201, 0.6472135954999579388, -0.9000000000000000222 ) ) ;
#4567 = VERTEX_POINT ( 'NONE', #1119 ) ;
#4568 = VECTOR ( 'NONE', #4610, 1000.000000000000000 ) ;
#4569 = AXIS2_PLACEMENT_3D ( 'NONE', #5572, #4764, #5742 ) ;
#4570 = EDGE_CURVE ( 'NONE', #930, #305, #2615, .T. ) ;
#4571 = DIRECTION ( 'NONE',  ( 0.000000000000000000, -1.000000000000000000, 0.000000000000000000 ) ) ;
#4572 = FILL_AREA_STYLE_COLOUR ( '', #194 ) ;
#4573 = VERTEX_POINT ( 'NONE', #1147 ) ;
#4574 = SURFACE_STYLE_USAGE ( .BOTH. , #569 ) ;
#4575 = VECTOR ( 'NONE', #1326, 1000.000000000000000 ) ;
#4576 = CARTESIAN_POINT ( 'NONE',  ( -1.099999999999999201, 0.1999999999999999833, -0.09999999999999993616 ) ) ;
#4577 = EDGE_CURVE ( 'NONE', #1945, #2713, #4432, .T. ) ;
#4578 = ORIENTED_EDGE ( 'NONE', *, *, #5577, .F. ) ;
#4579 = LINE ( 'NONE', #2227, #2601 ) ;
#4580 = LINE ( 'NONE', #5746, #1608 ) ;
#4581 = VECTOR ( 'NONE', #3266, 1000.000000000000000 ) ;
#4582 = EDGE_CURVE ( 'NONE', #1553, #4544, #3247, .T. ) ;
#4583 = CARTESIAN_POINT ( 'NONE',  ( -1.099999999999999201, 0.1999999999999999833, -0.6999999999999998446 ) ) ;
#4584 = DIRECTION ( 'NONE',  ( 0.000000000000000000, -1.000000000000000000, 0.000000000000000000 ) ) ;
#4585 = ORIENTED_EDGE ( 'NONE', *, *, #3938, .T. ) ;
#4586 = CARTESIAN_POINT ( 'NONE',  ( -1.499999999999999112, 0.6472135954999579388, -0.8999999999999998002 ) ) ;
#4587 = VECTOR ( 'NONE', #5424, 1000.000000000000000 ) ;
#4588 = CARTESIAN_POINT ( 'NONE',  ( 0.000000000000000000, 0.2000000000000000111, 0.000000000000000000 ) ) ;
#4589 = CARTESIAN_POINT ( 'NONE',  ( 0.5000000000000004441, 0.1999999999999999833, -1.500000000000000000 ) ) ;
#4590 = VERTEX_POINT ( 'NONE', #1655 ) ;
#4591 = LINE ( 'NONE', #2876, #5491 ) ;
#4592 = ORIENTED_EDGE ( 'NONE', *, *, #4371, .F. ) ;
#4593 = EDGE_CURVE ( 'NONE', #532, #5826, #2077, .T. ) ;
#4594 = ADVANCED_FACE ( 'NONE', ( #758 ), #4623, .F. ) ;
#4595 = CARTESIAN_POINT ( 'NONE',  ( -1.099999999999999201, 0.1999999999999999833, 0.1000000000000001582 ) ) ;
#4596 = VERTEX_POINT ( 'NONE', #4668 ) ;
#4597 = DIRECTION ( 'NONE',  ( 0.000000000000000000, -1.000000000000000000, 0.000000000000000000 ) ) ;
#4598 = EDGE_CURVE ( 'NONE', #483, #5773, #1607, .T. ) ;
#4599 = AXIS2_PLACEMENT_3D ( 'NONE', #3490, #2542, #3471 ) ;
#4600 = ORIENTED_EDGE ( 'NONE', *, *, #2549, .T. ) ;
#4601 = VECTOR ( 'NONE', #3555, 1000.000000000000000 ) ;
#4602 = ORIENTED_EDGE ( 'NONE', *, *, #2579, .F. ) ;
#4603 = DIRECTION ( 'NONE',  ( -1.000000000000000000, 0.000000000000000000, -1.275531967630005245E-16 ) ) ;
#4604 = DIRECTION ( 'NONE',  ( 1.000000000000000000, 0.000000000000000000, 5.421010862427523156E-16 ) ) ;
#4605 = DIRECTION ( 'NONE',  ( 1.000000000000000000, 0.000000000000000000, -5.421010862427523156E-16 ) ) ;
#4606 = ORIENTED_EDGE ( 'NONE', *, *, #4994, .F. ) ;
#4607 = SURFACE_SIDE_STYLE ('',( #4964 ) ) ;
#4608 = LINE ( 'NONE', #3777, #6383 ) ;
#4609 = CARTESIAN_POINT ( 'NONE',  ( -1.499999999999999112, 0.1999999999999999833, 0.7000000000000002887 ) ) ;
#4610 = DIRECTION ( 'NONE',  ( 0.000000000000000000, -1.000000000000000000, 0.000000000000000000 ) ) ;
#4611 = EDGE_CURVE ( 'NONE', #3690, #4242, #2530, .T. ) ;
#4612 = ORIENTED_EDGE ( 'NONE', *, *, #1753, .T. ) ;
#4613 = VECTOR ( 'NONE', #3589, 1000.000000000000000 ) ;
#4614 = CARTESIAN_POINT ( 'NONE',  ( -1.499999999999999556, 6.042640687119285481, -1.499999999999999556 ) ) ;
#4615 = CARTESIAN_POINT ( 'NONE',  ( 0.000000000000000000, 0.2000000000000000111, 0.000000000000000000 ) ) ;
#4616 = EDGE_LOOP ( 'NONE', ( #6132, #2471, #5936, #2511 ) ) ;
#4617 =( LENGTH_UNIT ( ) NAMED_UNIT ( * ) SI_UNIT ( .MILLI., .METRE. ) );
#4618 = ORIENTED_EDGE ( 'NONE', *, *, #5988, .T. ) ;
#4619 = DIRECTION ( 'NONE',  ( -1.000000000000000000, 0.000000000000000000, -0.000000000000000000 ) ) ;
#4620 = DIRECTION ( 'NONE',  ( 0.000000000000000000, 0.000000000000000000, -1.000000000000000000 ) ) ;
#4621 = ORIENTED_EDGE ( 'NONE', *, *, #6051, .F. ) ;
#4622 = EDGE_CURVE ( 'NONE', #5679, #2980, #5351, .T. ) ;
#4623 = PLANE ( 'NONE',  #3678 ) ;
#4624 = FACE_OUTER_BOUND ( 'NONE', #7, .T. ) ;
#4625 = ORIENTED_EDGE ( 'NONE', *, *, #6315, .F. ) ;
#4626 = ORIENTED_EDGE ( 'NONE', *, *, #5320, .F. ) ;
#4627 = LINE ( 'NONE', #5230, #2122 ) ;
#4628 = DIRECTION ( 'NONE',  ( -1.000000000000000000, 0.000000000000000000, 2.168404344971010446E-15 ) ) ;
#4629 = DIRECTION ( 'NONE',  ( 1.000000000000000000, 0.000000000000000000, 5.421010862427523156E-16 ) ) ;
#4630 = ADVANCED_FACE ( 'NONE', ( #916 ), #2616, .F. ) ;
#4631 = DIRECTION ( 'NONE',  ( -0.000000000000000000, -1.000000000000000000, -0.000000000000000000 ) ) ;
#4632 = PLANE ( 'NONE',  #3423 ) ;
#4633 = AXIS2_PLACEMENT_3D ( 'NONE', #3086, #204, #5660 ) ;
#4634 = EDGE_LOOP ( 'NONE', ( #2350, #3994, #3564, #851 ) ) ;
#4635 = PLANE ( 'NONE',  #4633 ) ;
#4636 = CARTESIAN_POINT ( 'NONE',  ( 1.099999999999999201, 0.1999999999999999833, -0.09999999999999993616 ) ) ;
#4637 = LINE ( 'NONE', #4678, #4257 ) ;
#4638 = DIRECTION ( 'NONE',  ( -1.000000000000000000, 0.000000000000000000, 2.168404344971008079E-15 ) ) ;
#4639 = EDGE_LOOP ( 'NONE', ( #50, #773, #1741, #4688 ) ) ;
#4640 = DIRECTION ( 'NONE',  ( 0.000000000000000000, -1.000000000000000000, 0.000000000000000000 ) ) ;
#4641 = CARTESIAN_POINT ( 'NONE',  ( 1.499999999999999112, 0.6472135954999579388, 0.3000000000000003775 ) ) ;
#4642 = VECTOR ( 'NONE', #812, 1000.000000000000000 ) ;
#4643 = CARTESIAN_POINT ( 'NONE',  ( 0.3000000000000007661, 0.2000000000000000111, 1.100000000000000533 ) ) ;
#4644 = PLANE ( 'NONE',  #1771 ) ;
#4645 = ORIENTED_EDGE ( 'NONE', *, *, #440, .T. ) ;
#4646 = CARTESIAN_POINT ( 'NONE',  ( -1.499999999999999112, 0.6472135954999579388, -0.6999999999999998446 ) ) ;
#4647 = ORIENTED_EDGE ( 'NONE', *, *, #3132, .F. ) ;
#4648 = VECTOR ( 'NONE', #5473, 1000.000000000000000 ) ;
#4649 = FACE_OUTER_BOUND ( 'NONE', #4917, .T. ) ;
#4650 = ORIENTED_EDGE ( 'NONE', *, *, #1973, .F. ) ;
#4651 = PRESENTATION_LAYER_ASSIGNMENT (  '', '', ( #3888 ) ) ;
#4652 = CARTESIAN_POINT ( 'NONE',  ( -5.421010862427552369E-17, 0.05000000000000000278, -0.1000000000000005329 ) ) ;
#4653 = ORIENTED_EDGE ( 'NONE', *, *, #1734, .T. ) ;
#4654 = EDGE_CURVE ( 'NONE', #445, #142, #4513, .T. ) ;
#4655 = CARTESIAN_POINT ( 'NONE',  ( 0.5000000000000007772, 0.000000000000000000, 1.500000000000000000 ) ) ;
#4656 = CARTESIAN_POINT ( 'NONE',  ( 1.099999999999999201, 0.6472135954999580498, -0.5000000000000000000 ) ) ;
#4657 = FILL_AREA_STYLE_COLOUR ( '', #1598 ) ;
#4658 = EDGE_LOOP ( 'NONE', ( #3070, #3175, #3348, #5200 ) ) ;
#4659 = VECTOR ( 'NONE', #4924, 1000.000000000000000 ) ;
#4660 = VECTOR ( 'NONE', #161, 1000.000000000000000 ) ;
#4661 = FACE_OUTER_BOUND ( 'NONE', #2556, .T. ) ;
#4662 = EDGE_CURVE ( 'NONE', #445, #1056, #215, .T. ) ;
#4663 = CARTESIAN_POINT ( 'NONE',  ( 1.099999999999999201, 0.1999999999999999833, 0.5000000000000002220 ) ) ;
#4664 = ADVANCED_FACE ( 'NONE', ( #1779 ), #6180, .F. ) ;
#4665 = FILL_AREA_STYLE_COLOUR ( '', #4358 ) ;
#4666 = ORIENTED_EDGE ( 'NONE', *, *, #3080, .F. ) ;
#4667 = LINE ( 'NONE', #4873, #3473 ) ;
#4668 = CARTESIAN_POINT ( 'NONE',  ( 1.099999999999999201, 0.1999999999999999833, 0.9000000000000002442 ) ) ;
#4669 = ORIENTED_EDGE ( 'NONE', *, *, #4662, .T. ) ;
#4670 = ADVANCED_FACE ( 'NONE', ( #4363 ), #4632, .F. ) ;
#4671 = EDGE_CURVE ( 'NONE', #1747, #1204, #2776, .T. ) ;
#4672 = ORIENTED_EDGE ( 'NONE', *, *, #1229, .T. ) ;
#4673 = CARTESIAN_POINT ( 'NONE',  ( 1.500000000000000444, 0.05000000000000000278, -1.500000000000000000 ) ) ;
#4674 = CARTESIAN_POINT ( 'NONE',  ( -0.2999999999999993228, 0.6472135954999583829, 1.500000000000000000 ) ) ;
#4675 = CARTESIAN_POINT ( 'NONE',  ( 1.099999999999999201, 0.6472135954999579388, 0.7000000000000000666 ) ) ;
#4676 = CARTESIAN_POINT ( 'NONE',  ( 1.099999999999999201, 0.05000000000000002359, 0.1000000000000001582 ) ) ;
#4677 = ORIENTED_EDGE ( 'NONE', *, *, #5235, .F. ) ;
#4678 = CARTESIAN_POINT ( 'NONE',  ( 1.500000000000000444, 0.05000000000000000278, 1.500000000000000000 ) ) ;
#4679 = CARTESIAN_POINT ( 'NONE',  ( 1.099999999999999201, 0.2000000000000000944, -0.2999999999999998779 ) ) ;
#4680 = VERTEX_POINT ( 'NONE', #3661 ) ;
#4681 = LINE ( 'NONE', #571, #4374 ) ;
#4682 = CLOSED_SHELL ( 'NONE', ( #5215, #5147, #3906, #3514, #2397, #5626 ) ) ;
#4683 = DIRECTION ( 'NONE',  ( -0.000000000000000000, 0.000000000000000000, 1.000000000000000000 ) ) ;
#4684 = VERTEX_POINT ( 'NONE', #630 ) ;
#4685 = CARTESIAN_POINT ( 'NONE',  ( -0.2999999999999994338, 0.2000000000000000111, -1.100000000000000089 ) ) ;
#4686 = DIRECTION ( 'NONE',  ( 1.000000000000000000, 0.000000000000000000, -5.421010862427523156E-16 ) ) ;
#4687 = CARTESIAN_POINT ( 'NONE',  ( 1.499999999999999112, 0.6472135954999579388, 0.9000000000000002442 ) ) ;
#4688 = ORIENTED_EDGE ( 'NONE', *, *, #5438, .F. ) ;
#4689 = ORIENTED_EDGE ( 'NONE', *, *, #2318, .T. ) ;
#4690 = CARTESIAN_POINT ( 'NONE',  ( -0.2999999999999992117, 0.6472135954999583829, 1.100000000000000089 ) ) ;
#4691 = PLANE ( 'NONE',  #2643 ) ;
#4692 = CARTESIAN_POINT ( 'NONE',  ( -1.099999999999999201, 0.05000000000000002359, 0.9000000000000002442 ) ) ;
#4693 = DIRECTION ( 'NONE',  ( 1.000000000000000000, -0.000000000000000000, 0.000000000000000000 ) ) ;
#4694 = LINE ( 'NONE', #5643, #1485 ) ;
#4695 = FACE_OUTER_BOUND ( 'NONE', #5939, .T. ) ;
#4696 = CARTESIAN_POINT ( 'NONE',  ( 1.499999999999999112, 0.6472135954999580498, -0.4999999999999997780 ) ) ;
#4697 = ORIENTED_EDGE ( 'NONE', *, *, #184, .F. ) ;
#4698 = DIRECTION ( 'NONE',  ( -5.421010862427523156E-16, 0.000000000000000000, 1.000000000000000000 ) ) ;
#4699 = DIRECTION ( 'NONE',  ( -1.275531967630005245E-16, 0.000000000000000000, 1.000000000000000000 ) ) ;
#4700 = CARTESIAN_POINT ( 'NONE',  ( 0.8499999999999997558, 2.604163056034261903, 0.8500000000000001998 ) ) ;
#4701 = ORIENTED_EDGE ( 'NONE', *, *, #1097, .T. ) ;
#4702 = CARTESIAN_POINT ( 'NONE',  ( -0.8500000000000001998, 0.05000000000000000278, -0.8499999999999999778 ) ) ;
#4703 = FACE_OUTER_BOUND ( 'NONE', #4658, .T. ) ;
#4704 = CARTESIAN_POINT ( 'NONE',  ( 1.099999999999999201, 0.6472135954999579388, -0.9000000000000000222 ) ) ;
#4705 = EDGE_CURVE ( 'NONE', #5058, #1289, #4579, .T. ) ;
#4706 = DIRECTION ( 'NONE',  ( 1.000000000000000000, 0.000000000000000000, -2.168404344971008079E-15 ) ) ;
#4707 = VERTEX_POINT ( 'NONE', #4123 ) ;
#4708 = ADVANCED_FACE ( 'NONE', ( #5747 ), #2673, .F. ) ;
#4709 = ORIENTED_EDGE ( 'NONE', *, *, #2056, .F. ) ;
#4710 = CARTESIAN_POINT ( 'NONE',  ( -0.6999999999999996225, 0.2000000000000000111, -1.500000000000000000 ) ) ;
#4711 = VECTOR ( 'NONE', #2728, 1000.000000000000000 ) ;
#4712 = UNCERTAINTY_MEASURE_WITH_UNIT (LENGTH_MEASURE( 1.000000000000000082E-05 ), #2577, 'distance_accuracy_value', 'NONE');
#4713 = APPLICATION_PROTOCOL_DEFINITION ( 'draft international standard', 'automotive_design', 1998, #6169 ) ;
#4714 = DIRECTION ( 'NONE',  ( 5.421010862427523156E-16, 0.000000000000000000, 1.000000000000000000 ) ) ;
#4715 = DIRECTION ( 'NONE',  ( 1.000000000000000000, -0.000000000000000000, -2.168404344971010446E-15 ) ) ;
#4716 = DIRECTION ( 'NONE',  ( -0.000000000000000000, -1.000000000000000000, -0.000000000000000000 ) ) ;
#4717 = CARTESIAN_POINT ( 'NONE',  ( 1.099999999999999201, 0.1999999999999999833, 0.9000000000000002442 ) ) ;
#4718 = ORIENTED_EDGE ( 'NONE', *, *, #3099, .F. ) ;
#4719 = VECTOR ( 'NONE', #1713, 1000.000000000000000 ) ;
#4720 = DIRECTION ( 'NONE',  ( 1.000000000000000000, 0.000000000000000000, -2.168404344971008079E-15 ) ) ;
#4721 = VERTEX_POINT ( 'NONE', #3634 ) ;
#4722 = PLANE ( 'NONE',  #1071 ) ;
#4723 = CARTESIAN_POINT ( 'NONE',  ( 0.7000000000000008438, 0.04999999999999969746, 1.500000000000000444 ) ) ;
#4724 = LINE ( 'NONE', #1884, #6096 ) ;
#4725 = DIRECTION ( 'NONE',  ( -1.000000000000000000, 0.000000000000000000, 0.000000000000000000 ) ) ;
#4726 = PRESENTATION_LAYER_ASSIGNMENT (  '', '', ( #4390 ) ) ;
#4727 = PLANE ( 'NONE',  #2555 ) ;
#4728 = ORIENTED_EDGE ( 'NONE', *, *, #4598, .F. ) ;
#4729 = EDGE_CURVE ( 'NONE', #3169, #4379, #439, .T. ) ;
#4730 = LINE ( 'NONE', #4641, #2438 ) ;
#4731 = LINE ( 'NONE', #2744, #5254 ) ;
#4732 = CARTESIAN_POINT ( 'NONE',  ( -0.6999999999999994005, 0.6472135954999583829, -1.100000000000000089 ) ) ;
#4733 = ORIENTED_EDGE ( 'NONE', *, *, #5320, .T. ) ;
#4734 = EDGE_CURVE ( 'NONE', #5826, #2061, #5568, .T. ) ;
#4735 = ORIENTED_EDGE ( 'NONE', *, *, #2130, .T. ) ;
#4736 = DIRECTION ( 'NONE',  ( -1.275531967630005245E-16, 0.000000000000000000, 1.000000000000000000 ) ) ;
#4737 = STYLED_ITEM ( 'NONE', ( #5993 ), #4010 ) ;
#4738 = CARTESIAN_POINT ( 'NONE',  ( 1.099999999999999201, 0.1999999999999999833, 0.3000000000000001554 ) ) ;
#4739 = CARTESIAN_POINT ( 'NONE',  ( -1.099999999999999201, 0.6472135954999579388, -0.6999999999999998446 ) ) ;
#4740 = PLANE ( 'NONE',  #5962 ) ;
#4741 = LINE ( 'NONE', #2540, #281 ) ;
#4742 = VECTOR ( 'NONE', #501, 1000.000000000000000 ) ;
#4743 = VERTEX_POINT ( 'NONE', #1154 ) ;
#4744 =( NAMED_UNIT ( * ) SI_UNIT ( $, .STERADIAN. ) SOLID_ANGLE_UNIT ( ) );
#4745 = ADVANCED_FACE ( 'NONE', ( #4288 ), #3201, .T. ) ;
#4746 = LINE ( 'NONE', #2443, #5115 ) ;
#4747 = AXIS2_PLACEMENT_3D ( 'NONE', #1386, #1325, #5823 ) ;
#4748 = CARTESIAN_POINT ( 'NONE',  ( -1.099999999999999201, 0.1999999999999999833, -0.6999999999999998446 ) ) ;
#4749 = EDGE_CURVE ( 'NONE', #4459, #2775, #1224, .T. ) ;
#4750 = ORIENTED_EDGE ( 'NONE', *, *, #5555, .F. ) ;
#4751 = CARTESIAN_POINT ( 'NONE',  ( 0.1000000000000011019, 0.05000000000000000278, 2.710505431213791284E-17 ) ) ;
#4752 = CARTESIAN_POINT ( 'NONE',  ( 0.1000000000000003664, 0.000000000000000000, -1.500000000000000000 ) ) ;
#4753 = VECTOR ( 'NONE', #2335, 1000.000000000000000 ) ;
#4754 = FILL_AREA_STYLE ('',( #6229 ) ) ;
#4755 = LINE ( 'NONE', #141, #3072 ) ;
#4756 = VECTOR ( 'NONE', #3367, 1000.000000000000000 ) ;
#4757 = DIRECTION ( 'NONE',  ( -0.000000000000000000, -0.000000000000000000, 1.000000000000000000 ) ) ;
#4758 = ORIENTED_EDGE ( 'NONE', *, *, #5516, .T. ) ;
#4759 = DIRECTION ( 'NONE',  ( 0.000000000000000000, -1.000000000000000000, 0.000000000000000000 ) ) ;
#4760 = FACE_OUTER_BOUND ( 'NONE', #1868, .T. ) ;
#4761 = EDGE_CURVE ( 'NONE', #2775, #4951, #1536, .T. ) ;
#4762 = PLANE ( 'NONE',  #1881 ) ;
#4763 = FACE_OUTER_BOUND ( 'NONE', #790, .T. ) ;
#4764 = DIRECTION ( 'NONE',  ( 0.000000000000000000, -0.000000000000000000, 1.000000000000000000 ) ) ;
#4765 = DIRECTION ( 'NONE',  ( -0.000000000000000000, -1.000000000000000000, -0.000000000000000000 ) ) ;
#4766 = PLANE ( 'NONE',  #3323 ) ;
#4767 = CARTESIAN_POINT ( 'NONE',  ( -1.099999999999999201, 0.000000000000000000, 0.5000000000000002220 ) ) ;
#4768 = ORIENTED_EDGE ( 'NONE', *, *, #5710, .F. ) ;
#4769 = ORIENTED_EDGE ( 'NONE', *, *, #3910, .T. ) ;
#4770 = ORIENTED_EDGE ( 'NONE', *, *, #5171, .F. ) ;
#4771 = DIRECTION ( 'NONE',  ( -1.000000000000000000, -0.000000000000000000, -5.421010862427523156E-16 ) ) ;
#4772 = VERTEX_POINT ( 'NONE', #178 ) ;
#4773 =( LENGTH_UNIT ( ) NAMED_UNIT ( * ) SI_UNIT ( .MILLI., .METRE. ) );
#4774 = ORIENTED_EDGE ( 'NONE', *, *, #4853, .F. ) ;
#4775 =( NAMED_UNIT ( * ) PLANE_ANGLE_UNIT ( ) SI_UNIT ( $, .RADIAN. ) );
#4776 = CARTESIAN_POINT ( 'NONE',  ( 0.1000000000000003664, 0.1999999999999999833, -1.500000000000000000 ) ) ;
#4777 = AXIS2_PLACEMENT_3D ( 'NONE', #1434, #4971, #6347 ) ;
#4778 = ORIENTED_EDGE ( 'NONE', *, *, #3227, .T. ) ;
#4779 = DIRECTION ( 'NONE',  ( 0.000000000000000000, 0.000000000000000000, -1.000000000000000000 ) ) ;
#4780 = ADVANCED_FACE ( 'NONE', ( #3076 ), #5311, .F. ) ;
#4781 = DIRECTION ( 'NONE',  ( -5.421010862427523156E-16, 0.000000000000000000, -1.000000000000000000 ) ) ;
#4782 = CARTESIAN_POINT ( 'NONE',  ( 0.7000000000000007327, 0.000000000000000000, 1.100000000000000533 ) ) ;
#4783 = DIRECTION ( 'NONE',  ( 0.000000000000000000, 0.000000000000000000, 1.000000000000000000 ) ) ;
#4784 = CARTESIAN_POINT ( 'NONE',  ( -1.099999999999999201, 0.1999999999999999833, 0.9000000000000002442 ) ) ;
#4785 = ORIENTED_EDGE ( 'NONE', *, *, #1796, .T. ) ;
#4786 = STYLED_ITEM ( 'NONE', ( #2935 ), #4509 ) ;
#4787 = CARTESIAN_POINT ( 'NONE',  ( -0.2999999999999992117, 0.04999999999999999584, 1.100000000000000089 ) ) ;
#4788 = EDGE_CURVE ( 'NONE', #5854, #5550, #4104, .T. ) ;
#4789 = ORIENTED_EDGE ( 'NONE', *, *, #6266, .F. ) ;
#4790 = ORIENTED_EDGE ( 'NONE', *, *, #3587, .T. ) ;
#4791 = ORIENTED_EDGE ( 'NONE', *, *, #5853, .F. ) ;
#4792 = VECTOR ( 'NONE', #5092, 1000.000000000000000 ) ;
#4793 = CARTESIAN_POINT ( 'NONE',  ( 0.5000000000000008882, 0.000000000000000000, 1.100000000000000089 ) ) ;
#4794 = CARTESIAN_POINT ( 'NONE',  ( 1.500000000000000444, 6.042640687119285481, 1.500000000000000000 ) ) ;
#4795 = ORIENTED_EDGE ( 'NONE', *, *, #5183, .F. ) ;
#4796 = DIRECTION ( 'NONE',  ( -2.710505431213761578E-16, 0.000000000000000000, 1.000000000000000000 ) ) ;
#4797 = ORIENTED_EDGE ( 'NONE', *, *, #3279, .F. ) ;
#4798 = CARTESIAN_POINT ( 'NONE',  ( -1.099999999999999201, 0.6472135954999580498, -0.2999999999999998779 ) ) ;
#4799 = EDGE_CURVE ( 'NONE', #2904, #4340, #5821, .T. ) ;
#4800 = VECTOR ( 'NONE', #4796, 1000.000000000000000 ) ;
#4801 = UNCERTAINTY_MEASURE_WITH_UNIT (LENGTH_MEASURE( 1.000000000000000082E-05 ), #1408, 'distance_accuracy_value', 'NONE');
#4802 = ORIENTED_EDGE ( 'NONE', *, *, #239, .T. ) ;
#4803 = EDGE_CURVE ( 'NONE', #4087, #3332, #2852, .T. ) ;
#4804 = VECTOR ( 'NONE', #1085, 1000.000000000000000 ) ;
#4805 = DIRECTION ( 'NONE',  ( 1.000000000000000000, 0.000000000000000000, -5.421010862427523156E-16 ) ) ;
#4806 = DIRECTION ( 'NONE',  ( 0.000000000000000000, -1.000000000000000000, 0.000000000000000000 ) ) ;
#4807 = MECHANICAL_DESIGN_GEOMETRIC_PRESENTATION_REPRESENTATION (  '', ( #4025 ), #4384 ) ;
#4808 = ORIENTED_EDGE ( 'NONE', *, *, #2537, .F. ) ;
#4809 = EDGE_CURVE ( 'NONE', #5517, #5332, #3951, .T. ) ;
#4810 = VECTOR ( 'NONE', #1721, 1000.000000000000000 ) ;
#4811 = ADVANCED_FACE ( 'NONE', ( #673 ), #5273, .T. ) ;
#4812 = ORIENTED_EDGE ( 'NONE', *, *, #2110, .T. ) ;
#4813 = ORIENTED_EDGE ( 'NONE', *, *, #429, .T. ) ;
#4814 = CARTESIAN_POINT ( 'NONE',  ( 1.499999999999999112, 0.1999999999999999833, -0.09999999999999971412 ) ) ;
#4815 = PRESENTATION_LAYER_ASSIGNMENT (  '', '', ( #4474 ) ) ;
#4816 = PRESENTATION_STYLE_ASSIGNMENT (( #6046 ) ) ;
#4817 = VECTOR ( 'NONE', #1086, 1000.000000000000000 ) ;
#4818 = ORIENTED_EDGE ( 'NONE', *, *, #6369, .T. ) ;
#4819 = VECTOR ( 'NONE', #5691, 1000.000000000000000 ) ;
#4820 = VECTOR ( 'NONE', #2302, 1000.000000000000000 ) ;
#4821 = CARTESIAN_POINT ( 'NONE',  ( -0.4999999999999993339, 0.000000000000000000, 1.100000000000000533 ) ) ;
#4822 = EDGE_CURVE ( 'NONE', #16, #869, #1459, .T. ) ;
#4823 = CARTESIAN_POINT ( 'NONE',  ( -1.099999999999999201, 0.6472135954999579388, -0.09999999999999993616 ) ) ;
#4824 = ORIENTED_EDGE ( 'NONE', *, *, #720, .F. ) ;
#4825 = CARTESIAN_POINT ( 'NONE',  ( -1.099999999999999201, 0.05000000000000002359, 0.1000000000000001582 ) ) ;
#4826 = FACE_OUTER_BOUND ( 'NONE', #1658, .T. ) ;
#4827 = CARTESIAN_POINT ( 'NONE',  ( 1.099999999999999201, 0.1999999999999999833, -0.6999999999999998446 ) ) ;
#4828 = ORIENTED_EDGE ( 'NONE', *, *, #1030, .F. ) ;
#4829 = LINE ( 'NONE', #3852, #2534 ) ;
#4830 =( GEOMETRIC_REPRESENTATION_CONTEXT ( 3 ) GLOBAL_UNCERTAINTY_ASSIGNED_CONTEXT ( ( #5173 ) ) GLOBAL_UNIT_ASSIGNED_CONTEXT ( ( #682, #1646, #4182 ) ) REPRESENTATION_CONTEXT ( 'NONE', 'WORKASPACE' ) );
#4831 = VERTEX_POINT ( 'NONE', #5250 ) ;
#4832 = EDGE_CURVE ( 'NONE', #5493, #4488, #3002, .T. ) ;
#4833 = DIRECTION ( 'NONE',  ( -1.445602896647339163E-16, 0.000000000000000000, -1.000000000000000000 ) ) ;
#4834 = ORIENTED_EDGE ( 'NONE', *, *, #4761, .T. ) ;
#4835 = ORIENTED_EDGE ( 'NONE', *, *, #3005, .T. ) ;
#4836 = COLOUR_RGB ( '',0.7921568627450980005, 0.8196078431372548767, 0.9333333333333333481 ) ;
#4837 = ORIENTED_EDGE ( 'NONE', *, *, #323, .T. ) ;
#4838 = ADVANCED_FACE ( 'NONE', ( #363 ), #3790, .T. ) ;
#4839 = EDGE_LOOP ( 'NONE', ( #5513, #518, #3120, #247 ) ) ;
#4840 = CARTESIAN_POINT ( 'NONE',  ( -1.099999999999999201, 0.6472135954999579388, 0.5000000000000002220 ) ) ;
#4841 = ORIENTED_EDGE ( 'NONE', *, *, #4832, .F. ) ;
#4842 = CARTESIAN_POINT ( 'NONE',  ( 0.5000000000000008882, 0.1999999999999999833, 1.100000000000000089 ) ) ;
#4843 = PLANE ( 'NONE',  #5671 ) ;
#4844 = FACE_OUTER_BOUND ( 'NONE', #2340, .T. ) ;
#4845 = ORIENTED_EDGE ( 'NONE', *, *, #2906, .F. ) ;
#4846 = SURFACE_STYLE_USAGE ( .BOTH. , #5349 ) ;
#4847 = ORIENTED_EDGE ( 'NONE', *, *, #5271, .F. ) ;
#4848 = VERTEX_POINT ( 'NONE', #2313 ) ;
#4849 = AXIS2_PLACEMENT_3D ( 'NONE', #3771, #5187, #2272 ) ;
#4850 = FACE_OUTER_BOUND ( 'NONE', #648, .T. ) ;
#4851 = FACE_OUTER_BOUND ( 'NONE', #436, .T. ) ;
#4852 = CARTESIAN_POINT ( 'NONE',  ( -1.099999999999999201, 0.2000000000000000944, -0.2999999999999998779 ) ) ;
#4853 = EDGE_CURVE ( 'NONE', #4684, #4470, #4024, .T. ) ;
#4854 = CARTESIAN_POINT ( 'NONE',  ( -0.09999999999999950595, 0.000000000000000000, -1.500000000000000000 ) ) ;
#4855 = ORIENTED_EDGE ( 'NONE', *, *, #4543, .T. ) ;
#4856 = LINE ( 'NONE', #1476, #5003 ) ;
#4857 = CARTESIAN_POINT ( 'NONE',  ( -1.499999999999999112, 0.000000000000000000, 0.9000000000000002442 ) ) ;
#4858 = VERTEX_POINT ( 'NONE', #4814 ) ;
#4859 = DIRECTION ( 'NONE',  ( -0.000000000000000000, -1.000000000000000000, -0.000000000000000000 ) ) ;
#4860 = ORIENTED_EDGE ( 'NONE', *, *, #3786, .F. ) ;
#4861 = LINE ( 'NONE', #1444, #3121 ) ;
#4862 =( LENGTH_UNIT ( ) NAMED_UNIT ( * ) SI_UNIT ( .MILLI., .METRE. ) );
#4863 = ORIENTED_EDGE ( 'NONE', *, *, #2322, .F. ) ;
#4864 = ORIENTED_EDGE ( 'NONE', *, *, #3656, .F. ) ;
#4865 = STYLED_ITEM ( 'NONE', ( #2998 ), #5637 ) ;
#4866 = VECTOR ( 'NONE', #2235, 1000.000000000000000 ) ;
#4867 = DIRECTION ( 'NONE',  ( 2.710505431213761578E-16, 0.000000000000000000, 1.000000000000000000 ) ) ;
#4868 = EDGE_CURVE ( 'NONE', #6416, #4444, #3876, .T. ) ;
#4869 = ADVANCED_FACE ( 'NONE', ( #5045 ), #6286, .F. ) ;
#4870 = EDGE_LOOP ( 'NONE', ( #2886, #3173, #894, #2498 ) ) ;
#4871 =( LENGTH_UNIT ( ) NAMED_UNIT ( * ) SI_UNIT ( .MILLI., .METRE. ) );
#4872 = FACE_OUTER_BOUND ( 'NONE', #921, .T. ) ;
#4873 = CARTESIAN_POINT ( 'NONE',  ( 1.099999999999999201, 0.1999999999999999833, 0.1000000000000001582 ) ) ;
#4874 = CARTESIAN_POINT ( 'NONE',  ( 0.3000000000000008771, 0.2000000000000000111, 1.500000000000000444 ) ) ;
#4875 = ORIENTED_EDGE ( 'NONE', *, *, #4705, .T. ) ;
#4876 = EDGE_CURVE ( 'NONE', #5734, #5517, #2698, .T. ) ;
#4877 = VECTOR ( 'NONE', #2828, 1000.000000000000000 ) ;
#4878 = CARTESIAN_POINT ( 'NONE',  ( 0.000000000000000000, 0.2000000000000000111, 0.000000000000000000 ) ) ;
#4879 = ORIENTED_EDGE ( 'NONE', *, *, #2707, .T. ) ;
#4880 = ORIENTED_EDGE ( 'NONE', *, *, #6231, .T. ) ;
#4881 = DIRECTION ( 'NONE',  ( -0.000000000000000000, -1.000000000000000000, -0.000000000000000000 ) ) ;
#4882 = LINE ( 'NONE', #5620, #5093 ) ;
#4883 = PRESENTATION_STYLE_ASSIGNMENT (( #6288 ) ) ;
#4884 = MECHANICAL_DESIGN_GEOMETRIC_PRESENTATION_REPRESENTATION (  '', ( #3868 ), #5514 ) ;
#4885 =( NAMED_UNIT ( * ) PLANE_ANGLE_UNIT ( ) SI_UNIT ( $, .RADIAN. ) );
#4886 = ORIENTED_EDGE ( 'NONE', *, *, #5883, .T. ) ;
#4887 = EDGE_CURVE ( 'NONE', #2360, #2912, #3722, .T. ) ;
#4888 = ORIENTED_EDGE ( 'NONE', *, *, #4207, .F. ) ;
#4889 = CARTESIAN_POINT ( 'NONE',  ( 0.7000000000000007327, 0.000000000000000000, 1.100000000000000533 ) ) ;
#4890 = DIRECTION ( 'NONE',  ( 1.000000000000000000, -0.000000000000000000, 0.000000000000000000 ) ) ;
#4891 = CARTESIAN_POINT ( 'NONE',  ( -1.499999999999999112, 0.000000000000000000, 0.7000000000000002887 ) ) ;
#4892 = FACE_OUTER_BOUND ( 'NONE', #1026, .T. ) ;
#4893 = LINE ( 'NONE', #66, #2143 ) ;
#4894 = ORIENTED_EDGE ( 'NONE', *, *, #1091, .F. ) ;
#4895 = DIRECTION ( 'NONE',  ( -1.000000000000000000, 0.000000000000000000, -0.000000000000000000 ) ) ;
#4896 = AXIS2_PLACEMENT_3D ( 'NONE', #5973, #1542, #1074 ) ;
#4897 = LINE ( 'NONE', #3978, #4020 ) ;
#4898 = ORIENTED_EDGE ( 'NONE', *, *, #2027, .F. ) ;
#4899 = CARTESIAN_POINT ( 'NONE',  ( 0.3000000000000008771, 0.04999999999999969746, 1.500000000000000444 ) ) ;
#4900 = ADVANCED_FACE ( 'NONE', ( #5487 ), #1756, .F. ) ;
#4901 = VECTOR ( 'NONE', #2804, 1000.000000000000000 ) ;
#4902 = FACE_OUTER_BOUND ( 'NONE', #2587, .T. ) ;
#4903 = VECTOR ( 'NONE', #3747, 1000.000000000000000 ) ;
#4904 = AXIS2_PLACEMENT_3D ( 'NONE', #6077, #144, #4140 ) ;
#4905 = CARTESIAN_POINT ( 'NONE',  ( 1.499999999999999112, 0.1999999999999999833, -0.6999999999999998446 ) ) ;
#4906 = EDGE_LOOP ( 'NONE', ( #2948, #3901, #5998, #2677 ) ) ;
#4907 = DIRECTION ( 'NONE',  ( 0.000000000000000000, 1.000000000000000000, 0.000000000000000000 ) ) ;
#4908 = VECTOR ( 'NONE', #5875, 1000.000000000000000 ) ;
#4909 = DIRECTION ( 'NONE',  ( -1.000000000000000000, 0.000000000000000000, 0.000000000000000000 ) ) ;
#4910 = MANIFOLD_SOLID_BREP ( 'LPattern3[7]', #25 ) ;
#4911 = DIRECTION ( 'NONE',  ( -5.421010862427523156E-16, 0.000000000000000000, 1.000000000000000000 ) ) ;
#4912 = CARTESIAN_POINT ( 'NONE',  ( 1.099999999999999201, 0.6472135954999579388, 0.9000000000000002442 ) ) ;
#4913 = ORIENTED_EDGE ( 'NONE', *, *, #3558, .T. ) ;
#4914 = AXIS2_PLACEMENT_3D ( 'NONE', #1405, #2974, #2032 ) ;
#4915 = CARTESIAN_POINT ( 'NONE',  ( -2.710505431213764536E-16, 0.05000000000000000278, -0.5000000000000005551 ) ) ;
#4916 = EDGE_CURVE ( 'NONE', #1251, #926, #3548, .T. ) ;
#4917 = EDGE_LOOP ( 'NONE', ( #2341, #2652, #6446, #6270 ) ) ;
#4918 = DIRECTION ( 'NONE',  ( 0.000000000000000000, -0.000000000000000000, -1.000000000000000000 ) ) ;
#4919 = VERTEX_POINT ( 'NONE', #4405 ) ;
#4920 = ORIENTED_EDGE ( 'NONE', *, *, #347, .F. ) ;
#4921 = CARTESIAN_POINT ( 'NONE',  ( 0.9000000000000007994, 0.6472135954999583829, 1.100000000000000089 ) ) ;
#4922 = LINE ( 'NONE', #4652, #4226 ) ;
#4923 = DIRECTION ( 'NONE',  ( 0.000000000000000000, 0.000000000000000000, -1.000000000000000000 ) ) ;
#4924 = DIRECTION ( 'NONE',  ( 0.000000000000000000, 0.000000000000000000, -1.000000000000000000 ) ) ;
#4925 = ORIENTED_EDGE ( 'NONE', *, *, #1943, .F. ) ;
#4926 = LINE ( 'NONE', #2703, #2801 ) ;
#4927 = CARTESIAN_POINT ( 'NONE',  ( 1.099999999999999201, 0.6472135954999579388, 0.1000000000000001582 ) ) ;
#4928 = VERTEX_POINT ( 'NONE', #5403 ) ;
#4929 = AXIS2_PLACEMENT_3D ( 'NONE', #3643, #1092, #2121 ) ;
#4930 = ADVANCED_FACE ( 'NONE', ( #5190 ), #2874, .F. ) ;
#4931 = EDGE_LOOP ( 'NONE', ( #3295, #5053, #5017, #1850 ) ) ;
#4932 = PRESENTATION_STYLE_ASSIGNMENT (( #3706 ) ) ;
#4933 = EDGE_CURVE ( 'NONE', #4379, #4216, #910, .T. ) ;
#4934 = CARTESIAN_POINT ( 'NONE',  ( -0.6999999999999994005, 0.000000000000000000, -1.100000000000000089 ) ) ;
#4935 = EDGE_LOOP ( 'NONE', ( #381, #3499, #807, #6143 ) ) ;
#4936 = VERTEX_POINT ( 'NONE', #3822 ) ;
#4937 = EDGE_LOOP ( 'NONE', ( #2338, #2934, #5971, #5648 ) ) ;
#4938 = VECTOR ( 'NONE', #680, 1000.000000000000000 ) ;
#4939 = EDGE_CURVE ( 'NONE', #3380, #474, #5039, .T. ) ;
#4940 = CARTESIAN_POINT ( 'NONE',  ( 0.000000000000000000, 0.05000000000000000278, -0.6999999999999998446 ) ) ;
#4941 = CARTESIAN_POINT ( 'NONE',  ( 2.385244779468107388E-15, 0.05000000000000000278, 1.099999999999999423 ) ) ;
#4942 = ORIENTED_EDGE ( 'NONE', *, *, #2016, .T. ) ;
#4943 = SURFACE_STYLE_FILL_AREA ( #4754 ) ;
#4944 = CARTESIAN_POINT ( 'NONE',  ( -0.8500000000000001998, 0.2000000000000000944, -0.8499999999999999778 ) ) ;
#4945 = DIRECTION ( 'NONE',  ( 0.000000000000000000, -0.000000000000000000, 1.000000000000000000 ) ) ;
#4946 = ORIENTED_EDGE ( 'NONE', *, *, #3576, .T. ) ;
#4947 = AXIS2_PLACEMENT_3D ( 'NONE', #337, #2263, #3801 ) ;
#4948 = CARTESIAN_POINT ( 'NONE',  ( -0.2999999999999994338, 0.000000000000000000, -1.100000000000000089 ) ) ;
#4949 = EDGE_CURVE ( 'NONE', #2053, #996, #1852, .T. ) ;
#4950 = VECTOR ( 'NONE', #48, 1000.000000000000000 ) ;
#4951 = VERTEX_POINT ( 'NONE', #4424 ) ;
#4952 = FACE_OUTER_BOUND ( 'NONE', #1001, .T. ) ;
#4953 = VECTOR ( 'NONE', #6355, 1000.000000000000000 ) ;
#4954 = ORIENTED_EDGE ( 'NONE', *, *, #1229, .F. ) ;
#4955 = EDGE_CURVE ( 'NONE', #2168, #374, #3160, .T. ) ;
#4956 = ORIENTED_EDGE ( 'NONE', *, *, #2074, .F. ) ;
#4957 = CARTESIAN_POINT ( 'NONE',  ( 0.9000000000000007994, 0.1999999999999996503, 1.500000000000000000 ) ) ;
#4958 = ADVANCED_FACE ( 'NONE', ( #983 ), #909, .F. ) ;
#4959 = LINE ( 'NONE', #3501, #5034 ) ;
#4960 = DIRECTION ( 'NONE',  ( -2.710505431213761578E-16, 0.000000000000000000, -1.000000000000000000 ) ) ;
#4961 = CARTESIAN_POINT ( 'NONE',  ( 0.9000000000000007994, 0.2000000000000000111, 1.100000000000000089 ) ) ;
#4962 = ORIENTED_EDGE ( 'NONE', *, *, #2063, .T. ) ;
#4963 = AXIS2_PLACEMENT_3D ( 'NONE', #4321, #900, #5379 ) ;
#4964 = SURFACE_STYLE_FILL_AREA ( #152 ) ;
#4965 = LINE ( 'NONE', #2284, #828 ) ;
#4966 = CARTESIAN_POINT ( 'NONE',  ( -1.099999999999999201, 0.1999999999999999833, 0.5000000000000002220 ) ) ;
#4967 = ORIENTED_EDGE ( 'NONE', *, *, #4543, .F. ) ;
#4968 = VECTOR ( 'NONE', #294, 1000.000000000000000 ) ;
#4969 = CARTESIAN_POINT ( 'NONE',  ( -0.4999999999999995559, 0.1999999999999999833, -1.500000000000000000 ) ) ;
#4970 = VECTOR ( 'NONE', #3051, 1000.000000000000000 ) ;
#4971 = DIRECTION ( 'NONE',  ( 0.000000000000000000, 0.000000000000000000, -1.000000000000000000 ) ) ;
#4972 = DIRECTION ( 'NONE',  ( 1.000000000000000000, -0.000000000000000000, 0.000000000000000000 ) ) ;
#4973 = EDGE_LOOP ( 'NONE', ( #5089, #213, #5232, #4377 ) ) ;
#4974 = VECTOR ( 'NONE', #929, 1000.000000000000000 ) ;
#4975 = ORIENTED_EDGE ( 'NONE', *, *, #2837, .T. ) ;
#4976 = CARTESIAN_POINT ( 'NONE',  ( 0.9000000000000007994, 0.1999999999999999833, 1.100000000000000089 ) ) ;
#4977 = CARTESIAN_POINT ( 'NONE',  ( 1.499999999999999112, 0.6472135954999579388, 0.9000000000000002442 ) ) ;
#4978 = ORIENTED_EDGE ( 'NONE', *, *, #720, .T. ) ;
#4979 = LINE ( 'NONE', #5654, #3803 ) ;
#4980 = VERTEX_POINT ( 'NONE', #358 ) ;
#4981 = MANIFOLD_SOLID_BREP ( 'LPattern3[3]', #1107 ) ;
#4982 = CARTESIAN_POINT ( 'NONE',  ( -0.4999999999999993339, 0.2000000000000000111, 1.100000000000000533 ) ) ;
#4983 = EDGE_CURVE ( 'NONE', #3369, #5072, #582, .T. ) ;
#4984 = ORIENTED_EDGE ( 'NONE', *, *, #4876, .F. ) ;
#4985 = ORIENTED_EDGE ( 'NONE', *, *, #5315, .T. ) ;
#4986 = CARTESIAN_POINT ( 'NONE',  ( 1.099999999999999201, 0.1999999999999999833, 0.3000000000000001554 ) ) ;
#4987 = DIRECTION ( 'NONE',  ( 0.000000000000000000, 0.000000000000000000, -1.000000000000000000 ) ) ;
#4988 = EDGE_LOOP ( 'NONE', ( #3270, #3412, #2432, #555 ) ) ;
#4989 = DIRECTION ( 'NONE',  ( 1.000000000000000000, 0.000000000000000000, -2.710505431213761578E-16 ) ) ;
#4990 = ADVANCED_FACE ( 'NONE', ( #2691 ), #1938, .F. ) ;
#4991 = VECTOR ( 'NONE', #2740, 1000.000000000000000 ) ;
#4992 = EDGE_LOOP ( 'NONE', ( #265, #6142, #3159, #2809 ) ) ;
#4993 = PLANE ( 'NONE',  #6040 ) ;
#4994 = EDGE_CURVE ( 'NONE', #5125, #3690, #5885, .T. ) ;
#4995 = ORIENTED_EDGE ( 'NONE', *, *, #5047, .T. ) ;
#4996 = ORIENTED_EDGE ( 'NONE', *, *, #2437, .T. ) ;
#4997 = FACE_OUTER_BOUND ( 'NONE', #6341, .T. ) ;
#4998 = FACE_OUTER_BOUND ( 'NONE', #3075, .T. ) ;
#4999 = DIRECTION ( 'NONE',  ( -1.000000000000000000, 0.000000000000000000, 0.000000000000000000 ) ) ;
#5000 = DIRECTION ( 'NONE',  ( 1.000000000000000000, -0.000000000000000000, -2.168404344971010446E-15 ) ) ;
#5001 = ORIENTED_EDGE ( 'NONE', *, *, #1133, .F. ) ;
#5002 = AXIS2_PLACEMENT_3D ( 'NONE', #5302, #6257, #1362 ) ;
#5003 = VECTOR ( 'NONE', #4638, 1000.000000000000000 ) ;
#5004 = DIRECTION ( 'NONE',  ( -1.000000000000000000, 0.000000000000000000, -1.275531967630005245E-16 ) ) ;
#5005 = CARTESIAN_POINT ( 'NONE',  ( 0.1000000000000008105, 0.2000000000000000111, 1.100000000000000089 ) ) ;
#5006 = ORIENTED_EDGE ( 'NONE', *, *, #1321, .T. ) ;
#5007 = ADVANCED_FACE ( 'NONE', ( #1376 ), #4843, .T. ) ;
#5008 = ORIENTED_EDGE ( 'NONE', *, *, #1510, .T. ) ;
#5009 = ORIENTED_EDGE ( 'NONE', *, *, #2518, .F. ) ;
#5010 = VECTOR ( 'NONE', #1986, 1000.000000000000000 ) ;
#5011 = CARTESIAN_POINT ( 'NONE',  ( 1.099999999999999201, 0.1999999999999999833, 0.1000000000000001582 ) ) ;
#5012 = CARTESIAN_POINT ( 'NONE',  ( 0.9000000000000011324, 0.05000000000000000278, -4.878909776184776856E-16 ) ) ;
#5013 = DIRECTION ( 'NONE',  ( 0.000000000000000000, 0.000000000000000000, -1.000000000000000000 ) ) ;
#5014 = AXIS2_PLACEMENT_3D ( 'NONE', #3420, #1423, #5452 ) ;
#5015 = ORIENTED_EDGE ( 'NONE', *, *, #3856, .F. ) ;
#5016 = CARTESIAN_POINT ( 'NONE',  ( -1.099999999999999201, 0.1999999999999999833, 0.1000000000000001582 ) ) ;
#5017 = ORIENTED_EDGE ( 'NONE', *, *, #1310, .T. ) ;
#5018 = VECTOR ( 'NONE', #1081, 1000.000000000000000 ) ;
#5019 = ORIENTED_EDGE ( 'NONE', *, *, #6176, .T. ) ;
#5020 = CARTESIAN_POINT ( 'NONE',  ( -1.499999999999999112, 0.04999999999999969746, -0.6999999999999998446 ) ) ;
#5021 = ADVANCED_FACE ( 'NONE', ( #4357 ), #5825, .T. ) ;
#5022 = EDGE_LOOP ( 'NONE', ( #5789, #4650, #526, #4420 ) ) ;
#5023 = CARTESIAN_POINT ( 'NONE',  ( 1.099999999999999201, 0.1999999999999999833, 0.5000000000000002220 ) ) ;
#5024 = VECTOR ( 'NONE', #1504, 1000.000000000000000 ) ;
#5025 = ORIENTED_EDGE ( 'NONE', *, *, #2621, .T. ) ;
#5026 = VERTEX_POINT ( 'NONE', #1364 ) ;
#5027 = EDGE_CURVE ( 'NONE', #2198, #3526, #1527, .T. ) ;
#5028 = DIRECTION ( 'NONE',  ( 0.000000000000000000, 0.000000000000000000, -1.000000000000000000 ) ) ;
#5029 = VECTOR ( 'NONE', #5780, 1000.000000000000000 ) ;
#5030 = CARTESIAN_POINT ( 'NONE',  ( -1.099999999999999201, 0.1999999999999999833, -0.5000000000000000000 ) ) ;
#5031 = PLANE ( 'NONE',  #1018 ) ;
#5032 = ORIENTED_EDGE ( 'NONE', *, *, #1097, .F. ) ;
#5033 = ADVANCED_FACE ( 'NONE', ( #3240 ), #1751, .F. ) ;
#5034 = VECTOR ( 'NONE', #3973, 1000.000000000000000 ) ;
#5035 = AXIS2_PLACEMENT_3D ( 'NONE', #2781, #785, #5788 ) ;
#5036 = ORIENTED_EDGE ( 'NONE', *, *, #4853, .T. ) ;
#5037 = PLANE ( 'NONE',  #2992 ) ;
#5038 = CARTESIAN_POINT ( 'NONE',  ( 0.3000000000000008771, 0.6472135954999583829, 1.500000000000000444 ) ) ;
#5039 = LINE ( 'NONE', #2416, #750 ) ;
#5040 = FACE_OUTER_BOUND ( 'NONE', #1396, .T. ) ;
#5041 = VECTOR ( 'NONE', #1976, 1000.000000000000000 ) ;
#5042 = CARTESIAN_POINT ( 'NONE',  ( 1.500000000000000444, 0.1999999999999996503, 0.7000000000000000666 ) ) ;
#5043 = SURFACE_STYLE_USAGE ( .BOTH. , #67 ) ;
#5044 = ORIENTED_EDGE ( 'NONE', *, *, #5964, .F. ) ;
#5045 = FACE_OUTER_BOUND ( 'NONE', #4973, .T. ) ;
#5046 = VECTOR ( 'NONE', #6123, 1000.000000000000000 ) ;
#5047 = EDGE_CURVE ( 'NONE', #5994, #3190, #359, .T. ) ;
#5048 = ADVANCED_FACE ( 'NONE', ( #1999 ), #5080, .F. ) ;
#5049 = ORIENTED_EDGE ( 'NONE', *, *, #2322, .T. ) ;
#5051 = EDGE_CURVE ( 'NONE', #4772, #2176, #1135, .T. ) ;
#5050 = ORIENTED_EDGE ( 'NONE', *, *, #3371, .T. ) ;
#5052 = AXIS2_PLACEMENT_3D ( 'NONE', #3832, #431, #3925 ) ;
#5053 = ORIENTED_EDGE ( 'NONE', *, *, #5282, .T. ) ;
#5054 = ORIENTED_EDGE ( 'NONE', *, *, #5130, .F. ) ;
#5055 = CARTESIAN_POINT ( 'NONE',  ( -0.8500000000000001998, 2.604163056034261903, 0.8499999999999999778 ) ) ;
#5056 = DIRECTION ( 'NONE',  ( 0.000000000000000000, 0.000000000000000000, 1.000000000000000000 ) ) ;
#5057 = DIRECTION ( 'NONE',  ( 0.000000000000000000, -0.000000000000000000, 1.000000000000000000 ) ) ;
#5058 = VERTEX_POINT ( 'NONE', #4776 ) ;
#5059 = PLANE ( 'NONE',  #1330 ) ;
#5060 = DIRECTION ( 'NONE',  ( 0.000000000000000000, -0.000000000000000000, 1.000000000000000000 ) ) ;
#5061 = EDGE_CURVE ( 'NONE', #3759, #6021, #3867, .T. ) ;
#5062 = ORIENTED_EDGE ( 'NONE', *, *, #5653, .F. ) ;
#5063 = LINE ( 'NONE', #3674, #4381 ) ;
#5064 = VECTOR ( 'NONE', #4462, 1000.000000000000000 ) ;
#5065 = DIRECTION ( 'NONE',  ( -1.000000000000000000, 0.000000000000000000, 0.000000000000000000 ) ) ;
#5066 = DIRECTION ( 'NONE',  ( 0.000000000000000000, -0.000000000000000000, 1.000000000000000000 ) ) ;
#5067 = ORIENTED_EDGE ( 'NONE', *, *, #4803, .F. ) ;
#5068 = DIRECTION ( 'NONE',  ( 0.000000000000000000, -0.000000000000000000, 1.000000000000000000 ) ) ;
#5069 = CARTESIAN_POINT ( 'NONE',  ( -1.499999999999999556, 0.1999999999999996503, 0.9000000000000002442 ) ) ;
#5070 = EDGE_CURVE ( 'NONE', #3254, #5991, #2525, .T. ) ;
#5071 = DIRECTION ( 'NONE',  ( -0.000000000000000000, -1.000000000000000000, -0.000000000000000000 ) ) ;
#5072 = VERTEX_POINT ( 'NONE', #4299 ) ;
#5073 = LINE ( 'NONE', #5608, #1090 ) ;
#5074 = CARTESIAN_POINT ( 'NONE',  ( -1.099999999999999201, 0.05000000000000000278, 0.000000000000000000 ) ) ;
#5075 = ORIENTED_EDGE ( 'NONE', *, *, #1402, .T. ) ;
#5076 =( LENGTH_UNIT ( ) NAMED_UNIT ( * ) SI_UNIT ( .MILLI., .METRE. ) );
#5077 = VERTEX_POINT ( 'NONE', #2668 ) ;
#5078 = SURFACE_STYLE_USAGE ( .BOTH. , #1131 ) ;
#5079 = VECTOR ( 'NONE', #3136, 1000.000000000000000 ) ;
#5080 = PLANE ( 'NONE',  #880 ) ;
#5081 = FILL_AREA_STYLE ('',( #4657 ) ) ;
#5082 = CARTESIAN_POINT ( 'NONE',  ( -1.499999999999999112, 0.6472135954999580498, -0.4999999999999997780 ) ) ;
#5083 = ORIENTED_EDGE ( 'NONE', *, *, #94, .F. ) ;
#5084 = PLANE ( 'NONE',  #4569 ) ;
#5085 = AXIS2_PLACEMENT_3D ( 'NONE', #1212, #4188, #5199 ) ;
#5086 = FILL_AREA_STYLE_COLOUR ( '', #6116 ) ;
#5087 = CARTESIAN_POINT ( 'NONE',  ( -1.499999999999999556, 0.05000000000000000278, -1.499999999999999556 ) ) ;
#5088 = VERTEX_POINT ( 'NONE', #3601 ) ;
#5089 = ORIENTED_EDGE ( 'NONE', *, *, #6058, .F. ) ;
#5090 = EDGE_CURVE ( 'NONE', #5279, #6391, #666, .T. ) ;
#5091 = CARTESIAN_POINT ( 'NONE',  ( -1.099999999999999201, 0.1999999999999999833, 0.9000000000000002442 ) ) ;
#5092 = DIRECTION ( 'NONE',  ( 0.000000000000000000, 0.000000000000000000, -1.000000000000000000 ) ) ;
#5093 = VECTOR ( 'NONE', #3049, 1000.000000000000000 ) ;
#5094 = LINE ( 'NONE', #4874, #4642 ) ;
#5095 = SURFACE_STYLE_USAGE ( .BOTH. , #4607 ) ;
#5096 = ORIENTED_EDGE ( 'NONE', *, *, #6273, .T. ) ;
#5097 =( NAMED_UNIT ( * ) SI_UNIT ( $, .STERADIAN. ) SOLID_ANGLE_UNIT ( ) );
#5098 = DIRECTION ( 'NONE',  ( 5.421010862427523156E-16, -0.000000000000000000, 1.000000000000000000 ) ) ;
#5099 = ORIENTED_EDGE ( 'NONE', *, *, #1689, .T. ) ;
#5100 = LINE ( 'NONE', #2399, #2916 ) ;
#5101 = LINE ( 'NONE', #5023, #6346 ) ;
#5102 = EDGE_CURVE ( 'NONE', #1578, #1957, #5815, .T. ) ;
#5103 = CARTESIAN_POINT ( 'NONE',  ( -1.099999999999999201, 0.000000000000000000, 0.5000000000000002220 ) ) ;
#5104 = CARTESIAN_POINT ( 'NONE',  ( -0.09999999999999950595, 0.000000000000000000, -1.100000000000000089 ) ) ;
#5105 = ORIENTED_EDGE ( 'NONE', *, *, #3454, .F. ) ;
#5106 = DIRECTION ( 'NONE',  ( 0.000000000000000000, 1.000000000000000000, 0.000000000000000000 ) ) ;
#5107 = CARTESIAN_POINT ( 'NONE',  ( -0.6999999999999992895, 0.1999999999999999833, 1.100000000000000089 ) ) ;
#5108 = CARTESIAN_POINT ( 'NONE',  ( 1.499999999999999112, 0.04999999999999991257, -0.2999999999999998779 ) ) ;
#5109 = COLOUR_RGB ( '',0.7921568627450980005, 0.8196078431372548767, 0.9333333333333333481 ) ;
#5110 = LINE ( 'NONE', #4784, #2452 ) ;
#5111 = EDGE_CURVE ( 'NONE', #3614, #3472, #6114, .T. ) ;
#5112 = CARTESIAN_POINT ( 'NONE',  ( 0.9000000000000003553, 0.6472135954999583829, -1.500000000000000000 ) ) ;
#5113 = ORIENTED_EDGE ( 'NONE', *, *, #3551, .F. ) ;
#5114 = PRESENTATION_LAYER_ASSIGNMENT (  '', '', ( #3098 ) ) ;
#5115 = VECTOR ( 'NONE', #3995, 1000.000000000000000 ) ;
#5116 = PLANE ( 'NONE',  #6373 ) ;
#5117 = DIRECTION ( 'NONE',  ( -0.000000000000000000, -0.000000000000000000, 1.000000000000000000 ) ) ;
#5118 = CLOSED_SHELL ( 'NONE', ( #312, #5997, #4594, #6345, #4708, #1490 ) ) ;
#5119 =( NAMED_UNIT ( * ) PLANE_ANGLE_UNIT ( ) SI_UNIT ( $, .RADIAN. ) );
#5120 = CARTESIAN_POINT ( 'NONE',  ( -1.099999999999999201, 0.1999999999999999833, 0.9000000000000002442 ) ) ;
#5121 = LINE ( 'NONE', #6370, #4908 ) ;
#5122 = DIRECTION ( 'NONE',  ( 0.000000000000000000, -0.000000000000000000, -1.000000000000000000 ) ) ;
#5123 = ORIENTED_EDGE ( 'NONE', *, *, #3642, .F. ) ;
#5124 = CARTESIAN_POINT ( 'NONE',  ( 1.499999999999999112, 0.1999999999999999833, 0.1000000000000001582 ) ) ;
#5125 = VERTEX_POINT ( 'NONE', #4852 ) ;
#5126 = CARTESIAN_POINT ( 'NONE',  ( 0.000000000000000000, 0.000000000000000000, 0.000000000000000000 ) ) ;
#5127 = CARTESIAN_POINT ( 'NONE',  ( 0.1000000000000006994, 0.1999999999999999833, 1.500000000000000000 ) ) ;
#5128 = VERTEX_POINT ( 'NONE', #6285 ) ;
#5129 = PLANE ( 'NONE',  #4904 ) ;
#5130 = EDGE_CURVE ( 'NONE', #6391, #2591, #2594, .T. ) ;
#5131 = EDGE_LOOP ( 'NONE', ( #2404, #5840, #2861, #2875, #3267, #5448, #5949, #5155, #4456, #2649, #4559, #3789, #484, #3812, #756, #2862, #1484, #3263, #5672, #2820, #74, #4241, #3926, #786 ) ) ;
#5132 = LINE ( 'NONE', #4673, #4454 ) ;
#5133 = VERTEX_POINT ( 'NONE', #4969 ) ;
#5134 = PLANE ( 'NONE',  #5919 ) ;
#5135 = CARTESIAN_POINT ( 'NONE',  ( -1.099999999999999201, 0.1999999999999999833, 0.1000000000000001582 ) ) ;
#5136 = ADVANCED_FACE ( 'NONE', ( #3249 ), #3509, .F. ) ;
#5137 = ORIENTED_EDGE ( 'NONE', *, *, #703, .F. ) ;
#5138 = DIRECTION ( 'NONE',  ( 0.000000000000000000, 1.000000000000000000, 0.000000000000000000 ) ) ;
#5139 = VECTOR ( 'NONE', #4122, 1000.000000000000000 ) ;
#5140 = CARTESIAN_POINT ( 'NONE',  ( 1.499999999999999112, 0.1999999999999999833, -0.2999999999999998779 ) ) ;
#5142 = LINE ( 'NONE', #5016, #3746 ) ;
#5141 = PRODUCT_DEFINITION_FORMATION_WITH_SPECIFIED_SOURCE ( 'ANY', '', #206, .NOT_KNOWN. ) ;
#5143 = SURFACE_SIDE_STYLE ('',( #577 ) ) ;
#5144 = EDGE_CURVE ( 'NONE', #1244, #479, #5203, .T. ) ;
#5145 = VERTEX_POINT ( 'NONE', #4065 ) ;
#5146 = PLANE ( 'NONE',  #1932 ) ;
#5147 = ADVANCED_FACE ( 'NONE', ( #4289 ), #3675, .F. ) ;
#5148 = DIRECTION ( 'NONE',  ( -1.000000000000000000, 0.000000000000000000, 0.000000000000000000 ) ) ;
#5149 = ORIENTED_EDGE ( 'NONE', *, *, #1465, .T. ) ;
#5150 = DIRECTION ( 'NONE',  ( -1.000000000000000000, 0.000000000000000000, -0.000000000000000000 ) ) ;
#5151 = PLANE ( 'NONE',  #3655 ) ;
#5152 = VERTEX_POINT ( 'NONE', #570 ) ;
#5153 = CARTESIAN_POINT ( 'NONE',  ( 0.3000000000000005440, 0.2000000000000000111, -1.100000000000000089 ) ) ;
#5154 = DIRECTION ( 'NONE',  ( 0.000000000000000000, -1.000000000000000000, 0.000000000000000000 ) ) ;
#5155 = ORIENTED_EDGE ( 'NONE', *, *, #4038, .T. ) ;
#5156 = VECTOR ( 'NONE', #2938, 1000.000000000000000 ) ;
#5157 = DIRECTION ( 'NONE',  ( -0.000000000000000000, -1.000000000000000000, -0.000000000000000000 ) ) ;
#5158 = ORIENTED_EDGE ( 'NONE', *, *, #4949, .F. ) ;
#5159 = ORIENTED_EDGE ( 'NONE', *, *, #5542, .F. ) ;
#5160 = LINE ( 'NONE', #5463, #2660 ) ;
#5161 = DIRECTION ( 'NONE',  ( -1.000000000000000000, 0.000000000000000000, 5.421010862427523156E-16 ) ) ;
#5162 = DIRECTION ( 'NONE',  ( -0.000000000000000000, -1.000000000000000000, -0.000000000000000000 ) ) ;
#5163 = DIRECTION ( 'NONE',  ( -5.421010862427523156E-16, 0.000000000000000000, 1.000000000000000000 ) ) ;
#5164 = PLANE ( 'NONE',  #3268 ) ;
#5165 = DIRECTION ( 'NONE',  ( 5.421010862427523156E-16, 0.000000000000000000, 1.000000000000000000 ) ) ;
#5166 =( GEOMETRIC_REPRESENTATION_CONTEXT ( 3 ) GLOBAL_UNCERTAINTY_ASSIGNED_CONTEXT ( ( #5367 ) ) GLOBAL_UNIT_ASSIGNED_CONTEXT ( ( #2013, #3000, #5989 ) ) REPRESENTATION_CONTEXT ( 'NONE', 'WORKASPACE' ) );
#5167 = ORIENTED_EDGE ( 'NONE', *, *, #1823, .F. ) ;
#5168 = DIRECTION ( 'NONE',  ( -2.710505431213761578E-16, 0.000000000000000000, -1.000000000000000000 ) ) ;
#5169 = CARTESIAN_POINT ( 'NONE',  ( -0.8500000000000001998, 0.2000000000000000944, -0.8499999999999999778 ) ) ;
#5170 = VECTOR ( 'NONE', #1616, 1000.000000000000000 ) ;
#5171 = EDGE_CURVE ( 'NONE', #2955, #2738, #4425, .T. ) ;
#5172 = EDGE_LOOP ( 'NONE', ( #2290, #2179, #665, #1083 ) ) ;
#5173 = UNCERTAINTY_MEASURE_WITH_UNIT (LENGTH_MEASURE( 1.000000000000000082E-05 ), #682, 'distance_accuracy_value', 'NONE');
#5174 = LINE ( 'NONE', #2339, #6262 ) ;
#5175 = PLANE ( 'NONE',  #586 ) ;
#5176 = CARTESIAN_POINT ( 'NONE',  ( -0.4999999999999993339, 0.2000000000000000111, 1.100000000000000533 ) ) ;
#5177 = CARTESIAN_POINT ( 'NONE',  ( -1.099999999999999201, 0.6472135954999579388, 0.7000000000000000666 ) ) ;
#5178 = ORIENTED_EDGE ( 'NONE', *, *, #5479, .T. ) ;
#5179 = EDGE_LOOP ( 'NONE', ( #6292, #3581, #2891, #1865 ) ) ;
#5180 = VECTOR ( 'NONE', #3165, 1000.000000000000000 ) ;
#5181 = ORIENTED_EDGE ( 'NONE', *, *, #2579, .T. ) ;
#5182 = ORIENTED_EDGE ( 'NONE', *, *, #88, .F. ) ;
#5183 = EDGE_CURVE ( 'NONE', #6320, #2198, #114, .T. ) ;
#5184 = CARTESIAN_POINT ( 'NONE',  ( 0.5000000000000006661, 0.000000000000000000, -1.100000000000000089 ) ) ;
#5185 = LINE ( 'NONE', #279, #1685 ) ;
#5186 = VECTOR ( 'NONE', #4422, 1000.000000000000000 ) ;
#5187 = DIRECTION ( 'NONE',  ( 0.000000000000000000, 1.000000000000000000, 0.000000000000000000 ) ) ;
#5188 = CARTESIAN_POINT ( 'NONE',  ( 0.9000000000000003553, 0.000000000000000000, -1.500000000000000000 ) ) ;
#5189 = VERTEX_POINT ( 'NONE', #3620 ) ;
#5190 = FACE_OUTER_BOUND ( 'NONE', #5293, .T. ) ;
#5191 = CARTESIAN_POINT ( 'NONE',  ( 1.499999999999999112, 0.000000000000000000, 0.9000000000000002442 ) ) ;
#5192 = VECTOR ( 'NONE', #5762, 1000.000000000000000 ) ;
#5193 = EDGE_CURVE ( 'NONE', #351, #2053, #1297, .T. ) ;
#5194 = DIRECTION ( 'NONE',  ( 1.000000000000000000, 0.000000000000000000, -2.168404344971008079E-15 ) ) ;
#5195 = FILL_AREA_STYLE ('',( #3668 ) ) ;
#5196 = CARTESIAN_POINT ( 'NONE',  ( 1.499999999999999112, 0.6472135954999579388, -0.6999999999999998446 ) ) ;
#5197 = CARTESIAN_POINT ( 'NONE',  ( -0.2999999999999996558, 0.000000000000000000, -1.500000000000000000 ) ) ;
#5198 = DIRECTION ( 'NONE',  ( -1.000000000000000000, 0.000000000000000000, 2.168404344971010446E-15 ) ) ;
#5199 = DIRECTION ( 'NONE',  ( -1.000000000000000000, 0.000000000000000000, 2.168404344971010446E-15 ) ) ;
#5200 = ORIENTED_EDGE ( 'NONE', *, *, #5061, .T. ) ;
#5201 = PLANE ( 'NONE',  #416 ) ;
#5202 = VECTOR ( 'NONE', #3245, 1000.000000000000000 ) ;
#5203 = LINE ( 'NONE', #6033, #6424 ) ;
#5204 = CARTESIAN_POINT ( 'NONE',  ( -1.099999999999999201, 0.05000000000000000278, 0.000000000000000000 ) ) ;
#5205 = VERTEX_POINT ( 'NONE', #2128 ) ;
#5206 = FACE_OUTER_BOUND ( 'NONE', #1374, .T. ) ;
#5207 = EDGE_CURVE ( 'NONE', #4743, #2020, #1307, .T. ) ;
#5208 = ORIENTED_EDGE ( 'NONE', *, *, #549, .T. ) ;
#5209 = DIRECTION ( 'NONE',  ( -0.000000000000000000, -1.000000000000000000, -0.000000000000000000 ) ) ;
#5210 = VERTEX_POINT ( 'NONE', #5668 ) ;
#5211 = DIRECTION ( 'NONE',  ( 0.000000000000000000, 0.000000000000000000, -1.000000000000000000 ) ) ;
#5212 = CARTESIAN_POINT ( 'NONE',  ( 1.500000000000000444, 0.8999999999999998002, -1.500000000000000000 ) ) ;
#5213 = ORIENTED_EDGE ( 'NONE', *, *, #4809, .F. ) ;
#5214 = DIRECTION ( 'NONE',  ( 2.710505431213761578E-16, -0.000000000000000000, -1.000000000000000000 ) ) ;
#5215 = ADVANCED_FACE ( 'NONE', ( #2390 ), #2663, .F. ) ;
#5216 = ORIENTED_EDGE ( 'NONE', *, *, #4277, .T. ) ;
#5217 = DIRECTION ( 'NONE',  ( 0.000000000000000000, 1.000000000000000000, 0.000000000000000000 ) ) ;
#5218 = SURFACE_SIDE_STYLE ('',( #888 ) ) ;
#5219 = CARTESIAN_POINT ( 'NONE',  ( -1.499999999999999112, 0.04999999999999969746, 0.7000000000000002887 ) ) ;
#5220 = EDGE_LOOP ( 'NONE', ( #3480, #3584, #104, #3934 ) ) ;
#5221 = DIRECTION ( 'NONE',  ( 1.000000000000000000, 0.000000000000000000, 0.000000000000000000 ) ) ;
#5222 = DIRECTION ( 'NONE',  ( -0.000000000000000000, -1.000000000000000000, -0.000000000000000000 ) ) ;
#5223 = LINE ( 'NONE', #3475, #3194 ) ;
#5224 = LINE ( 'NONE', #2456, #2722 ) ;
#5225 = EDGE_LOOP ( 'NONE', ( #3650, #2221, #1712, #1134 ) ) ;
#5226 = FACE_OUTER_BOUND ( 'NONE', #5869, .T. ) ;
#5227 = PLANE ( 'NONE',  #1965 ) ;
#5228 = FILL_AREA_STYLE ('',( #765 ) ) ;
#5229 = ORIENTED_EDGE ( 'NONE', *, *, #1173, .T. ) ;
#5230 = CARTESIAN_POINT ( 'NONE',  ( -0.8999999999999992450, 0.2000000000000000111, 1.500000000000000444 ) ) ;
#5231 = EDGE_CURVE ( 'NONE', #5678, #1389, #3877, .T. ) ;
#5232 = ORIENTED_EDGE ( 'NONE', *, *, #5932, .T. ) ;
#5233 = CARTESIAN_POINT ( 'NONE',  ( -0.09999999999999950595, 0.1999999999999999833, -1.500000000000000000 ) ) ;
#5234 = EDGE_LOOP ( 'NONE', ( #4217, #6138, #39, #992 ) ) ;
#5235 = EDGE_CURVE ( 'NONE', #1403, #1520, #4755, .T. ) ;
#5236 = LINE ( 'NONE', #5543, #3209 ) ;
#5237 = DIRECTION ( 'NONE',  ( 5.421010862427523156E-16, -0.000000000000000000, 1.000000000000000000 ) ) ;
#5238 = CARTESIAN_POINT ( 'NONE',  ( -0.09999999999999950595, 0.2000000000000000111, -1.100000000000000089 ) ) ;
#5239 = CARTESIAN_POINT ( 'NONE',  ( 0.8499999999999997558, 0.2000000000000000944, -0.8499999999999997558 ) ) ;
#5240 = PLANE ( 'NONE',  #4947 ) ;
#5241 = EDGE_LOOP ( 'NONE', ( #4378, #3140, #3787, #4352 ) ) ;
#5242 = AXIS2_PLACEMENT_3D ( 'NONE', #3388, #4911, #3326 ) ;
#5243 = EDGE_CURVE ( 'NONE', #1739, #2426, #293, .T. ) ;
#5244 = LINE ( 'NONE', #1067, #1895 ) ;
#5245 = PLANE ( 'NONE',  #5035 ) ;
#5246 = ADVANCED_FACE ( 'NONE', ( #2078 ), #5201, .F. ) ;
#5247 = VERTEX_POINT ( 'NONE', #1117 ) ;
#5248 = DIRECTION ( 'NONE',  ( -1.000000000000000000, 0.000000000000000000, 5.421010862427523156E-16 ) ) ;
#5249 = VECTOR ( 'NONE', #5168, 1000.000000000000000 ) ;
#5250 = CARTESIAN_POINT ( 'NONE',  ( -1.099999999999999201, 0.05000000000000023870, -0.2999999999999998779 ) ) ;
#5251 = ORIENTED_EDGE ( 'NONE', *, *, #923, .F. ) ;
#5252 = ADVANCED_BREP_SHAPE_REPRESENTATION ( 'TMC2300-LA-T', ( #3335, #4509, #4322, #3126, #6398, #4010, #533, #4981, #137, #6039, #1421, #4910, #339, #5851, #1708, #5637, #2848, #1905, #1220, #824, #5925, #1981, #427 ), #4830 ) ;
#5253 = SURFACE_STYLE_FILL_AREA ( #2080 ) ;
#5254 = VECTOR ( 'NONE', #6206, 1000.000000000000000 ) ;
#5255 = CARTESIAN_POINT ( 'NONE',  ( 0.5000000000000004441, 0.04999999999999969746, -1.500000000000000000 ) ) ;
#5256 = ORIENTED_EDGE ( 'NONE', *, *, #5231, .F. ) ;
#5257 = CARTESIAN_POINT ( 'NONE',  ( -0.6999999999999994005, 0.000000000000000000, -1.100000000000000089 ) ) ;
#5258 = EDGE_CURVE ( 'NONE', #5826, #1005, #917, .T. ) ;
#5259 = ORIENTED_EDGE ( 'NONE', *, *, #1358, .T. ) ;
#5260 = AXIS2_PLACEMENT_3D ( 'NONE', #885, #4907, #1390 ) ;
#5261 = CARTESIAN_POINT ( 'NONE',  ( -1.099999999999999201, 0.6472135954999580498, -0.5000000000000000000 ) ) ;
#5262 = DIRECTION ( 'NONE',  ( 1.000000000000000000, 0.000000000000000000, 0.000000000000000000 ) ) ;
#5263 = CARTESIAN_POINT ( 'NONE',  ( 1.099999999999999201, 0.6472135954999579388, 0.3000000000000001554 ) ) ;
#5264 = VECTOR ( 'NONE', #26, 1000.000000000000000 ) ;
#5265 = ORIENTED_EDGE ( 'NONE', *, *, #2792, .T. ) ;
#5266 = VECTOR ( 'NONE', #1794, 1000.000000000000000 ) ;
#5267 = EDGE_CURVE ( 'NONE', #5152, #5026, #3549, .T. ) ;
#5268 = FACE_OUTER_BOUND ( 'NONE', #813, .T. ) ;
#5269 = VECTOR ( 'NONE', #841, 1000.000000000000000 ) ;
#5270 = AXIS2_PLACEMENT_3D ( 'NONE', #2293, #4972, #5977 ) ;
#5271 = EDGE_CURVE ( 'NONE', #4936, #3450, #4434, .T. ) ;
#5272 = ORIENTED_EDGE ( 'NONE', *, *, #3351, .F. ) ;
#5273 = PLANE ( 'NONE',  #4446 ) ;
#5274 = VECTOR ( 'NONE', #1954, 1000.000000000000000 ) ;
#5275 = CARTESIAN_POINT ( 'NONE',  ( 1.099999999999999201, 0.6472135954999579388, -0.9000000000000000222 ) ) ;
#5276 = VECTOR ( 'NONE', #5790, 1000.000000000000000 ) ;
#5277 = LINE ( 'NONE', #3116, #2604 ) ;
#5278 = CARTESIAN_POINT ( 'NONE',  ( 1.499999999999999112, 0.04999999999999969746, 0.3000000000000003775 ) ) ;
#5279 = VERTEX_POINT ( 'NONE', #5108 ) ;
#5280 = ADVANCED_FACE ( 'NONE', ( #1603 ), #4644, .F. ) ;
#5281 = LINE ( 'NONE', #2842, #596 ) ;
#5282 = EDGE_CURVE ( 'NONE', #1125, #1442, #759, .T. ) ;
#5283 = ORIENTED_EDGE ( 'NONE', *, *, #798, .T. ) ;
#5284 = APPLICATION_CONTEXT ( 'automotive_design' ) ;
#5285 = DIRECTION ( 'NONE',  ( 0.000000000000000000, -1.000000000000000000, 0.000000000000000000 ) ) ;
#5286 = CARTESIAN_POINT ( 'NONE',  ( 0.5000000000000007772, 0.04999999999999969746, 1.500000000000000000 ) ) ;
#5287 = ORIENTED_EDGE ( 'NONE', *, *, #239, .F. ) ;
#5288 = FACE_OUTER_BOUND ( 'NONE', #3857, .T. ) ;
#5289 = ORIENTED_EDGE ( 'NONE', *, *, #2968, .T. ) ;
#5290 = AXIS2_PLACEMENT_3D ( 'NONE', #4248, #1294, #3251 ) ;
#5291 = EDGE_LOOP ( 'NONE', ( #5711, #5360, #5259, #3284 ) ) ;
#5292 = DIRECTION ( 'NONE',  ( 1.000000000000000000, 0.000000000000000000, -5.421010862427523156E-16 ) ) ;
#5293 = EDGE_LOOP ( 'NONE', ( #4718, #4735, #1242, #5287 ) ) ;
#5294 = FACE_OUTER_BOUND ( 'NONE', #4518, .T. ) ;
#5295 = ORIENTED_EDGE ( 'NONE', *, *, #4351, .T. ) ;
#5296 =( LENGTH_UNIT ( ) NAMED_UNIT ( * ) SI_UNIT ( .MILLI., .METRE. ) );
#5297 = AXIS2_PLACEMENT_3D ( 'NONE', #5177, #821, #6207 ) ;
#5298 = EDGE_LOOP ( 'NONE', ( #1472, #5857, #2524, #3912 ) ) ;
#5299 = LINE ( 'NONE', #3496, #1406 ) ;
#5300 = CARTESIAN_POINT ( 'NONE',  ( -0.6999999999999992895, 0.2000000000000000111, 1.100000000000000089 ) ) ;
#5301 = CARTESIAN_POINT ( 'NONE',  ( -1.099999999999999201, 0.6472135954999579388, 0.1000000000000001582 ) ) ;
#5302 = CARTESIAN_POINT ( 'NONE',  ( -0.6999999999999992895, 0.2000000000000000111, 1.100000000000000089 ) ) ;
#5303 = CARTESIAN_POINT ( 'NONE',  ( -1.099999999999999201, 0.6472135954999580498, -0.2999999999999998779 ) ) ;
#5304 = ORIENTED_EDGE ( 'NONE', *, *, #687, .T. ) ;
#5305 = FILL_AREA_STYLE ('',( #5871 ) ) ;
#5306 = EDGE_CURVE ( 'NONE', #6104, #4936, #5895, .T. ) ;
#5307 = EDGE_LOOP ( 'NONE', ( #4956, #68, #4067, #3214 ) ) ;
#5308 = ADVANCED_FACE ( 'NONE', ( #1782 ), #802, .T. ) ;
#5309 = ORIENTED_EDGE ( 'NONE', *, *, #2253, .T. ) ;
#5310 = VECTOR ( 'NONE', #3541, 1000.000000000000000 ) ;
#5311 = PLANE ( 'NONE',  #216 ) ;
#5312 = ORIENTED_EDGE ( 'NONE', *, *, #5391, .F. ) ;
#5313 = ORIENTED_EDGE ( 'NONE', *, *, #1046, .F. ) ;
#5314 = SURFACE_SIDE_STYLE ('',( #2832 ) ) ;
#5315 = EDGE_CURVE ( 'NONE', #1347, #5455, #1451, .T. ) ;
#5316 = FACE_OUTER_BOUND ( 'NONE', #5408, .T. ) ;
#5317 = CARTESIAN_POINT ( 'NONE',  ( -1.099999999999999201, 0.6472135954999579388, 0.1000000000000001582 ) ) ;
#5318 = VERTEX_POINT ( 'NONE', #5286 ) ;
#5319 = DIRECTION ( 'NONE',  ( 0.000000000000000000, -0.000000000000000000, 1.000000000000000000 ) ) ;
#5320 = EDGE_CURVE ( 'NONE', #3143, #4980, #4279, .T. ) ;
#5321 = DIRECTION ( 'NONE',  ( 0.000000000000000000, 0.000000000000000000, 1.000000000000000000 ) ) ;
#5322 = VECTOR ( 'NONE', #701, 1000.000000000000000 ) ;
#5323 = DIRECTION ( 'NONE',  ( 0.000000000000000000, 0.000000000000000000, -1.000000000000000000 ) ) ;
#5324 = DIRECTION ( 'NONE',  ( 0.000000000000000000, -1.000000000000000000, 0.000000000000000000 ) ) ;
#5325 = DIRECTION ( 'NONE',  ( -1.000000000000000000, 0.000000000000000000, 5.421010862427523156E-16 ) ) ;
#5326 = STYLED_ITEM ( 'NONE', ( #4282 ), #824 ) ;
#5327 = ORIENTED_EDGE ( 'NONE', *, *, #227, .F. ) ;
#5328 = EDGE_CURVE ( 'NONE', #2910, #5247, #1774, .T. ) ;
#5329 = CARTESIAN_POINT ( 'NONE',  ( 0.8499999999999997558, 0.2000000000000000944, -0.8499999999999997558 ) ) ;
#5330 = LINE ( 'NONE', #316, #1906 ) ;
#5331 = ORIENTED_EDGE ( 'NONE', *, *, #196, .T. ) ;
#5332 = VERTEX_POINT ( 'NONE', #2303 ) ;
#5333 = DIRECTION ( 'NONE',  ( 0.000000000000000000, 0.000000000000000000, -1.000000000000000000 ) ) ;
#5334 = AXIS2_PLACEMENT_3D ( 'NONE', #6213, #230, #3738 ) ;
#5335 = FACE_OUTER_BOUND ( 'NONE', #4192, .T. ) ;
#5336 = PLANE ( 'NONE',  #3246 ) ;
#5337 = ORIENTED_EDGE ( 'NONE', *, *, #5102, .T. ) ;
#5338 = CARTESIAN_POINT ( 'NONE',  ( 0.7000000000000007327, 0.2000000000000000111, 1.100000000000000533 ) ) ;
#5339 = ADVANCED_FACE ( 'NONE', ( #6204 ), #299, .F. ) ;
#5340 = VECTOR ( 'NONE', #3694, 1000.000000000000000 ) ;
#5341 = LINE ( 'NONE', #336, #2840 ) ;
#5342 = CARTESIAN_POINT ( 'NONE',  ( 0.000000000000000000, 0.05000000000000000278, -0.2999999999999998779 ) ) ;
#5343 = DIRECTION ( 'NONE',  ( -0.000000000000000000, -1.000000000000000000, -0.000000000000000000 ) ) ;
#5344 = CARTESIAN_POINT ( 'NONE',  ( -0.6999999999999992895, 0.1999999999999999833, 1.100000000000000089 ) ) ;
#5345 = ORIENTED_EDGE ( 'NONE', *, *, #3910, .F. ) ;
#5346 = VECTOR ( 'NONE', #6319, 1000.000000000000000 ) ;
#5347 = VECTOR ( 'NONE', #3050, 1000.000000000000000 ) ;
#5348 = FACE_OUTER_BOUND ( 'NONE', #1680, .T. ) ;
#5349 = SURFACE_SIDE_STYLE ('',( #4026 ) ) ;
#5350 = EDGE_LOOP ( 'NONE', ( #3013, #6175, #4346, #4355 ) ) ;
#5351 = LINE ( 'NONE', #6149, #291 ) ;
#5352 = EDGE_CURVE ( 'NONE', #776, #5382, #284, .T. ) ;
#5353 = VERTEX_POINT ( 'NONE', #757 ) ;
#5354 = LINE ( 'NONE', #1198, #4206 ) ;
#5355 = LINE ( 'NONE', #6037, #2323 ) ;
#5356 = PLANE ( 'NONE',  #1846 ) ;
#5357 = ORIENTED_EDGE ( 'NONE', *, *, #5542, .T. ) ;
#5358 = AXIS2_PLACEMENT_3D ( 'NONE', #2735, #4240, #1241 ) ;
#5359 = DIRECTION ( 'NONE',  ( -0.000000000000000000, 0.000000000000000000, -1.000000000000000000 ) ) ;
#5360 = ORIENTED_EDGE ( 'NONE', *, *, #1950, .T. ) ;
#5361 = DIRECTION ( 'NONE',  ( 0.000000000000000000, 1.000000000000000000, 0.000000000000000000 ) ) ;
#5362 = DIRECTION ( 'NONE',  ( -2.710505431213761578E-16, 0.000000000000000000, -1.000000000000000000 ) ) ;
#5363 = DIRECTION ( 'NONE',  ( 0.000000000000000000, 0.000000000000000000, -1.000000000000000000 ) ) ;
#5364 = ORIENTED_EDGE ( 'NONE', *, *, #1631, .T. ) ;
#5365 = CARTESIAN_POINT ( 'NONE',  ( 0.8499999999999997558, 2.604163056034261903, -0.8499999999999997558 ) ) ;
#5366 = VERTEX_POINT ( 'NONE', #4825 ) ;
#5367 = UNCERTAINTY_MEASURE_WITH_UNIT (LENGTH_MEASURE( 1.000000000000000082E-05 ), #2013, 'distance_accuracy_value', 'NONE');
#5368 = CARTESIAN_POINT ( 'NONE',  ( -1.099999999999999201, 0.6472135954999579388, -0.6999999999999998446 ) ) ;
#5369 = ORIENTED_EDGE ( 'NONE', *, *, #5061, .F. ) ;
#5370 = MECHANICAL_DESIGN_GEOMETRIC_PRESENTATION_REPRESENTATION (  '', ( #4390 ), #246 ) ;
#5371 = ADVANCED_FACE ( 'NONE', ( #6043 ), #4308, .T. ) ;
#5372 = LINE ( 'NONE', #3156, #5139 ) ;
#5373 = VECTOR ( 'NONE', #5920, 1000.000000000000000 ) ;
#5374 = CARTESIAN_POINT ( 'NONE',  ( 1.099999999999999201, 0.1999999999999999833, -0.5000000000000000000 ) ) ;
#5375 = EDGE_CURVE ( 'NONE', #2168, #1075, #432, .T. ) ;
#5376 = CARTESIAN_POINT ( 'NONE',  ( 1.099999999999999201, 0.1999999999999999833, -0.2999999999999998779 ) ) ;
#5377 = ORIENTED_EDGE ( 'NONE', *, *, #2434, .T. ) ;
#5378 = VECTOR ( 'NONE', #1907, 1000.000000000000000 ) ;
#5379 = DIRECTION ( 'NONE',  ( 0.000000000000000000, 0.000000000000000000, -1.000000000000000000 ) ) ;
#5380 = EDGE_CURVE ( 'NONE', #4680, #4267, #2930, .T. ) ;
#5381 = FILL_AREA_STYLE ('',( #3398 ) ) ;
#5382 = VERTEX_POINT ( 'NONE', #5782 ) ;
#5383 = VECTOR ( 'NONE', #447, 1000.000000000000000 ) ;
#5384 = DIRECTION ( 'NONE',  ( 0.000000000000000000, 0.000000000000000000, -1.000000000000000000 ) ) ;
#5385 = ORIENTED_EDGE ( 'NONE', *, *, #6187, .F. ) ;
#5386 = ORIENTED_EDGE ( 'NONE', *, *, #2231, .F. ) ;
#5387 = DIRECTION ( 'NONE',  ( -0.000000000000000000, 0.000000000000000000, -1.000000000000000000 ) ) ;
#5388 = ORIENTED_EDGE ( 'NONE', *, *, #4120, .T. ) ;
#5389 = LINE ( 'NONE', #5689, #255 ) ;
#5390 = DIRECTION ( 'NONE',  ( 1.000000000000000000, 0.000000000000000000, -0.000000000000000000 ) ) ;
#5391 = EDGE_CURVE ( 'NONE', #600, #4680, #4106, .T. ) ;
#5392 = ORIENTED_EDGE ( 'NONE', *, *, #645, .F. ) ;
#5393 = PLANE ( 'NONE',  #2296 ) ;
#5394 = LINE ( 'NONE', #2699, #4800 ) ;
#5395 = CARTESIAN_POINT ( 'NONE',  ( -1.099999999999999201, 0.1999999999999999833, -0.09999999999999993616 ) ) ;
#5396 = ORIENTED_EDGE ( 'NONE', *, *, #3710, .T. ) ;
#5397 = EDGE_CURVE ( 'NONE', #4951, #97, #4096, .T. ) ;
#5398 = VECTOR ( 'NONE', #3067, 1000.000000000000000 ) ;
#5399 = CARTESIAN_POINT ( 'NONE',  ( -0.8999999999999995781, 0.6472135954999583829, -1.500000000000000000 ) ) ;
#5400 = ADVANCED_FACE ( 'NONE', ( #6356 ), #5240, .F. ) ;
#5401 = ORIENTED_EDGE ( 'NONE', *, *, #65, .T. ) ;
#5402 = CARTESIAN_POINT ( 'NONE',  ( 1.499999999999999112, 0.04999999999999969746, 0.5000000000000002220 ) ) ;
#5403 = CARTESIAN_POINT ( 'NONE',  ( 0.3000000000000007661, 0.000000000000000000, 1.100000000000000533 ) ) ;
#5404 = LINE ( 'NONE', #3692, #4083 ) ;
#5405 = LINE ( 'NONE', #3772, #5804 ) ;
#5406 = DIRECTION ( 'NONE',  ( -0.000000000000000000, -0.000000000000000000, 1.000000000000000000 ) ) ;
#5407 = ORIENTED_EDGE ( 'NONE', *, *, #1321, .F. ) ;
#5408 = EDGE_LOOP ( 'NONE', ( #3418, #1496, #6330, #4789 ) ) ;
#5409 = DIRECTION ( 'NONE',  ( 1.000000000000000000, -0.000000000000000000, -2.168404344971010446E-15 ) ) ;
#5410 = VECTOR ( 'NONE', #5520, 1000.000000000000000 ) ;
#5411 = VECTOR ( 'NONE', #378, 1000.000000000000000 ) ;
#5412 = VERTEX_POINT ( 'NONE', #5802 ) ;
#5413 = FILL_AREA_STYLE_COLOUR ( '', #6124 ) ;
#5414 = FACE_OUTER_BOUND ( 'NONE', #3202, .T. ) ;
#5415 = LINE ( 'NONE', #2650, #5561 ) ;
#5416 = ORIENTED_EDGE ( 'NONE', *, *, #3314, .T. ) ;
#5417 = DIRECTION ( 'NONE',  ( -0.000000000000000000, -1.000000000000000000, -0.000000000000000000 ) ) ;
#5418 = VECTOR ( 'NONE', #5753, 1000.000000000000000 ) ;
#5419 = VECTOR ( 'NONE', #1836, 1000.000000000000000 ) ;
#5420 = VECTOR ( 'NONE', #1368, 1000.000000000000000 ) ;
#5421 = CARTESIAN_POINT ( 'NONE',  ( 0.5000000000000004441, 0.000000000000000000, -1.500000000000000000 ) ) ;
#5422 = EDGE_CURVE ( 'NONE', #3394, #1716, #6419, .T. ) ;
#5423 = ORIENTED_EDGE ( 'NONE', *, *, #1875, .F. ) ;
#5424 = DIRECTION ( 'NONE',  ( -0.000000000000000000, -1.000000000000000000, -0.000000000000000000 ) ) ;
#5425 = LINE ( 'NONE', #4068, #2464 ) ;
#5426 = DIRECTION ( 'NONE',  ( -1.000000000000000000, 0.000000000000000000, -5.421010862427523156E-16 ) ) ;
#5427 = ADVANCED_FACE ( 'NONE', ( #4902 ), #4740, .F. ) ;
#5428 = ORIENTED_EDGE ( 'NONE', *, *, #5975, .F. ) ;
#5429 = VECTOR ( 'NONE', #1709, 1000.000000000000000 ) ;
#5430 = EDGE_CURVE ( 'NONE', #5678, #5566, #4580, .T. ) ;
#5431 = ORIENTED_EDGE ( 'NONE', *, *, #3487, .T. ) ;
#5432 = ORIENTED_EDGE ( 'NONE', *, *, #2437, .F. ) ;
#5433 = EDGE_LOOP ( 'NONE', ( #326, #1955, #6193, #1972 ) ) ;
#5434 = DIRECTION ( 'NONE',  ( -0.000000000000000000, -0.000000000000000000, 1.000000000000000000 ) ) ;
#5435 = LINE ( 'NONE', #6225, #3488 ) ;
#5436 = CARTESIAN_POINT ( 'NONE',  ( -0.6999999999999996225, 0.2000000000000000111, -1.500000000000000000 ) ) ;
#5437 = ORIENTED_EDGE ( 'NONE', *, *, #2100, .F. ) ;
#5438 = EDGE_CURVE ( 'NONE', #1204, #3422, #3952, .T. ) ;
#5439 = DIRECTION ( 'NONE',  ( -1.000000000000000000, 0.000000000000000000, 0.000000000000000000 ) ) ;
#5440 = ORIENTED_EDGE ( 'NONE', *, *, #3474, .F. ) ;
#5441 = ADVANCED_FACE ( 'NONE', ( #5414 ), #2614, .F. ) ;
#5442 = PLANE ( 'NONE',  #5260 ) ;
#5443 = VECTOR ( 'NONE', #3316, 1000.000000000000000 ) ;
#5444 = LINE ( 'NONE', #1923, #2337 ) ;
#5445 = AXIS2_PLACEMENT_3D ( 'NONE', #3979, #4058, #1028 ) ;
#5446 = ORIENTED_EDGE ( 'NONE', *, *, #5193, .F. ) ;
#5447 = CARTESIAN_POINT ( 'NONE',  ( -0.8999999999999995781, 0.6472135954999583829, -1.100000000000000089 ) ) ;
#5448 = ORIENTED_EDGE ( 'NONE', *, *, #5391, .T. ) ;
#5449 = ORIENTED_EDGE ( 'NONE', *, *, #5258, .F. ) ;
#5450 = LINE ( 'NONE', #154, #1019 ) ;
#5451 = DIRECTION ( 'NONE',  ( -0.000000000000000000, -1.000000000000000000, -0.000000000000000000 ) ) ;
#5452 = DIRECTION ( 'NONE',  ( 0.000000000000000000, -0.000000000000000000, 1.000000000000000000 ) ) ;
#5454 = ADVANCED_FACE ( 'NONE', ( #2693 ), #4385, .F. ) ;
#5453 = DIRECTION ( 'NONE',  ( 1.000000000000000000, 0.000000000000000000, 0.000000000000000000 ) ) ;
#5455 = VERTEX_POINT ( 'NONE', #1892 ) ;
#5456 = ORIENTED_EDGE ( 'NONE', *, *, #5144, .T. ) ;
#5457 = LINE ( 'NONE', #4685, #6323 ) ;
#5458 = DIRECTION ( 'NONE',  ( 0.000000000000000000, 0.000000000000000000, -1.000000000000000000 ) ) ;
#5459 = ORIENTED_EDGE ( 'NONE', *, *, #1373, .F. ) ;
#5460 = PRESENTATION_LAYER_ASSIGNMENT (  '', '', ( #3225 ) ) ;
#5461 = DIRECTION ( 'NONE',  ( -0.000000000000000000, -0.000000000000000000, 1.000000000000000000 ) ) ;
#5462 = EDGE_CURVE ( 'NONE', #5088, #2529, #5651, .T. ) ;
#5463 = CARTESIAN_POINT ( 'NONE',  ( 0.1000000000000003664, 0.2000000000000000111, -1.500000000000000000 ) ) ;
#5464 = VECTOR ( 'NONE', #2055, 1000.000000000000000 ) ;
#5465 = CARTESIAN_POINT ( 'NONE',  ( 1.099999999999999201, 0.1999999999999999833, -0.9000000000000000222 ) ) ;
#5466 = ORIENTED_EDGE ( 'NONE', *, *, #1940, .T. ) ;
#5467 = CARTESIAN_POINT ( 'NONE',  ( -0.8999999999999993561, 0.2000000000000000111, 1.100000000000000533 ) ) ;
#5468 = VECTOR ( 'NONE', #3887, 1000.000000000000000 ) ;
#5469 = VERTEX_POINT ( 'NONE', #6337 ) ;
#5470 = MECHANICAL_DESIGN_GEOMETRIC_PRESENTATION_REPRESENTATION (  '', ( #3098 ), #5695 ) ;
#5471 = ORIENTED_EDGE ( 'NONE', *, *, #1133, .T. ) ;
#5472 = CARTESIAN_POINT ( 'NONE',  ( 0.3000000000000008771, 0.000000000000000000, 1.500000000000000444 ) ) ;
#5473 = DIRECTION ( 'NONE',  ( -1.000000000000000000, 0.000000000000000000, 0.000000000000000000 ) ) ;
#5474 = ORIENTED_EDGE ( 'NONE', *, *, #2394, .F. ) ;
#5475 = ORIENTED_EDGE ( 'NONE', *, *, #6386, .T. ) ;
#5476 = AXIS2_PLACEMENT_3D ( 'NONE', #5275, #2250, #3709 ) ;
#5477 = VECTOR ( 'NONE', #5907, 1000.000000000000000 ) ;
#5478 = CARTESIAN_POINT ( 'NONE',  ( -1.499999999999999112, 0.04999999999999969746, 0.9000000000000002442 ) ) ;
#5479 = EDGE_CURVE ( 'NONE', #4684, #5366, #2156, .T. ) ;
#5480 = ORIENTED_EDGE ( 'NONE', *, *, #1380, .T. ) ;
#5481 = ADVANCED_FACE ( 'NONE', ( #47 ), #317, .F. ) ;
#5482 = LINE ( 'NONE', #6074, #1853 ) ;
#5483 = LINE ( 'NONE', #3104, #2000 ) ;
#5484 = DIRECTION ( 'NONE',  ( -1.000000000000000000, 0.000000000000000000, 0.000000000000000000 ) ) ;
#5485 = AXIS2_PLACEMENT_3D ( 'NONE', #388, #428, #2949 ) ;
#5486 = VERTEX_POINT ( 'NONE', #860 ) ;
#5487 = FACE_OUTER_BOUND ( 'NONE', #1100, .T. ) ;
#5488 = VECTOR ( 'NONE', #4867, 1000.000000000000000 ) ;
#5489 = DIRECTION ( 'NONE',  ( 1.000000000000000000, 0.000000000000000000, -2.710505431213761578E-16 ) ) ;
#5490 = EDGE_LOOP ( 'NONE', ( #5805, #1731, #566, #1664, #3386, #962, #229, #166, #2943, #4978, #4578, #2092, #2334, #3019, #2496, #2939, #4653, #4160, #4860, #3659, #5283, #3972, #3652, #5806 ) ) ;
#5491 = VECTOR ( 'NONE', #949, 1000.000000000000000 ) ;
#5492 = AXIS2_PLACEMENT_3D ( 'NONE', #6216, #755, #4258 ) ;
#5493 = VERTEX_POINT ( 'NONE', #3862 ) ;
#5494 = DIRECTION ( 'NONE',  ( -0.000000000000000000, -1.000000000000000000, -0.000000000000000000 ) ) ;
#5495 = DIRECTION ( 'NONE',  ( 1.000000000000000000, 0.000000000000000000, 5.421010862427523156E-16 ) ) ;
#5496 = EDGE_CURVE ( 'NONE', #1497, #4375, #5960, .T. ) ;
#5497 = ADVANCED_FACE ( 'NONE', ( #5040 ), #1361, .F. ) ;
#5498 = ORIENTED_EDGE ( 'NONE', *, *, #1813, .F. ) ;
#5499 = CARTESIAN_POINT ( 'NONE',  ( 1.099999999999999201, 0.6472135954999579388, 0.5000000000000002220 ) ) ;
#5500 = ORIENTED_EDGE ( 'NONE', *, *, #34, .F. ) ;
#5501 = ORIENTED_EDGE ( 'NONE', *, *, #3688, .F. ) ;
#5502 = CARTESIAN_POINT ( 'NONE',  ( 0.000000000000000000, 0.2000000000000000111, 0.000000000000000000 ) ) ;
#5503 = ORIENTED_EDGE ( 'NONE', *, *, #256, .T. ) ;
#5504 = DIRECTION ( 'NONE',  ( -0.000000000000000000, -0.000000000000000000, -1.000000000000000000 ) ) ;
#5505 = EDGE_CURVE ( 'NONE', #5353, #1244, #584, .T. ) ;
#5506 = VERTEX_POINT ( 'NONE', #3360 ) ;
#5507 = ORIENTED_EDGE ( 'NONE', *, *, #2088, .T. ) ;
#5508 = VECTOR ( 'NONE', #979, 1000.000000000000000 ) ;
#5509 = LINE ( 'NONE', #6259, #3350 ) ;
#5510 = CARTESIAN_POINT ( 'NONE',  ( 1.499999999999999112, 0.6472135954999579388, -0.6999999999999998446 ) ) ;
#5511 = DIRECTION ( 'NONE',  ( 1.000000000000000000, -0.000000000000000000, 0.000000000000000000 ) ) ;
#5512 = ADVANCED_FACE ( 'NONE', ( #2526 ), #377, .F. ) ;
#5513 = ORIENTED_EDGE ( 'NONE', *, *, #1146, .T. ) ;
#5514 =( GEOMETRIC_REPRESENTATION_CONTEXT ( 3 ) GLOBAL_UNCERTAINTY_ASSIGNED_CONTEXT ( ( #4712 ) ) GLOBAL_UNIT_ASSIGNED_CONTEXT ( ( #2577, #4176, #2094 ) ) REPRESENTATION_CONTEXT ( 'NONE', 'WORKASPACE' ) );
#5515 = LINE ( 'NONE', #2850, #4232 ) ;
#5516 = EDGE_CURVE ( 'NONE', #5773, #289, #4507, .T. ) ;
#5517 = VERTEX_POINT ( 'NONE', #800 ) ;
#5518 = VECTOR ( 'NONE', #998, 1000.000000000000000 ) ;
#5519 = CARTESIAN_POINT ( 'NONE',  ( -1.499999999999999112, 0.04999999999999969746, -0.8999999999999998002 ) ) ;
#5520 = DIRECTION ( 'NONE',  ( 0.000000000000000000, -1.000000000000000000, 0.000000000000000000 ) ) ;
#5521 = ORIENTED_EDGE ( 'NONE', *, *, #2387, .T. ) ;
#5522 = DIRECTION ( 'NONE',  ( 0.000000000000000000, -0.000000000000000000, 1.000000000000000000 ) ) ;
#5523 = CARTESIAN_POINT ( 'NONE',  ( -0.8999999999999992450, 0.2000000000000000111, 1.500000000000000444 ) ) ;
#5524 = EDGE_LOOP ( 'NONE', ( #3034, #5618, #2388, #3913 ) ) ;
#5525 = DIRECTION ( 'NONE',  ( -0.000000000000000000, -1.000000000000000000, -0.000000000000000000 ) ) ;
#5526 = LINE ( 'NONE', #3579, #1179 ) ;
#5527 = ORIENTED_EDGE ( 'NONE', *, *, #1478, .T. ) ;
#5528 = VECTOR ( 'NONE', #4890, 1000.000000000000000 ) ;
#5529 = DIRECTION ( 'NONE',  ( -0.000000000000000000, -1.000000000000000000, -0.000000000000000000 ) ) ;
#5530 = EDGE_CURVE ( 'NONE', #4340, #1251, #3793, .T. ) ;
#5531 = SURFACE_SIDE_STYLE ('',( #858 ) ) ;
#5532 = CARTESIAN_POINT ( 'NONE',  ( -0.4999999999999995559, 0.2000000000000000111, -1.100000000000000089 ) ) ;
#5533 = PLANE ( 'NONE',  #1821 ) ;
#5534 = CARTESIAN_POINT ( 'NONE',  ( 0.9000000000000003553, 0.2000000000000000111, -1.500000000000000000 ) ) ;
#5535 = VERTEX_POINT ( 'NONE', #1302 ) ;
#5536 = CARTESIAN_POINT ( 'NONE',  ( 1.499999999999999112, 0.1999999999999999833, -0.6999999999999998446 ) ) ;
#5537 = CARTESIAN_POINT ( 'NONE',  ( 1.099999999999999201, 0.6472135954999579388, -0.09999999999999993616 ) ) ;
#5538 = SHAPE_DEFINITION_REPRESENTATION ( #6120, #5252 ) ;
#5539 = FACE_OUTER_BOUND ( 'NONE', #4230, .T. ) ;
#5540 =( GEOMETRIC_REPRESENTATION_CONTEXT ( 3 ) GLOBAL_UNCERTAINTY_ASSIGNED_CONTEXT ( ( #4091 ) ) GLOBAL_UNIT_ASSIGNED_CONTEXT ( ( #2324, #257, #5799 ) ) REPRESENTATION_CONTEXT ( 'NONE', 'WORKASPACE' ) );
#5541 = VERTEX_POINT ( 'NONE', #6318 ) ;
#5542 = EDGE_CURVE ( 'NONE', #5189, #1820, #2315, .T. ) ;
#5543 = CARTESIAN_POINT ( 'NONE',  ( -1.099999999999999201, 0.1999999999999999833, 0.1000000000000001582 ) ) ;
#5544 = SURFACE_SIDE_STYLE ('',( #5253 ) ) ;
#5545 = CARTESIAN_POINT ( 'NONE',  ( -0.8999999999999992450, 0.1999999999999999833, 1.500000000000000444 ) ) ;
#5546 = ADVANCED_FACE ( 'NONE', ( #1218 ), #2347, .T. ) ;
#5547 = VECTOR ( 'NONE', #2729, 1000.000000000000000 ) ;
#5548 = VECTOR ( 'NONE', #272, 1000.000000000000000 ) ;
#5549 = PLANE ( 'NONE',  #3259 ) ;
#5550 = VERTEX_POINT ( 'NONE', #2301 ) ;
#5551 = EDGE_CURVE ( 'NONE', #3920, #3600, #3241, .T. ) ;
#5552 = UNCERTAINTY_MEASURE_WITH_UNIT (LENGTH_MEASURE( 1.000000000000000082E-05 ), #768, 'distance_accuracy_value', 'NONE');
#5553 = ORIENTED_EDGE ( 'NONE', *, *, #1789, .F. ) ;
#5554 = VECTOR ( 'NONE', #2052, 1000.000000000000000 ) ;
#5555 = EDGE_CURVE ( 'NONE', #2061, #3103, #3324, .T. ) ;
#5556 = EDGE_CURVE ( 'NONE', #3183, #2864, #3161, .T. ) ;
#5557 = ORIENTED_EDGE ( 'NONE', *, *, #2926, .T. ) ;
#5558 = DIRECTION ( 'NONE',  ( -0.000000000000000000, 0.000000000000000000, -1.000000000000000000 ) ) ;
#5559 = DIRECTION ( 'NONE',  ( 1.000000000000000000, 0.000000000000000000, -5.421010862427523156E-16 ) ) ;
#5560 = VECTOR ( 'NONE', #4113, 1000.000000000000000 ) ;
#5561 = VECTOR ( 'NONE', #3583, 1000.000000000000000 ) ;
#5562 = VECTOR ( 'NONE', #1835, 1000.000000000000000 ) ;
#5563 = DIRECTION ( 'NONE',  ( 0.000000000000000000, -0.000000000000000000, -1.000000000000000000 ) ) ;
#5564 = CARTESIAN_POINT ( 'NONE',  ( 0.5000000000000006661, 0.6472135954999583829, -1.100000000000000089 ) ) ;
#5565 = DIRECTION ( 'NONE',  ( 0.000000000000000000, 0.000000000000000000, -1.000000000000000000 ) ) ;
#5566 = VERTEX_POINT ( 'NONE', #4905 ) ;
#5567 = AXIS2_PLACEMENT_3D ( 'NONE', #1668, #2659, #3163 ) ;
#5568 = LINE ( 'NONE', #5680, #5659 ) ;
#5569 = VECTOR ( 'NONE', #3322, 1000.000000000000000 ) ;
#5570 = COLOUR_RGB ( '',0.7921568627450980005, 0.8196078431372548767, 0.9333333333333333481 ) ;
#5571 = DIRECTION ( 'NONE',  ( -5.421010862427523156E-16, 0.000000000000000000, -1.000000000000000000 ) ) ;
#5572 = CARTESIAN_POINT ( 'NONE',  ( 0.5000000000000004441, 0.6472135954999583829, -1.500000000000000000 ) ) ;
#5573 = VERTEX_POINT ( 'NONE', #2613 ) ;
#5574 = VECTOR ( 'NONE', #3598, 1000.000000000000000 ) ;
#5575 = DIRECTION ( 'NONE',  ( 0.000000000000000000, -1.000000000000000000, 0.000000000000000000 ) ) ;
#5577 = EDGE_CURVE ( 'NONE', #4423, #385, #1927, .T. ) ;
#5576 = LINE ( 'NONE', #4193, #220 ) ;
#5578 = PRESENTATION_LAYER_ASSIGNMENT (  '', '', ( #4737 ) ) ;
#5579 = ORIENTED_EDGE ( 'NONE', *, *, #3253, .T. ) ;
#5580 = VECTOR ( 'NONE', #5406, 1000.000000000000000 ) ;
#5581 = VERTEX_POINT ( 'NONE', #2127 ) ;
#5582 = PLANE ( 'NONE',  #2793 ) ;
#5583 = PLANE ( 'NONE',  #789 ) ;
#5584 = ADVANCED_FACE ( 'NONE', ( #4826 ), #3193, .T. ) ;
#5585 = ORIENTED_EDGE ( 'NONE', *, *, #4276, .F. ) ;
#5586 = CARTESIAN_POINT ( 'NONE',  ( -0.09999999999999928391, 0.1999999999999999833, 1.100000000000000533 ) ) ;
#5587 = MECHANICAL_DESIGN_GEOMETRIC_PRESENTATION_REPRESENTATION (  '', ( #4865 ), #2834 ) ;
#5588 = PLANE ( 'NONE',  #3405 ) ;
#5589 = EDGE_CURVE ( 'NONE', #1897, #3169, #3715, .T. ) ;
#5590 = VERTEX_POINT ( 'NONE', #5087 ) ;
#5591 = LINE ( 'NONE', #719, #4991 ) ;
#5592 = VERTEX_POINT ( 'NONE', #4111 ) ;
#5593 = EDGE_CURVE ( 'NONE', #179, #6312, #3543, .T. ) ;
#5594 = DIRECTION ( 'NONE',  ( 1.000000000000000000, 0.000000000000000000, 0.000000000000000000 ) ) ;
#5595 = CARTESIAN_POINT ( 'NONE',  ( -0.09999999999999950595, 0.04999999999999969746, -1.500000000000000000 ) ) ;
#5596 = DIRECTION ( 'NONE',  ( -2.710505431213761578E-16, 0.000000000000000000, 1.000000000000000000 ) ) ;
#5597 = EDGE_LOOP ( 'NONE', ( #302, #6428, #876, #3896 ) ) ;
#5598 = CARTESIAN_POINT ( 'NONE',  ( -1.099999999999999201, 0.1999999999999999833, -0.6999999999999998446 ) ) ;
#5599 = PLANE ( 'NONE',  #5085 ) ;
#5600 = CARTESIAN_POINT ( 'NONE',  ( 0.000000000000000000, 0.2000000000000000111, 0.000000000000000000 ) ) ;
#5601 = FACE_OUTER_BOUND ( 'NONE', #3482, .T. ) ;
#5602 = VECTOR ( 'NONE', #4457, 1000.000000000000000 ) ;
#5603 = EDGE_CURVE ( 'NONE', #2951, #3687, #6196, .T. ) ;
#5604 = DIRECTION ( 'NONE',  ( -1.000000000000000000, 0.000000000000000000, 0.000000000000000000 ) ) ;
#5605 = EDGE_LOOP ( 'NONE', ( #3960, #5272, #1826, #659 ) ) ;
#5606 = VECTOR ( 'NONE', #560, 1000.000000000000000 ) ;
#5607 = DIRECTION ( 'NONE',  ( -0.000000000000000000, -0.000000000000000000, 1.000000000000000000 ) ) ;
#5608 = CARTESIAN_POINT ( 'NONE',  ( -1.099999999999999201, 0.1999999999999999833, 0.3000000000000001554 ) ) ;
#5609 = ORIENTED_EDGE ( 'NONE', *, *, #56, .T. ) ;
#5610 = DIRECTION ( 'NONE',  ( 1.000000000000000000, -0.000000000000000000, 0.000000000000000000 ) ) ;
#5611 = MECHANICAL_DESIGN_GEOMETRIC_PRESENTATION_REPRESENTATION (  '', ( #696 ), #3368 ) ;
#5612 = VERTEX_POINT ( 'NONE', #4595 ) ;
#5613 = CARTESIAN_POINT ( 'NONE',  ( 1.099999999999999201, 0.6472135954999580498, -0.2999999999999998779 ) ) ;
#5614 = LINE ( 'NONE', #942, #951 ) ;
#5615 = CARTESIAN_POINT ( 'NONE',  ( 0.7000000000000008438, 0.2000000000000000111, 1.500000000000000444 ) ) ;
#5616 = VERTEX_POINT ( 'NONE', #139 ) ;
#5617 = CARTESIAN_POINT ( 'NONE',  ( -0.2999999999999996558, 0.04999999999999969746, -1.500000000000000000 ) ) ;
#5618 = ORIENTED_EDGE ( 'NONE', *, *, #2100, .T. ) ;
#5619 = LINE ( 'NONE', #5732, #640 ) ;
#5620 = CARTESIAN_POINT ( 'NONE',  ( -1.099999999999999201, 0.05000000000000000278, 0.000000000000000000 ) ) ;
#5621 = ADVANCED_FACE ( 'NONE', ( #3395 ), #1072, .F. ) ;
#5622 = CARTESIAN_POINT ( 'NONE',  ( 0.5000000000000004441, 0.2000000000000000111, -1.500000000000000000 ) ) ;
#5623 = VERTEX_POINT ( 'NONE', #2610 ) ;
#5624 = DIRECTION ( 'NONE',  ( 0.000000000000000000, 0.000000000000000000, -1.000000000000000000 ) ) ;
#5625 = LINE ( 'NONE', #5631, #3056 ) ;
#5626 = ADVANCED_FACE ( 'NONE', ( #5887 ), #4063, .T. ) ;
#5627 = ORIENTED_EDGE ( 'NONE', *, *, #2893, .T. ) ;
#5628 = EDGE_CURVE ( 'NONE', #4303, #4253, #5482, .T. ) ;
#5629 = FACE_OUTER_BOUND ( 'NONE', #4935, .T. ) ;
#5630 = ORIENTED_EDGE ( 'NONE', *, *, #3258, .F. ) ;
#5631 = CARTESIAN_POINT ( 'NONE',  ( -1.499999999999999112, 0.6472135954999579388, 0.7000000000000002887 ) ) ;
#5632 = CARTESIAN_POINT ( 'NONE',  ( 0.9000000000000005773, 0.6472135954999583829, -1.100000000000000089 ) ) ;
#5633 = ORIENTED_EDGE ( 'NONE', *, *, #1239, .T. ) ;
#5634 = LINE ( 'NONE', #4127, #2909 ) ;
#5635 = EDGE_CURVE ( 'NONE', #1468, #1966, #3469, .T. ) ;
#5636 = CARTESIAN_POINT ( 'NONE',  ( 0.5000000000000007772, 0.2000000000000000111, 1.500000000000000000 ) ) ;
#5637 = MANIFOLD_SOLID_BREP ( 'LPattern4[3]', #368 ) ;
#5638 = DIRECTION ( 'NONE',  ( -5.421010862427523156E-16, 0.000000000000000000, -1.000000000000000000 ) ) ;
#5639 = VERTEX_POINT ( 'NONE', #4085 ) ;
#5640 = CARTESIAN_POINT ( 'NONE',  ( 0.9000000000000005773, 0.000000000000000000, -1.100000000000000089 ) ) ;
#5641 = DIRECTION ( 'NONE',  ( -1.000000000000000000, 0.000000000000000000, 2.168404344971010446E-15 ) ) ;
#5642 = CARTESIAN_POINT ( 'NONE',  ( 0.000000000000000000, 0.2000000000000000111, 0.000000000000000000 ) ) ;
#5643 = CARTESIAN_POINT ( 'NONE',  ( 0.8499999999999997558, 0.000000000000000000, -0.8499999999999997558 ) ) ;
#5644 = DIRECTION ( 'NONE',  ( -1.000000000000000000, 0.000000000000000000, -0.000000000000000000 ) ) ;
#5645 = LINE ( 'NONE', #6157, #1453 ) ;
#5646 = EDGE_CURVE ( 'NONE', #4401, #1676, #2073, .T. ) ;
#5647 = CARTESIAN_POINT ( 'NONE',  ( 1.200000000000000178, 0.000000000000000000, 0.000000000000000000 ) ) ;
#5648 = ORIENTED_EDGE ( 'NONE', *, *, #6102, .F. ) ;
#5649 = DIRECTION ( 'NONE',  ( 1.000000000000000000, -0.000000000000000000, -0.000000000000000000 ) ) ;
#5650 = AXIS2_PLACEMENT_3D ( 'NONE', #3605, #3824, #4264 ) ;
#5651 = LINE ( 'NONE', #3782, #3870 ) ;
#5652 = LINE ( 'NONE', #5598, #4508 ) ;
#5653 = EDGE_CURVE ( 'NONE', #2447, #776, #1136, .T. ) ;
#5654 = CARTESIAN_POINT ( 'NONE',  ( 0.3000000000000005440, 0.000000000000000000, -1.100000000000000089 ) ) ;
#5655 = CARTESIAN_POINT ( 'NONE',  ( 0.000000000000000000, 0.2000000000000000111, 0.000000000000000000 ) ) ;
#5656 = ORIENTED_EDGE ( 'NONE', *, *, #1931, .F. ) ;
#5657 = CARTESIAN_POINT ( 'NONE',  ( 0.3000000000000007661, 0.2000000000000000111, 1.100000000000000533 ) ) ;
#5658 = CARTESIAN_POINT ( 'NONE',  ( 0.5000000000000007772, 0.6472135954999583829, 1.500000000000000000 ) ) ;
#5659 = VECTOR ( 'NONE', #4172, 1000.000000000000000 ) ;
#5660 = DIRECTION ( 'NONE',  ( 0.000000000000000000, -0.000000000000000000, -1.000000000000000000 ) ) ;
#5661 = LINE ( 'NONE', #2925, #1783 ) ;
#5662 = CARTESIAN_POINT ( 'NONE',  ( 0.8499999999999997558, 0.2000000000000000944, 0.8500000000000001998 ) ) ;
#5663 = EDGE_LOOP ( 'NONE', ( #2507, #611, #6303, #1077 ) ) ;
#5664 = ADVANCED_FACE ( 'NONE', ( #6280 ), #6031, .T. ) ;
#5665 = CARTESIAN_POINT ( 'NONE',  ( 0.1000000000000005884, 0.1999999999999999833, -1.100000000000000089 ) ) ;
#5666 = ORIENTED_EDGE ( 'NONE', *, *, #2270, .T. ) ;
#5667 = CARTESIAN_POINT ( 'NONE',  ( 0.8499999999999997558, 0.000000000000000000, -0.8499999999999997558 ) ) ;
#5668 = CARTESIAN_POINT ( 'NONE',  ( 1.099999999999999201, 0.1999999999999999833, 0.7000000000000000666 ) ) ;
#5669 = CARTESIAN_POINT ( 'NONE',  ( 0.8499999999999997558, 2.604163056034261903, 0.8500000000000001998 ) ) ;
#5670 = ORIENTED_EDGE ( 'NONE', *, *, #978, .F. ) ;
#5671 = AXIS2_PLACEMENT_3D ( 'NONE', #928, #1430, #1851 ) ;
#5672 = ORIENTED_EDGE ( 'NONE', *, *, #923, .T. ) ;
#5673 = DIRECTION ( 'NONE',  ( 1.000000000000000000, 0.000000000000000000, -0.000000000000000000 ) ) ;
#5674 = LINE ( 'NONE', #4576, #852 ) ;
#5675 = EDGE_LOOP ( 'NONE', ( #5800, #2724, #5309, #1017 ) ) ;
#5676 = ORIENTED_EDGE ( 'NONE', *, *, #3656, .T. ) ;
#5677 = DIRECTION ( 'NONE',  ( 5.421010862427523156E-16, -0.000000000000000000, 1.000000000000000000 ) ) ;
#5678 = VERTEX_POINT ( 'NONE', #1602 ) ;
#5679 = VERTEX_POINT ( 'NONE', #5622 ) ;
#5680 = CARTESIAN_POINT ( 'NONE',  ( 0.1000000000000005884, 0.2000000000000000111, -1.100000000000000089 ) ) ;
#5681 = VECTOR ( 'NONE', #1, 1000.000000000000000 ) ;
#5682 = DIRECTION ( 'NONE',  ( 0.000000000000000000, 0.000000000000000000, -1.000000000000000000 ) ) ;
#5684 = FACE_OUTER_BOUND ( 'NONE', #4870, .T. ) ;
#5683 = AXIS2_PLACEMENT_3D ( 'NONE', #1211, #5237, #4210 ) ;
#5685 = DIRECTION ( 'NONE',  ( -2.710505431213761578E-16, 0.000000000000000000, -1.000000000000000000 ) ) ;
#5686 = EDGE_CURVE ( 'NONE', #532, #4396, #1692, .T. ) ;
#5687 = VERTEX_POINT ( 'NONE', #6121 ) ;
#5688 = VECTOR ( 'NONE', #6352, 1000.000000000000000 ) ;
#5689 = CARTESIAN_POINT ( 'NONE',  ( -1.084202172485504434E-16, 0.05000000000000000278, 0.8500000000000000888 ) ) ;
#5690 = CARTESIAN_POINT ( 'NONE',  ( -1.099999999999999201, 0.6472135954999579388, 0.3000000000000001554 ) ) ;
#5691 = DIRECTION ( 'NONE',  ( -0.000000000000000000, -1.000000000000000000, -0.000000000000000000 ) ) ;
#5692 = PLANE ( 'NONE',  #948 ) ;
#5693 = DIRECTION ( 'NONE',  ( -2.710505431213761578E-16, 0.000000000000000000, 1.000000000000000000 ) ) ;
#5694 = ORIENTED_EDGE ( 'NONE', *, *, #3389, .F. ) ;
#5695 =( GEOMETRIC_REPRESENTATION_CONTEXT ( 3 ) GLOBAL_UNCERTAINTY_ASSIGNED_CONTEXT ( ( #2180 ) ) GLOBAL_UNIT_ASSIGNED_CONTEXT ( ( #3894, #3346, #5852 ) ) REPRESENTATION_CONTEXT ( 'NONE', 'WORKASPACE' ) );
#5696 = LINE ( 'NONE', #4050, #4144 ) ;
#5697 = DIRECTION ( 'NONE',  ( -0.000000000000000000, -0.000000000000000000, 1.000000000000000000 ) ) ;
#5698 = ORIENTED_EDGE ( 'NONE', *, *, #6427, .T. ) ;
#5699 = ADVANCED_FACE ( 'NONE', ( #6271 ), #3234, .F. ) ;
#5700 = ORIENTED_EDGE ( 'NONE', *, *, #4654, .F. ) ;
#5701 = LINE ( 'NONE', #5665, #1743 ) ;
#5702 = DIRECTION ( 'NONE',  ( -0.000000000000000000, -0.000000000000000000, 1.000000000000000000 ) ) ;
#5703 = CARTESIAN_POINT ( 'NONE',  ( 1.099999999999999201, 0.1999999999999999833, -0.09999999999999993616 ) ) ;
#5704 = CARTESIAN_POINT ( 'NONE',  ( -0.8500000000000001998, -0.000000000000000000, -0.8499999999999999778 ) ) ;
#5705 = PRESENTATION_LAYER_ASSIGNMENT (  '', '', ( #5947 ) ) ;
#5706 = ORIENTED_EDGE ( 'NONE', *, *, #418, .F. ) ;
#5707 = CARTESIAN_POINT ( 'NONE',  ( 0.000000000000000000, 0.2000000000000000111, 0.000000000000000000 ) ) ;
#5708 = CARTESIAN_POINT ( 'NONE',  ( -1.099999999999999201, 0.6472135954999579388, 0.1000000000000001582 ) ) ;
#5709 = FACE_OUTER_BOUND ( 'NONE', #228, .T. ) ;
#5710 = EDGE_CURVE ( 'NONE', #2565, #5486, #5816, .T. ) ;
#5711 = ORIENTED_EDGE ( 'NONE', *, *, #4550, .F. ) ;
#5712 = CARTESIAN_POINT ( 'NONE',  ( 0.1000000000000008105, 0.1999999999999999833, 1.100000000000000089 ) ) ;
#5713 = EDGE_CURVE ( 'NONE', #4470, #5926, #2923, .T. ) ;
#5714 = DIRECTION ( 'NONE',  ( -1.000000000000000000, 0.000000000000000000, -2.710505431213761578E-16 ) ) ;
#5715 =( GEOMETRIC_REPRESENTATION_CONTEXT ( 3 ) GLOBAL_UNCERTAINTY_ASSIGNED_CONTEXT ( ( #4233 ) ) GLOBAL_UNIT_ASSIGNED_CONTEXT ( ( #6420, #4885, #2897 ) ) REPRESENTATION_CONTEXT ( 'NONE', 'WORKASPACE' ) );
#5716 = LINE ( 'NONE', #5005, #5398 ) ;
#5717 = CARTESIAN_POINT ( 'NONE',  ( -1.499999999999999112, 0.6472135954999580498, -0.2999999999999998779 ) ) ;
#5718 = DIRECTION ( 'NONE',  ( 0.000000000000000000, 1.000000000000000000, 0.000000000000000000 ) ) ;
#5719 = CARTESIAN_POINT ( 'NONE',  ( -0.6999999999999992895, 0.6472135954999583829, 1.100000000000000089 ) ) ;
#5720 = ORIENTED_EDGE ( 'NONE', *, *, #5979, .F. ) ;
#5721 = FILL_AREA_STYLE ('',( #3031 ) ) ;
#5722 = VECTOR ( 'NONE', #610, 1000.000000000000000 ) ;
#5723 = CLOSED_SHELL ( 'NONE', ( #667, #6223, #1232, #4380, #1020, #2759 ) ) ;
#5724 = AXIS2_PLACEMENT_3D ( 'NONE', #6256, #5323, #2325 ) ;
#5725 = PLANE ( 'NONE',  #492 ) ;
#5726 = EDGE_LOOP ( 'NONE', ( #262, #6054, #4847, #1786 ) ) ;
#5727 = EDGE_CURVE ( 'NONE', #930, #5318, #6110, .T. ) ;
#5728 = CARTESIAN_POINT ( 'NONE',  ( -1.499999999999999112, 0.6472135954999579388, -0.6999999999999998446 ) ) ;
#5729 = DIRECTION ( 'NONE',  ( -0.000000000000000000, -1.000000000000000000, -0.000000000000000000 ) ) ;
#5730 = LINE ( 'NONE', #2997, #822 ) ;
#5731 = VECTOR ( 'NONE', #3088, 1000.000000000000000 ) ;
#5732 = CARTESIAN_POINT ( 'NONE',  ( -0.8999999999999993561, 0.6472135954999583829, 1.100000000000000533 ) ) ;
#5733 = CARTESIAN_POINT ( 'NONE',  ( -1.499999999999999112, 0.1999999999999999833, -0.6999999999999998446 ) ) ;
#5734 = VERTEX_POINT ( 'NONE', #1189 ) ;
#5735 = VECTOR ( 'NONE', #1237, 1000.000000000000000 ) ;
#5736 = DIRECTION ( 'NONE',  ( -1.000000000000000000, 0.000000000000000000, 5.421010862427523156E-16 ) ) ;
#5737 = ADVANCED_FACE ( 'NONE', ( #4013 ), #2283, .T. ) ;
#5738 = VECTOR ( 'NONE', #4307, 1000.000000000000000 ) ;
#5739 = SURFACE_STYLE_FILL_AREA ( #780 ) ;
#5740 = EDGE_CURVE ( 'NONE', #5469, #5639, #3859, .T. ) ;
#5741 = CARTESIAN_POINT ( 'NONE',  ( -1.099999999999999201, 0.1999999999999999833, 0.5000000000000002220 ) ) ;
#5742 = DIRECTION ( 'NONE',  ( 1.000000000000000000, 0.000000000000000000, -0.000000000000000000 ) ) ;
#5743 = CARTESIAN_POINT ( 'NONE',  ( 1.500000000000000444, 0.05000000000000000278, 1.500000000000000000 ) ) ;
#5744 = DIRECTION ( 'NONE',  ( 0.000000000000000000, 1.000000000000000000, 0.000000000000000000 ) ) ;
#5745 = ORIENTED_EDGE ( 'NONE', *, *, #4734, .T. ) ;
#5746 = CARTESIAN_POINT ( 'NONE',  ( 1.099999999999999201, 0.1999999999999999833, -0.6999999999999998446 ) ) ;
#5747 = FACE_OUTER_BOUND ( 'NONE', #690, .T. ) ;
#5748 = VECTOR ( 'NONE', #6279, 1000.000000000000000 ) ;
#5749 = FACE_OUTER_BOUND ( 'NONE', #1837, .T. ) ;
#5750 = ORIENTED_EDGE ( 'NONE', *, *, #3927, .T. ) ;
#5751 = FACE_OUTER_BOUND ( 'NONE', #4447, .T. ) ;
#5752 = ORIENTED_EDGE ( 'NONE', *, *, #5713, .T. ) ;
#5753 = DIRECTION ( 'NONE',  ( 1.000000000000000000, -0.000000000000000000, -0.000000000000000000 ) ) ;
#5754 = EDGE_LOOP ( 'NONE', ( #3980, #2133, #6151, #6075 ) ) ;
#5755 = ORIENTED_EDGE ( 'NONE', *, *, #5727, .F. ) ;
#5756 = DIRECTION ( 'NONE',  ( -0.000000000000000000, -1.000000000000000000, -0.000000000000000000 ) ) ;
#5757 = LINE ( 'NONE', #3809, #4445 ) ;
#5758 = ORIENTED_EDGE ( 'NONE', *, *, #3959, .F. ) ;
#5759 = DIRECTION ( 'NONE',  ( -1.000000000000000000, -0.000000000000000000, -5.421010862427523156E-16 ) ) ;
#5760 = VERTEX_POINT ( 'NONE', #259 ) ;
#5761 = EDGE_LOOP ( 'NONE', ( #2570, #6018, #4528, #3020 ) ) ;
#5762 = DIRECTION ( 'NONE',  ( -0.000000000000000000, -1.000000000000000000, -0.000000000000000000 ) ) ;
#5763 = PLANE ( 'NONE',  #5002 ) ;
#5764 = CARTESIAN_POINT ( 'NONE',  ( -0.6999999999999992895, 0.1999999999999999833, 1.100000000000000089 ) ) ;
#5765 = LINE ( 'NONE', #4793, #5602 ) ;
#5766 = ORIENTED_EDGE ( 'NONE', *, *, #6187, .T. ) ;
#5767 = CARTESIAN_POINT ( 'NONE',  ( -0.2999999999999996558, 0.2000000000000000111, -1.500000000000000000 ) ) ;
#5768 = EDGE_CURVE ( 'NONE', #3504, #4225, #2522, .T. ) ;
#5769 = ORIENTED_EDGE ( 'NONE', *, *, #940, .T. ) ;
#5770 = ADVANCED_FACE ( 'NONE', ( #2839 ), #5175, .T. ) ;
#5771 = VECTOR ( 'NONE', #1319, 1000.000000000000000 ) ;
#5772 = CARTESIAN_POINT ( 'NONE',  ( 4.878909776184773897E-16, 0.05000000000000000278, -0.9000000000000004663 ) ) ;
#5773 = VERTEX_POINT ( 'NONE', #5197 ) ;
#5774 = EDGE_CURVE ( 'NONE', #4007, #119, #5185, .T. ) ;
#5775 = EDGE_LOOP ( 'NONE', ( #1191, #3658, #4039, #6076 ) ) ;
#5776 = EDGE_LOOP ( 'NONE', ( #4209, #834, #1509, #64 ) ) ;
#5777 = ORIENTED_EDGE ( 'NONE', *, *, #4822, .F. ) ;
#5778 = EDGE_CURVE ( 'NONE', #5353, #1578, #2773, .T. ) ;
#5779 = LINE ( 'NONE', #3280, #3204 ) ;
#5780 = DIRECTION ( 'NONE',  ( -1.000000000000000000, 0.000000000000000000, 0.000000000000000000 ) ) ;
#5781 =( NAMED_UNIT ( * ) PLANE_ANGLE_UNIT ( ) SI_UNIT ( $, .RADIAN. ) );
#5782 = CARTESIAN_POINT ( 'NONE',  ( -0.6999999999999992895, 0.1999999999999999833, 1.500000000000000000 ) ) ;
#5783 = EDGE_LOOP ( 'NONE', ( #5015, #2798, #5670, #5159 ) ) ;
#5784 = AXIS2_PLACEMENT_3D ( 'NONE', #990, #2944, #3937 ) ;
#5785 = EDGE_LOOP ( 'NONE', ( #6247, #4497, #4645, #93 ) ) ;
#5786 = EDGE_CURVE ( 'NONE', #5332, #5077, #4281, .T. ) ;
#5787 = VECTOR ( 'NONE', #2721, 1000.000000000000000 ) ;
#5788 = DIRECTION ( 'NONE',  ( -1.000000000000000000, 0.000000000000000000, 0.000000000000000000 ) ) ;
#5789 = ORIENTED_EDGE ( 'NONE', *, *, #2354, .T. ) ;
#5790 = DIRECTION ( 'NONE',  ( -0.000000000000000000, -1.000000000000000000, -0.000000000000000000 ) ) ;
#5791 = VECTOR ( 'NONE', #3154, 1000.000000000000000 ) ;
#5792 = CARTESIAN_POINT ( 'NONE',  ( -0.6999999999999994005, 0.2000000000000000111, -1.100000000000000089 ) ) ;
#5793 = AXIS2_PLACEMENT_3D ( 'NONE', #1208, #5217, #2748 ) ;
#5794 = CARTESIAN_POINT ( 'NONE',  ( -1.499999999999999112, 0.000000000000000000, -0.8999999999999998002 ) ) ;
#5795 = ORIENTED_EDGE ( 'NONE', *, *, #3503, .F. ) ;
#5796 = DIRECTION ( 'NONE',  ( 0.000000000000000000, -0.000000000000000000, -1.000000000000000000 ) ) ;
#5797 = ADVANCED_FACE ( 'NONE', ( #41 ), #3260, .T. ) ;
#5798 = ORIENTED_EDGE ( 'NONE', *, *, #859, .F. ) ;
#5799 =( NAMED_UNIT ( * ) SI_UNIT ( $, .STERADIAN. ) SOLID_ANGLE_UNIT ( ) );
#5800 = ORIENTED_EDGE ( 'NONE', *, *, #3737, .F. ) ;
#5801 = CARTESIAN_POINT ( 'NONE',  ( 0.9000000000000005773, 0.2000000000000000111, -1.100000000000000089 ) ) ;
#5802 = CARTESIAN_POINT ( 'NONE',  ( -1.099999999999999201, 0.05000000000000023870, -0.5000000000000000000 ) ) ;
#5803 = LINE ( 'NONE', #4548, #4421 ) ;
#5804 = VECTOR ( 'NONE', #792, 1000.000000000000000 ) ;
#5805 = ORIENTED_EDGE ( 'NONE', *, *, #2251, .T. ) ;
#5806 = ORIENTED_EDGE ( 'NONE', *, *, #4178, .T. ) ;
#5807 = CARTESIAN_POINT ( 'NONE',  ( 0.9000000000000007994, 0.6472135954999583829, 1.100000000000000089 ) ) ;
#5808 = FACE_OUTER_BOUND ( 'NONE', #6029, .T. ) ;
#5809 = DIRECTION ( 'NONE',  ( 1.000000000000000000, 0.000000000000000000, 0.000000000000000000 ) ) ;
#5810 = AXIS2_PLACEMENT_3D ( 'NONE', #1069, #1515, #5013 ) ;
#5811 = PLANE ( 'NONE',  #1814 ) ;
#5812 = EDGE_CURVE ( 'NONE', #2800, #2198, #505, .T. ) ;
#5813 = ORIENTED_EDGE ( 'NONE', *, *, #6417, .F. ) ;
#5814 = DIRECTION ( 'NONE',  ( -1.000000000000000000, 0.000000000000000000, 1.445602896647339163E-16 ) ) ;
#5815 = LINE ( 'NONE', #131, #4505 ) ;
#5816 = LINE ( 'NONE', #4738, #4195 ) ;
#5817 = VECTOR ( 'NONE', #260, 1000.000000000000000 ) ;
#5818 = PLANE ( 'NONE',  #4173 ) ;
#5819 = VERTEX_POINT ( 'NONE', #1280 ) ;
#5820 =( NAMED_UNIT ( * ) PLANE_ANGLE_UNIT ( ) SI_UNIT ( $, .RADIAN. ) );
#5821 = LINE ( 'NONE', #3770, #5418 ) ;
#5822 = DIRECTION ( 'NONE',  ( -0.000000000000000000, -1.000000000000000000, -0.000000000000000000 ) ) ;
#5823 = DIRECTION ( 'NONE',  ( 0.000000000000000000, 0.000000000000000000, -1.000000000000000000 ) ) ;
#5824 = SURFACE_SIDE_STYLE ('',( #5739 ) ) ;
#5825 = PLANE ( 'NONE',  #6001 ) ;
#5826 = VERTEX_POINT ( 'NONE', #3671 ) ;
#5827 = FACE_OUTER_BOUND ( 'NONE', #3303, .T. ) ;
#5828 = ORIENTED_EDGE ( 'NONE', *, *, #4577, .T. ) ;
#5829 = CARTESIAN_POINT ( 'NONE',  ( 0.5000000000000008882, 0.2000000000000000111, 1.100000000000000089 ) ) ;
#5830 = ADVANCED_FACE ( 'NONE', ( #5268 ), #6144, .T. ) ;
#5831 = ORIENTED_EDGE ( 'NONE', *, *, #567, .T. ) ;
#5832 = ORIENTED_EDGE ( 'NONE', *, *, #2518, .T. ) ;
#5833 = EDGE_CURVE ( 'NONE', #1066, #4501, #2152, .T. ) ;
#5834 = DIRECTION ( 'NONE',  ( -0.000000000000000000, 0.000000000000000000, 1.000000000000000000 ) ) ;
#5835 = FACE_OUTER_BOUND ( 'NONE', #1573, .T. ) ;
#5836 = ORIENTED_EDGE ( 'NONE', *, *, #3688, .T. ) ;
#5837 = DIRECTION ( 'NONE',  ( 1.000000000000000000, 0.000000000000000000, -2.168404344971008079E-15 ) ) ;
#5838 = ORIENTED_EDGE ( 'NONE', *, *, #5328, .T. ) ;
#5839 = AXIS2_PLACEMENT_3D ( 'NONE', #794, #2254, #1298 ) ;
#5840 = ORIENTED_EDGE ( 'NONE', *, *, #3389, .T. ) ;
#5841 = ORIENTED_EDGE ( 'NONE', *, *, #5628, .F. ) ;
#5842 = CARTESIAN_POINT ( 'NONE',  ( 1.499999999999999112, 0.000000000000000000, 0.1000000000000001582 ) ) ;
#5843 = FACE_OUTER_BOUND ( 'NONE', #5916, .T. ) ;
#5844 = LINE ( 'NONE', #3437, #3898 ) ;
#5845 = CARTESIAN_POINT ( 'NONE',  ( -0.2999999999999992117, 0.1999999999999999833, 1.100000000000000089 ) ) ;
#5846 = CARTESIAN_POINT ( 'NONE',  ( 1.099999999999999201, 0.1999999999999999833, -0.6999999999999998446 ) ) ;
#5847 = CARTESIAN_POINT ( 'NONE',  ( -1.099999999999999201, 0.000000000000000000, -0.2999999999999998779 ) ) ;
#5848 = ORIENTED_EDGE ( 'NONE', *, *, #2374, .F. ) ;
#5849 = VECTOR ( 'NONE', #251, 1000.000000000000000 ) ;
#5850 =( GEOMETRIC_REPRESENTATION_CONTEXT ( 3 ) GLOBAL_UNCERTAINTY_ASSIGNED_CONTEXT ( ( #1093 ) ) GLOBAL_UNIT_ASSIGNED_CONTEXT ( ( #5076, #5119, #1663 ) ) REPRESENTATION_CONTEXT ( 'NONE', 'WORKASPACE' ) );
#5851 = MANIFOLD_SOLID_BREP ( 'LPattern4[1]', #3066 ) ;
#5852 =( NAMED_UNIT ( * ) SI_UNIT ( $, .STERADIAN. ) SOLID_ANGLE_UNIT ( ) );
#5853 = EDGE_CURVE ( 'NONE', #5913, #4980, #3318, .T. ) ;
#5854 = VERTEX_POINT ( 'NONE', #2160 ) ;
#5855 = LINE ( 'NONE', #5038, #5310 ) ;
#5856 = DIRECTION ( 'NONE',  ( 0.000000000000000000, 0.000000000000000000, -1.000000000000000000 ) ) ;
#5857 = ORIENTED_EDGE ( 'NONE', *, *, #6091, .T. ) ;
#5858 = ORIENTED_EDGE ( 'NONE', *, *, #4749, .F. ) ;
#5859 = CARTESIAN_POINT ( 'NONE',  ( 1.099999999999999201, 0.1999999999999999833, -0.5000000000000000000 ) ) ;
#5860 = EDGE_CURVE ( 'NONE', #1842, #5506, #5415, .T. ) ;
#5861 = LINE ( 'NONE', #4710, #4866 ) ;
#5862 = DIRECTION ( 'NONE',  ( -0.000000000000000000, -1.000000000000000000, -0.000000000000000000 ) ) ;
#5863 = ADVANCED_FACE ( 'NONE', ( #4427 ), #3606, .T. ) ;
#5864 = ORIENTED_EDGE ( 'NONE', *, *, #3628, .F. ) ;
#5865 = CARTESIAN_POINT ( 'NONE',  ( -0.2999999999999992117, 0.2000000000000000111, 1.100000000000000089 ) ) ;
#5866 = CARTESIAN_POINT ( 'NONE',  ( 0.5000000000000011102, 0.1999999999999996503, 1.500000000000000222 ) ) ;
#5867 = AXIS2_PLACEMENT_3D ( 'NONE', #963, #2895, #6379 ) ;
#5868 = CARTESIAN_POINT ( 'NONE',  ( 0.9000000000000005773, 0.1999999999999999833, -1.100000000000000089 ) ) ;
#5869 = EDGE_LOOP ( 'NONE', ( #2626, #4606, #5553, #4828 ) ) ;
#5870 = EDGE_CURVE ( 'NONE', #1979, #5145, #6421, .T. ) ;
#5871 = FILL_AREA_STYLE_COLOUR ( '', #5570 ) ;
#5872 = DIRECTION ( 'NONE',  ( -1.000000000000000000, 0.000000000000000000, 1.445602896647339163E-16 ) ) ;
#5873 = LINE ( 'NONE', #5845, #2366 ) ;
#5874 = ORIENTED_EDGE ( 'NONE', *, *, #2199, .T. ) ;
#5875 = DIRECTION ( 'NONE',  ( -2.710505431213761578E-16, 0.000000000000000000, -1.000000000000000000 ) ) ;
#5876 = VECTOR ( 'NONE', #4757, 1000.000000000000000 ) ;
#5877 = EDGE_LOOP ( 'NONE', ( #5083, #277, #5431, #460 ) ) ;
#5878 = DIRECTION ( 'NONE',  ( 0.000000000000000000, -1.000000000000000000, 0.000000000000000000 ) ) ;
#5879 = VECTOR ( 'NONE', #4631, 1000.000000000000000 ) ;
#5880 = LINE ( 'NONE', #5615, #4568 ) ;
#5881 = PLANE ( 'NONE',  #5867 ) ;
#5882 = EDGE_LOOP ( 'NONE', ( #4863, #4431, #2264, #4529 ) ) ;
#5883 = EDGE_CURVE ( 'NONE', #1966, #4565, #5645, .T. ) ;
#5884 = SURFACE_SIDE_STYLE ('',( #3712 ) ) ;
#5885 = LINE ( 'NONE', #6339, #4659 ) ;
#5886 = CARTESIAN_POINT ( 'NONE',  ( -1.499999999999999556, 0.05000000000000000278, 1.500000000000000444 ) ) ;
#5887 = FACE_OUTER_BOUND ( 'NONE', #5298, .T. ) ;
#5888 = FACE_OUTER_BOUND ( 'NONE', #4453, .T. ) ;
#5889 = DIRECTION ( 'NONE',  ( 1.000000000000000000, 0.000000000000000000, -2.168404344971008079E-15 ) ) ;
#5890 = CARTESIAN_POINT ( 'NONE',  ( 0.1000000000000008105, 0.2000000000000000111, 1.100000000000000089 ) ) ;
#5891 = EDGE_LOOP ( 'NONE', ( #5337, #5265, #5521, #2279 ) ) ;
#5892 = ADVANCED_FACE ( 'NONE', ( #2597 ), #5164, .T. ) ;
#5893 = VECTOR ( 'NONE', #192, 1000.000000000000000 ) ;
#5894 = AXIS2_PLACEMENT_3D ( 'NONE', #4538, #4989, #3448 ) ;
#5895 = LINE ( 'NONE', #6098, #2241 ) ;
#5896 = VECTOR ( 'NONE', #5697, 1000.000000000000000 ) ;
#5897 = CARTESIAN_POINT ( 'NONE',  ( -1.499999999999999112, 0.1999999999999999833, -0.6999999999999998446 ) ) ;
#5898 = EDGE_CURVE ( 'NONE', #2986, #4444, #3946, .T. ) ;
#5899 = DIRECTION ( 'NONE',  ( 0.000000000000000000, -1.000000000000000000, 0.000000000000000000 ) ) ;
#5900 = ORIENTED_EDGE ( 'NONE', *, *, #2203, .T. ) ;
#5901 = COLOUR_RGB ( '',0.7921568627450980005, 0.8196078431372548767, 0.9333333333333333481 ) ;
#5902 = CARTESIAN_POINT ( 'NONE',  ( 0.000000000000000000, 0.2000000000000000111, 0.000000000000000000 ) ) ;
#5903 = ORIENTED_EDGE ( 'NONE', *, *, #315, .T. ) ;
#5904 = EDGE_CURVE ( 'NONE', #958, #5318, #4099, .T. ) ;
#5905 = LINE ( 'NONE', #3200, #301 ) ;
#5906 = ORIENTED_EDGE ( 'NONE', *, *, #5496, .T. ) ;
#5907 = DIRECTION ( 'NONE',  ( 0.000000000000000000, 0.000000000000000000, -1.000000000000000000 ) ) ;
#5908 = ORIENTED_EDGE ( 'NONE', *, *, #401, .F. ) ;
#5909 = CARTESIAN_POINT ( 'NONE',  ( 0.3000000000000007661, 0.1999999999999999833, 1.100000000000000533 ) ) ;
#5910 = CARTESIAN_POINT ( 'NONE',  ( -0.6999999999999992895, 0.1999999999999999833, 1.500000000000000000 ) ) ;
#5911 = ORIENTED_EDGE ( 'NONE', *, *, #392, .T. ) ;
#5912 = LINE ( 'NONE', #6036, #1812 ) ;
#5913 = VERTEX_POINT ( 'NONE', #2624 ) ;
#5914 = CARTESIAN_POINT ( 'NONE',  ( 0.9000000000000005773, 0.2000000000000000111, -1.100000000000000089 ) ) ;
#5915 = CARTESIAN_POINT ( 'NONE',  ( 1.500000000000000444, 0.05000000000000000278, 1.500000000000000000 ) ) ;
#5916 = EDGE_LOOP ( 'NONE', ( #2736, #5049, #2733, #767 ) ) ;
#5917 = LINE ( 'NONE', #1787, #542 ) ;
#5918 = EDGE_CURVE ( 'NONE', #6127, #2120, #2451, .T. ) ;
#5919 = AXIS2_PLACEMENT_3D ( 'NONE', #2206, #3149, #199 ) ;
#5920 = DIRECTION ( 'NONE',  ( -1.000000000000000000, 0.000000000000000000, -5.421010862427523156E-16 ) ) ;
#5921 = ADVANCED_FACE ( 'NONE', ( #1300 ), #1614, .F. ) ;
#5922 = EDGE_LOOP ( 'NONE', ( #1546, #5758, #3975, #4785 ) ) ;
#5923 = LINE ( 'NONE', #5728, #1340 ) ;
#5924 = DIRECTION ( 'NONE',  ( 2.168404344971008079E-15, 0.000000000000000000, 1.000000000000000000 ) ) ;
#5925 = MANIFOLD_SOLID_BREP ( 'LPattern4[7]', #5118 ) ;
#5926 = VERTEX_POINT ( 'NONE', #652 ) ;
#5927 = SURFACE_STYLE_USAGE ( .BOTH. , #2462 ) ;
#5928 = ORIENTED_EDGE ( 'NONE', *, *, #132, .F. ) ;
#5929 = PRESENTATION_LAYER_ASSIGNMENT (  '', '', ( #1267 ) ) ;
#5930 = VECTOR ( 'NONE', #5194, 1000.000000000000000 ) ;
#5931 = CARTESIAN_POINT ( 'NONE',  ( -1.499999999999999112, 0.1999999999999999833, -0.2999999999999998779 ) ) ;
#5932 = EDGE_CURVE ( 'NONE', #3039, #4414, #3390, .T. ) ;
#5933 = CARTESIAN_POINT ( 'NONE',  ( 0.000000000000000000, 0.05000000000000000278, 0.9000000000000002442 ) ) ;
#5934 = VERTEX_POINT ( 'NONE', #4676 ) ;
#5935 = CARTESIAN_POINT ( 'NONE',  ( 0.8000000000000000444, 0.2000000000000000111, 0.000000000000000000 ) ) ;
#5936 = ORIENTED_EDGE ( 'NONE', *, *, #905, .T. ) ;
#5937 = VECTOR ( 'NONE', #5211, 1000.000000000000000 ) ;
#5938 = ADVANCED_FACE ( 'NONE', ( #2310 ), #6108, .F. ) ;
#5939 = EDGE_LOOP ( 'NONE', ( #4310, #4547, #6224, #5364 ) ) ;
#5940 = EDGE_CURVE ( 'NONE', #1876, #6349, #3144, .T. ) ;
#5941 = DIRECTION ( 'NONE',  ( -1.000000000000000000, 0.000000000000000000, -5.421010862427523156E-16 ) ) ;
#5942 = VECTOR ( 'NONE', #3044, 1000.000000000000000 ) ;
#5943 = CARTESIAN_POINT ( 'NONE',  ( -0.8500000000000001998, 2.604163056034261903, 0.8499999999999999778 ) ) ;
#5944 = DIRECTION ( 'NONE',  ( 1.000000000000000000, -0.000000000000000000, -1.445602896647339163E-16 ) ) ;
#5945 = ORIENTED_EDGE ( 'NONE', *, *, #5589, .F. ) ;
#5946 = LINE ( 'NONE', #3884, #3849 ) ;
#5947 = STYLED_ITEM ( 'NONE', ( #4883 ), #1421 ) ;
#5948 = ORIENTED_EDGE ( 'NONE', *, *, #2453, .F. ) ;
#5949 = ORIENTED_EDGE ( 'NONE', *, *, #5380, .T. ) ;
#5950 = DIRECTION ( 'NONE',  ( 0.000000000000000000, 0.000000000000000000, -1.000000000000000000 ) ) ;
#5951 = DIRECTION ( 'NONE',  ( 1.000000000000000000, 0.000000000000000000, -2.168404344971008079E-15 ) ) ;
#5952 = ADVANCED_FACE ( 'NONE', ( #4494 ), #2764, .F. ) ;
#5953 = PRESENTATION_STYLE_ASSIGNMENT (( #85 ) ) ;
#5954 = DIRECTION ( 'NONE',  ( 1.000000000000000000, -0.000000000000000000, -0.000000000000000000 ) ) ;
#5955 = EDGE_LOOP ( 'NONE', ( #4886, #6057, #3124, #1367 ) ) ;
#5956 =( GEOMETRIC_REPRESENTATION_CONTEXT ( 3 ) GLOBAL_UNCERTAINTY_ASSIGNED_CONTEXT ( ( #2647 ) ) GLOBAL_UNIT_ASSIGNED_CONTEXT ( ( #1697, #2218, #3192 ) ) REPRESENTATION_CONTEXT ( 'NONE', 'WORKASPACE' ) );
#5957 = VECTOR ( 'NONE', #1725, 1000.000000000000000 ) ;
#5958 = ORIENTED_EDGE ( 'NONE', *, *, #2883, .T. ) ;
#5959 = CARTESIAN_POINT ( 'NONE',  ( -1.099999999999999201, 0.000000000000000000, -0.2999999999999998779 ) ) ;
#5960 = LINE ( 'NONE', #2855, #5192 ) ;
#5961 = LINE ( 'NONE', #4986, #209 ) ;
#5962 = AXIS2_PLACEMENT_3D ( 'NONE', #5719, #2732, #781 ) ;
#5963 = CARTESIAN_POINT ( 'NONE',  ( 1.099999999999999201, 0.1999999999999999833, -0.6999999999999998446 ) ) ;
#5964 = EDGE_CURVE ( 'NONE', #4721, #5279, #426, .T. ) ;
#5965 = ADVANCED_FACE ( 'NONE', ( #499 ), #3459, .F. ) ;
#5966 = CLOSED_SHELL ( 'NONE', ( #4539, #4670, #1299, #868, #6185, #2515 ) ) ;
#5967 = LINE ( 'NONE', #2863, #1061 ) ;
#5968 = LINE ( 'NONE', #3305, #4581 ) ;
#5969 = CARTESIAN_POINT ( 'NONE',  ( -1.099999999999999201, 0.05000000000000002359, -0.6999999999999998446 ) ) ;
#5970 = DIRECTION ( 'NONE',  ( 0.000000000000000000, 0.000000000000000000, -1.000000000000000000 ) ) ;
#5971 = ORIENTED_EDGE ( 'NONE', *, *, #848, .F. ) ;
#5972 = DIRECTION ( 'NONE',  ( 0.000000000000000000, -1.000000000000000000, 0.000000000000000000 ) ) ;
#5973 = CARTESIAN_POINT ( 'NONE',  ( -0.2999999999999992117, 0.2000000000000000111, 1.100000000000000089 ) ) ;
#5974 = LINE ( 'NONE', #5886, #5580 ) ;
#5975 = EDGE_CURVE ( 'NONE', #3510, #4928, #3536, .T. ) ;
#5976 = ORIENTED_EDGE ( 'NONE', *, *, #5768, .F. ) ;
#5977 = DIRECTION ( 'NONE',  ( 0.000000000000000000, 0.000000000000000000, -1.000000000000000000 ) ) ;
#5978 = ORIENTED_EDGE ( 'NONE', *, *, #6435, .F. ) ;
#5979 = EDGE_CURVE ( 'NONE', #3699, #5088, #108, .T. ) ;
#5980 = VERTEX_POINT ( 'NONE', #1888 ) ;
#5981 = PLANE ( 'NONE',  #1122 ) ;
#5982 = ADVANCED_FACE ( 'NONE', ( #6268 ), #6434, .F. ) ;
#5983 = FACE_OUTER_BOUND ( 'NONE', #2368, .T. ) ;
#5984 = DIRECTION ( 'NONE',  ( 0.000000000000000000, 1.000000000000000000, 0.000000000000000000 ) ) ;
#5985 = VERTEX_POINT ( 'NONE', #5436 ) ;
#5986 = MECHANICAL_DESIGN_GEOMETRIC_PRESENTATION_REPRESENTATION (  '', ( #285 ), #63 ) ;
#5987 = CLOSED_SHELL ( 'NONE', ( #4930, #4990, #5982, #3983, #1471, #991 ) ) ;
#5988 = EDGE_CURVE ( 'NONE', #1649, #147, #5100, .T. ) ;
#5989 =( NAMED_UNIT ( * ) SI_UNIT ( $, .STERADIAN. ) SOLID_ANGLE_UNIT ( ) );
#5990 = VERTEX_POINT ( 'NONE', #2553 ) ;
#5991 = VERTEX_POINT ( 'NONE', #500 ) ;
#5992 = LINE ( 'NONE', #1166, #1335 ) ;
#5993 = PRESENTATION_STYLE_ASSIGNMENT (( #1039 ) ) ;
#5994 = VERTEX_POINT ( 'NONE', #2071 ) ;
#5995 = CARTESIAN_POINT ( 'NONE',  ( 0.000000000000000000, 0.9000000000000000222, 0.000000000000000000 ) ) ;
#5996 = DIRECTION ( 'NONE',  ( 0.000000000000000000, -1.000000000000000000, 0.000000000000000000 ) ) ;
#5997 = ADVANCED_FACE ( 'NONE', ( #4892 ), #5533, .F. ) ;
#5998 = ORIENTED_EDGE ( 'NONE', *, *, #4983, .T. ) ;
#5999 = LINE ( 'NONE', #3691, #3436 ) ;
#6000 = DIRECTION ( 'NONE',  ( -1.000000000000000000, 0.000000000000000000, 5.421010862427523156E-16 ) ) ;
#6001 = AXIS2_PLACEMENT_3D ( 'NONE', #1871, #379, #2364 ) ;
#6002 = CARTESIAN_POINT ( 'NONE',  ( -0.4999999999999995559, 0.04999999999999969746, -1.500000000000000000 ) ) ;
#6003 = ORIENTED_EDGE ( 'NONE', *, *, #2823, .T. ) ;
#6004 = ORIENTED_EDGE ( 'NONE', *, *, #729, .F. ) ;
#6005 = VECTOR ( 'NONE', #14, 1000.000000000000000 ) ;
#6006 = PLANE ( 'NONE',  #1410 ) ;
#6007 = DIRECTION ( 'NONE',  ( -0.000000000000000000, -0.000000000000000000, 1.000000000000000000 ) ) ;
#6008 = ORIENTED_EDGE ( 'NONE', *, *, #3158, .F. ) ;
#6009 = STYLED_ITEM ( 'NONE', ( #4816 ), #6039 ) ;
#6010 = EDGE_CURVE ( 'NONE', #3804, #1522, #2304, .T. ) ;
#6011 = CARTESIAN_POINT ( 'NONE',  ( -1.099999999999999201, 0.6472135954999580498, -0.2999999999999998779 ) ) ;
#6012 = LINE ( 'NONE', #1757, #5787 ) ;
#6013 = ADVANCED_FACE ( 'NONE', ( #2588 ), #2010, .F. ) ;
#6014 = CARTESIAN_POINT ( 'NONE',  ( 1.099999999999999201, 0.6472135954999580498, -0.2999999999999998779 ) ) ;
#6015 = ORIENTED_EDGE ( 'NONE', *, *, #5774, .F. ) ;
#6016 = LINE ( 'NONE', #4532, #2137 ) ;
#6017 = EDGE_CURVE ( 'NONE', #2408, #3422, #6413, .T. ) ;
#6018 = ORIENTED_EDGE ( 'NONE', *, *, #2777, .F. ) ;
#6019 = VECTOR ( 'NONE', #1255, 1000.000000000000000 ) ;
#6020 = VECTOR ( 'NONE', #3110, 1000.000000000000000 ) ;
#6021 = VERTEX_POINT ( 'NONE', #4506 ) ;
#6022 = CARTESIAN_POINT ( 'NONE',  ( -1.499999999999999112, 0.6472135954999579388, -0.09999999999999971412 ) ) ;
#6023 = CARTESIAN_POINT ( 'NONE',  ( 1.499999999999999112, 0.000000000000000000, -0.8999999999999998002 ) ) ;
#6024 = ORIENTED_EDGE ( 'NONE', *, *, #1580, .T. ) ;
#6025 = AXIS2_PLACEMENT_3D ( 'NONE', #4982, #6334, #6316 ) ;
#6026 = VECTOR ( 'NONE', #1575, 1000.000000000000000 ) ;
#6027 = DIRECTION ( 'NONE',  ( 0.000000000000000000, -0.000000000000000000, -1.000000000000000000 ) ) ;
#6028 = EDGE_CURVE ( 'NONE', #4573, #3547, #1921, .T. ) ;
#6029 = EDGE_LOOP ( 'NONE', ( #5720, #1629, #283, #1501 ) ) ;
#6030 = CARTESIAN_POINT ( 'NONE',  ( 0.3000000000000005440, 0.2000000000000000111, -1.100000000000000089 ) ) ;
#6031 = PLANE ( 'NONE',  #3174 ) ;
#6032 = VECTOR ( 'NONE', #5384, 1000.000000000000000 ) ;
#6033 = CARTESIAN_POINT ( 'NONE',  ( -0.8500000000000001998, 0.2000000000000000944, -0.8499999999999999778 ) ) ;
#6034 = VECTOR ( 'NONE', #5343, 1000.000000000000000 ) ;
#6035 = SURFACE_STYLE_FILL_AREA ( #2104 ) ;
#6036 = CARTESIAN_POINT ( 'NONE',  ( 1.499999999999999112, 0.6472135954999579388, -0.09999999999999971412 ) ) ;
#6037 = CARTESIAN_POINT ( 'NONE',  ( -0.8500000000000001998, -0.000000000000000000, -0.8499999999999999778 ) ) ;
#6038 = EDGE_CURVE ( 'NONE', #3254, #628, #5730, .T. ) ;
#6039 = MANIFOLD_SOLID_BREP ( 'LPattern3[5]', #5723 ) ;
#6040 = AXIS2_PLACEMENT_3D ( 'NONE', #1541, #3532, #2584 ) ;
#6041 = VERTEX_POINT ( 'NONE', #24 ) ;
#6042 = VECTOR ( 'NONE', #5610, 1000.000000000000000 ) ;
#6043 = FACE_OUTER_BOUND ( 'NONE', #1222, .T. ) ;
#6044 = LINE ( 'NONE', #6221, #4903 ) ;
#6045 = ORIENTED_EDGE ( 'NONE', *, *, #1564, .F. ) ;
#6046 = SURFACE_STYLE_USAGE ( .BOTH. , #1528 ) ;
#6047 = SURFACE_STYLE_FILL_AREA ( #3292 ) ;
#6048 = AXIS2_PLACEMENT_3D ( 'NONE', #1792, #5221, #3742 ) ;
#6049 = ORIENTED_EDGE ( 'NONE', *, *, #5979, .T. ) ;
#6050 = PLANE ( 'NONE',  #1958 ) ;
#6051 = EDGE_CURVE ( 'NONE', #5247, #2539, #656, .T. ) ;
#6052 = ORIENTED_EDGE ( 'NONE', *, *, #5352, .F. ) ;
#6053 = PLANE ( 'NONE',  #3331 ) ;
#6054 = ORIENTED_EDGE ( 'NONE', *, *, #3521, .F. ) ;
#6055 = DIRECTION ( 'NONE',  ( -1.000000000000000000, 0.000000000000000000, -2.710505431213761578E-16 ) ) ;
#6056 = DIRECTION ( 'NONE',  ( -0.000000000000000000, 0.000000000000000000, 1.000000000000000000 ) ) ;
#6057 = ORIENTED_EDGE ( 'NONE', *, *, #1429, .F. ) ;
#6058 = EDGE_CURVE ( 'NONE', #491, #5535, #5803, .T. ) ;
#6059 = ORIENTED_EDGE ( 'NONE', *, *, #3642, .T. ) ;
#6060 = VECTOR ( 'NONE', #2695, 1000.000000000000000 ) ;
#6061 = EDGE_LOOP ( 'NONE', ( #551, #4262, #3064, #4147 ) ) ;
#6062 =( NAMED_UNIT ( * ) PLANE_ANGLE_UNIT ( ) SI_UNIT ( $, .RADIAN. ) );
#6063 = CARTESIAN_POINT ( 'NONE',  ( 1.500000000000000444, 0.8999999999999998002, 1.500000000000000000 ) ) ;
#6064 = VERTEX_POINT ( 'NONE', #3018 ) ;
#6065 = DIRECTION ( 'NONE',  ( 0.000000000000000000, -1.000000000000000000, 0.000000000000000000 ) ) ;
#6066 = LINE ( 'NONE', #2808, #1412 ) ;
#6067 = ORIENTED_EDGE ( 'NONE', *, *, #3045, .F. ) ;
#6068 = CARTESIAN_POINT ( 'NONE',  ( -0.6999999999999994005, 0.1999999999999999833, -1.100000000000000089 ) ) ;
#6069 = LINE ( 'NONE', #2207, #3500 ) ;
#6070 = CARTESIAN_POINT ( 'NONE',  ( -1.099999999999999201, 0.000000000000000000, -0.5000000000000000000 ) ) ;
#6071 = SURFACE_STYLE_USAGE ( .BOTH. , #5544 ) ;
#6072 = ADVANCED_FACE ( 'NONE', ( #1597 ), #82, .F. ) ;
#6073 = ORIENTED_EDGE ( 'NONE', *, *, #2508, .F. ) ;
#6074 = CARTESIAN_POINT ( 'NONE',  ( -1.099999999999999201, 0.6472135954999579388, 0.3000000000000001554 ) ) ;
#6075 = ORIENTED_EDGE ( 'NONE', *, *, #1062, .F. ) ;
#6076 = ORIENTED_EDGE ( 'NONE', *, *, #5833, .T. ) ;
#6077 = CARTESIAN_POINT ( 'NONE',  ( 0.8000000000000000444, 0.000000000000000000, 0.000000000000000000 ) ) ;
#6078 = VECTOR ( 'NONE', #4442, 1000.000000000000000 ) ;
#6079 = VERTEX_POINT ( 'NONE', #2607 ) ;
#6080 = VERTEX_POINT ( 'NONE', #4132 ) ;
#6081 = MECHANICAL_DESIGN_GEOMETRIC_PRESENTATION_REPRESENTATION (  '', ( #1309 ), #538 ) ;
#6082 = VECTOR ( 'NONE', #3918, 1000.000000000000000 ) ;
#6083 = EDGE_CURVE ( 'NONE', #389, #1966, #3068, .T. ) ;
#6084 = CARTESIAN_POINT ( 'NONE',  ( 0.9000000000000006883, 0.6472135954999583829, 1.500000000000000000 ) ) ;
#6085 = DIRECTION ( 'NONE',  ( 0.000000000000000000, -1.000000000000000000, 0.000000000000000000 ) ) ;
#6086 = ORIENTED_EDGE ( 'NONE', *, *, #4277, .F. ) ;
#6087 = CARTESIAN_POINT ( 'NONE',  ( 0.8499999999999997558, 0.000000000000000000, 0.8500000000000001998 ) ) ;
#6088 = CARTESIAN_POINT ( 'NONE',  ( -0.8999999999999993561, 0.2000000000000000111, 1.100000000000000533 ) ) ;
#6089 = VECTOR ( 'NONE', #4077, 1000.000000000000000 ) ;
#6090 = VERTEX_POINT ( 'NONE', #2149 ) ;
#6091 = EDGE_CURVE ( 'NONE', #3614, #1627, #1769, .T. ) ;
#6092 = DIRECTION ( 'NONE',  ( 0.000000000000000000, 0.000000000000000000, -1.000000000000000000 ) ) ;
#6093 = DIRECTION ( 'NONE',  ( -0.000000000000000000, -0.000000000000000000, 1.000000000000000000 ) ) ;
#6094 = PLANE ( 'NONE',  #4370 ) ;
#6095 = LINE ( 'NONE', #3164, #412 ) ;
#6096 = VECTOR ( 'NONE', #5837, 1000.000000000000000 ) ;
#6097 = CARTESIAN_POINT ( 'NONE',  ( 0.000000000000000000, 0.05000000000000000278, -1.100000000000000089 ) ) ;
#6098 = CARTESIAN_POINT ( 'NONE',  ( 1.499999999999999112, 0.6472135954999580498, -0.2999999999999998779 ) ) ;
#6099 = ORIENTED_EDGE ( 'NONE', *, *, #3729, .T. ) ;
#6100 = ORIENTED_EDGE ( 'NONE', *, *, #5102, .F. ) ;
#6101 = LINE ( 'NONE', #1044, #6026 ) ;
#6102 = EDGE_CURVE ( 'NONE', #5072, #3735, #1987, .T. ) ;
#6103 = ORIENTED_EDGE ( 'NONE', *, *, #3187, .F. ) ;
#6104 = VERTEX_POINT ( 'NONE', #1669 ) ;
#6105 = CARTESIAN_POINT ( 'NONE',  ( 0.1000000000000006994, 0.2000000000000000111, 1.500000000000000000 ) ) ;
#6106 = PLANE ( 'NONE',  #2336 ) ;
#6107 = ADVANCED_FACE ( 'NONE', ( #4088 ), #3572, .T. ) ;
#6108 = PLANE ( 'NONE',  #6264 ) ;
#6109 = CARTESIAN_POINT ( 'NONE',  ( 0.9000000000000005773, 0.2000000000000000111, -1.100000000000000089 ) ) ;
#6110 = LINE ( 'NONE', #188, #1370 ) ;
#6111 = LINE ( 'NONE', #4285, #3074 ) ;
#6112 = ORIENTED_EDGE ( 'NONE', *, *, #2387, .F. ) ;
#6113 = AXIS2_PLACEMENT_3D ( 'NONE', #3667, #2193, #2147 ) ;
#6114 = LINE ( 'NONE', #344, #5276 ) ;
#6115 = SURFACE_STYLE_FILL_AREA ( #1671 ) ;
#6116 = COLOUR_RGB ( '',0.7921568627450980005, 0.8196078431372548767, 0.9333333333333333481 ) ;
#6117 = DIRECTION ( 'NONE',  ( 1.000000000000000000, -0.000000000000000000, -2.168404344971010446E-15 ) ) ;
#6118 = UNCERTAINTY_MEASURE_WITH_UNIT (LENGTH_MEASURE( 1.000000000000000082E-05 ), #4862, 'distance_accuracy_value', 'NONE');
#6119 = CARTESIAN_POINT ( 'NONE',  ( -1.099999999999999201, 0.000000000000000000, -0.9000000000000000222 ) ) ;
#6121 = CARTESIAN_POINT ( 'NONE',  ( 1.500000000000000444, 0.8999999999999998002, -1.500000000000000000 ) ) ;
#6120 = PRODUCT_DEFINITION_SHAPE ( 'NONE', 'NONE',  #6134 ) ;
#6122 = EDGE_LOOP ( 'NONE', ( #4146, #1984, #5149, #5527 ) ) ;
#6123 = DIRECTION ( 'NONE',  ( -0.000000000000000000, -1.000000000000000000, -0.000000000000000000 ) ) ;
#6124 = COLOUR_RGB ( '',0.7921568627450980005, 0.8196078431372548767, 0.9333333333333333481 ) ;
#6125 = CARTESIAN_POINT ( 'NONE',  ( -1.099999999999999201, 0.000000000000000000, -0.6999999999999998446 ) ) ;
#6126 = VERTEX_POINT ( 'NONE', #6119 ) ;
#6127 = VERTEX_POINT ( 'NONE', #4060 ) ;
#6128 = LINE ( 'NONE', #670, #4519 ) ;
#6129 = ORIENTED_EDGE ( 'NONE', *, *, #6231, .F. ) ;
#6130 = CARTESIAN_POINT ( 'NONE',  ( -1.099999999999999201, 0.1999999999999999833, 0.7000000000000000666 ) ) ;
#6131 = PLANE ( 'NONE',  #3882 ) ;
#6132 = ORIENTED_EDGE ( 'NONE', *, *, #4393, .F. ) ;
#6133 = CARTESIAN_POINT ( 'NONE',  ( 0.5000000000000007772, 0.1999999999999999833, 1.500000000000000000 ) ) ;
#6134 = PRODUCT_DEFINITION ( 'UNKNOWN', '', #5141, #1962 ) ;
#6135 = EDGE_CURVE ( 'NONE', #6312, #5205, #4741, .T. ) ;
#6136 = EDGE_LOOP ( 'NONE', ( #2009, #2190, #1482, #4898 ) ) ;
#6137 = FACE_OUTER_BOUND ( 'NONE', #6061, .T. ) ;
#6138 = ORIENTED_EDGE ( 'NONE', *, *, #5988, .F. ) ;
#6139 = CARTESIAN_POINT ( 'NONE',  ( 1.099999999999999201, 0.6472135954999580498, -0.5000000000000000000 ) ) ;
#6140 = PLANE ( 'NONE',  #769 ) ;
#6141 = ADVANCED_FACE ( 'NONE', ( #2766 ), #6094, .T. ) ;
#6142 = ORIENTED_EDGE ( 'NONE', *, *, #3122, .F. ) ;
#6143 = ORIENTED_EDGE ( 'NONE', *, *, #1644, .T. ) ;
#6144 = PLANE ( 'NONE',  #5492 ) ;
#6145 = LINE ( 'NONE', #710, #2405 ) ;
#6146 = CARTESIAN_POINT ( 'NONE',  ( -0.4999999999999993339, 0.1999999999999999833, 1.100000000000000533 ) ) ;
#6147 = VECTOR ( 'NONE', #5417, 1000.000000000000000 ) ;
#6148 = AXIS2_PLACEMENT_3D ( 'NONE', #1499, #3958, #5950 ) ;
#6149 = CARTESIAN_POINT ( 'NONE',  ( 0.5000000000000004441, 0.2000000000000000111, -1.500000000000000000 ) ) ;
#6150 = CARTESIAN_POINT ( 'NONE',  ( -1.099999999999999201, 0.6472135954999579388, -0.09999999999999993616 ) ) ;
#6151 = ORIENTED_EDGE ( 'NONE', *, *, #4517, .T. ) ;
#6152 = DIRECTION ( 'NONE',  ( 0.000000000000000000, 1.000000000000000000, 0.000000000000000000 ) ) ;
#6153 = FACE_OUTER_BOUND ( 'NONE', #1419, .T. ) ;
#6154 = DIRECTION ( 'NONE',  ( -1.000000000000000000, 0.000000000000000000, 1.445602896647339163E-16 ) ) ;
#6155 = DIRECTION ( 'NONE',  ( 0.000000000000000000, -1.000000000000000000, 0.000000000000000000 ) ) ;
#6156 = VERTEX_POINT ( 'NONE', #5545 ) ;
#6157 = CARTESIAN_POINT ( 'NONE',  ( 0.3000000000000005440, 0.05000000000000000278, 0.000000000000000000 ) ) ;
#6158 = DIRECTION ( 'NONE',  ( -0.000000000000000000, 0.000000000000000000, -1.000000000000000000 ) ) ;
#6159 = AXIS2_PLACEMENT_3D ( 'NONE', #5537, #3481, #5495 ) ;
#6160 = ORIENTED_EDGE ( 'NONE', *, *, #4933, .F. ) ;
#6161 = DIRECTION ( 'NONE',  ( 5.421010862427523156E-16, -0.000000000000000000, 1.000000000000000000 ) ) ;
#6162 = LINE ( 'NONE', #6412, #797 ) ;
#6163 = EDGE_CURVE ( 'NONE', #1011, #1357, #4730, .T. ) ;
#6164 = ORIENTED_EDGE ( 'NONE', *, *, #567, .F. ) ;
#6165 = CARTESIAN_POINT ( 'NONE',  ( -1.499999999999999112, 0.6472135954999579388, 0.3000000000000003775 ) ) ;
#6166 = CLOSED_SHELL ( 'NONE', ( #4521, #3317, #5512, #1356, #4869, #1830 ) ) ;
#6167 = PLANE ( 'NONE',  #1110 ) ;
#6168 = VECTOR ( 'NONE', #6092, 1000.000000000000000 ) ;
#6169 = APPLICATION_CONTEXT ( 'automotive_design' ) ;
#6170 = CARTESIAN_POINT ( 'NONE',  ( -0.2999999999999993228, 0.04999999999999969746, 1.500000000000000000 ) ) ;
#6171 = CARTESIAN_POINT ( 'NONE',  ( 1.099999999999999201, 0.6472135954999579388, 0.3000000000000001554 ) ) ;
#6172 = ORIENTED_EDGE ( 'NONE', *, *, #3798, .F. ) ;
#6173 = LINE ( 'NONE', #1960, #3216 ) ;
#6174 = CARTESIAN_POINT ( 'NONE',  ( 0.1000000000000005884, 0.2000000000000000111, -1.100000000000000089 ) ) ;
#6175 = ORIENTED_EDGE ( 'NONE', *, *, #5686, .F. ) ;
#6176 = EDGE_CURVE ( 'NONE', #4253, #5980, #4882, .T. ) ;
#6177 = DIRECTION ( 'NONE',  ( 0.000000000000000000, 0.000000000000000000, -1.000000000000000000 ) ) ;
#6178 = SURFACE_SIDE_STYLE ('',( #2806 ) ) ;
#6179 = VECTOR ( 'NONE', #4397, 1000.000000000000000 ) ;
#6180 = PLANE ( 'NONE',  #3079 ) ;
#6181 = ORIENTED_EDGE ( 'NONE', *, *, #3871, .F. ) ;
#6182 = ORIENTED_EDGE ( 'NONE', *, *, #5898, .F. ) ;
#6183 = VECTOR ( 'NONE', #754, 1000.000000000000000 ) ;
#6184 = PLANE ( 'NONE',  #1034 ) ;
#6185 = ADVANCED_FACE ( 'NONE', ( #419 ), #2123, .F. ) ;
#6186 = ORIENTED_EDGE ( 'NONE', *, *, #3306, .F. ) ;
#6187 = EDGE_CURVE ( 'NONE', #4278, #3679, #2831, .T. ) ;
#6188 = CARTESIAN_POINT ( 'NONE',  ( 1.099999999999999201, 0.6472135954999580498, -0.5000000000000000000 ) ) ;
#6189 = ORIENTED_EDGE ( 'NONE', *, *, #3768, .F. ) ;
#6190 = DIRECTION ( 'NONE',  ( 1.000000000000000000, -0.000000000000000000, 0.000000000000000000 ) ) ;
#6191 = CARTESIAN_POINT ( 'NONE',  ( -1.099999999999999201, 0.6472135954999579388, -0.09999999999999993616 ) ) ;
#6192 = VECTOR ( 'NONE', #5494, 1000.000000000000000 ) ;
#6193 = ORIENTED_EDGE ( 'NONE', *, *, #1943, .T. ) ;
#6194 = DIRECTION ( 'NONE',  ( 0.000000000000000000, -0.000000000000000000, 1.000000000000000000 ) ) ;
#6195 = PRESENTATION_LAYER_ASSIGNMENT (  '', '', ( #3868 ) ) ;
#6196 = LINE ( 'NONE', #1115, #5347 ) ;
#6197 = FACE_OUTER_BOUND ( 'NONE', #5234, .T. ) ;
#6198 = EDGE_CURVE ( 'NONE', #3369, #198, #1284, .T. ) ;
#6199 = DIRECTION ( 'NONE',  ( 0.000000000000000000, -1.000000000000000000, 0.000000000000000000 ) ) ;
#6200 = DIRECTION ( 'NONE',  ( 0.000000000000000000, 0.000000000000000000, -1.000000000000000000 ) ) ;
#6201 = VERTEX_POINT ( 'NONE', #1601 ) ;
#6202 = DIRECTION ( 'NONE',  ( -1.000000000000000000, 0.000000000000000000, 2.168404344971010446E-15 ) ) ;
#6203 = DIRECTION ( 'NONE',  ( -1.000000000000000000, 0.000000000000000000, -0.000000000000000000 ) ) ;
#6204 = FACE_OUTER_BOUND ( 'NONE', #2782, .T. ) ;
#6205 = VECTOR ( 'NONE', #3805, 1000.000000000000000 ) ;
#6206 = DIRECTION ( 'NONE',  ( 0.000000000000000000, 0.000000000000000000, -1.000000000000000000 ) ) ;
#6207 = DIRECTION ( 'NONE',  ( 1.000000000000000000, 0.000000000000000000, -5.421010862427523156E-16 ) ) ;
#6208 = AXIS2_PLACEMENT_3D ( 'NONE', #3713, #5736, #727 ) ;
#6209 = EDGE_LOOP ( 'NONE', ( #3356, #994, #6381, #4086 ) ) ;
#6210 = CARTESIAN_POINT ( 'NONE',  ( 0.7000000000000007327, 0.2000000000000000111, 1.100000000000000533 ) ) ;
#6211 = LINE ( 'NONE', #1025, #1464 ) ;
#6212 = DIRECTION ( 'NONE',  ( -2.710505431213761578E-16, 0.000000000000000000, -1.000000000000000000 ) ) ;
#6213 = CARTESIAN_POINT ( 'NONE',  ( 1.099999999999999201, 0.6472135954999580498, -0.2999999999999998779 ) ) ;
#6214 = PRESENTATION_STYLE_ASSIGNMENT (( #2799 ) ) ;
#6215 = CARTESIAN_POINT ( 'NONE',  ( 0.9000000000000007994, 0.000000000000000000, 1.100000000000000089 ) ) ;
#6216 = CARTESIAN_POINT ( 'NONE',  ( 0.000000000000000000, 0.2000000000000000111, 0.000000000000000000 ) ) ;
#6217 = DIRECTION ( 'NONE',  ( 0.000000000000000000, -0.000000000000000000, 1.000000000000000000 ) ) ;
#6218 = ORIENTED_EDGE ( 'NONE', *, *, #2429, .T. ) ;
#6219 = AXIS2_PLACEMENT_3D ( 'NONE', #2151, #643, #1144 ) ;
#6220 = ORIENTED_EDGE ( 'NONE', *, *, #1331, .F. ) ;
#6221 = CARTESIAN_POINT ( 'NONE',  ( 1.099999999999999201, 0.6472135954999579388, 0.9000000000000002442 ) ) ;
#6222 = EDGE_CURVE ( 'NONE', #5679, #5623, #1438, .T. ) ;
#6223 = ADVANCED_FACE ( 'NONE', ( #5335 ), #5084, .F. ) ;
#6224 = ORIENTED_EDGE ( 'NONE', *, *, #2717, .T. ) ;
#6225 = CARTESIAN_POINT ( 'NONE',  ( -1.499999999999999556, 0.05000000000000000278, 1.500000000000000444 ) ) ;
#6226 = ORIENTED_EDGE ( 'NONE', *, *, #276, .F. ) ;
#6227 = DIRECTION ( 'NONE',  ( 1.000000000000000000, 0.000000000000000000, -0.000000000000000000 ) ) ;
#6228 = VECTOR ( 'NONE', #4268, 1000.000000000000000 ) ;
#6229 = FILL_AREA_STYLE_COLOUR ( '', #1828 ) ;
#6230 = PLANE ( 'NONE',  #2902 ) ;
#6231 = EDGE_CURVE ( 'NONE', #3687, #5581, #3228, .T. ) ;
#6232 = EDGE_LOOP ( 'NONE', ( #637, #552, #5050, #4041 ) ) ;
#6233 = CARTESIAN_POINT ( 'NONE',  ( 0.000000000000000000, 0.2000000000000000111, 0.000000000000000000 ) ) ;
#6234 = LINE ( 'NONE', #4343, #3106 ) ;
#6235 = EDGE_CURVE ( 'NONE', #6126, #1442, #4265, .T. ) ;
#6236 = DIRECTION ( 'NONE',  ( -1.000000000000000000, 0.000000000000000000, 0.000000000000000000 ) ) ;
#6237 = DIRECTION ( 'NONE',  ( 0.000000000000000000, -1.000000000000000000, 0.000000000000000000 ) ) ;
#6238 = ORIENTED_EDGE ( 'NONE', *, *, #191, .F. ) ;
#6239 = LINE ( 'NONE', #2099, #1963 ) ;
#6240 = CARTESIAN_POINT ( 'NONE',  ( 0.5000000000000006661, 0.1999999999999999833, -1.100000000000000089 ) ) ;
#6241 = ORIENTED_EDGE ( 'NONE', *, *, #4341, .F. ) ;
#6242 = ORIENTED_EDGE ( 'NONE', *, *, #784, .T. ) ;
#6243 = ORIENTED_EDGE ( 'NONE', *, *, #1715, .T. ) ;
#6244 = FACE_OUTER_BOUND ( 'NONE', #1736, .T. ) ;
#6245 = CARTESIAN_POINT ( 'NONE',  ( -0.6999999999999992895, 0.6472135954999583829, 1.500000000000000000 ) ) ;
#6246 = EDGE_LOOP ( 'NONE', ( #3308, #2155, #3353, #332 ) ) ;
#6247 = ORIENTED_EDGE ( 'NONE', *, *, #6091, .F. ) ;
#6248 = DIRECTION ( 'NONE',  ( 0.000000000000000000, -1.000000000000000000, 0.000000000000000000 ) ) ;
#6249 = CARTESIAN_POINT ( 'NONE',  ( -0.8999999999999995781, 0.2000000000000000111, -1.500000000000000000 ) ) ;
#6250 = DIRECTION ( 'NONE',  ( 0.000000000000000000, 0.000000000000000000, 1.000000000000000000 ) ) ;
#6251 = ADVANCED_FACE ( 'NONE', ( #3775 ), #6140, .F. ) ;
#6252 = ORIENTED_EDGE ( 'NONE', *, *, #2780, .T. ) ;
#6253 = EDGE_CURVE ( 'NONE', #5026, #2327, #1365, .T. ) ;
#6254 = DIRECTION ( 'NONE',  ( 0.000000000000000000, 0.000000000000000000, 1.000000000000000000 ) ) ;
#6255 = FACE_OUTER_BOUND ( 'NONE', #5291, .T. ) ;
#6256 = CARTESIAN_POINT ( 'NONE',  ( -1.099999999999999201, 0.6472135954999579388, -0.6999999999999998446 ) ) ;
#6257 = DIRECTION ( 'NONE',  ( 2.168404344971008079E-15, 0.000000000000000000, 1.000000000000000000 ) ) ;
#6258 = DIRECTION ( 'NONE',  ( -0.000000000000000000, 0.000000000000000000, -1.000000000000000000 ) ) ;
#6259 = CARTESIAN_POINT ( 'NONE',  ( -1.099999999999999201, 0.6472135954999579388, 0.7000000000000000666 ) ) ;
#6260 = ORIENTED_EDGE ( 'NONE', *, *, #4955, .F. ) ;
#6261 = VECTOR ( 'NONE', #3233, 1000.000000000000000 ) ;
#6262 = VECTOR ( 'NONE', #1379, 1000.000000000000000 ) ;
#6263 = ORIENTED_EDGE ( 'NONE', *, *, #931, .F. ) ;
#6264 = AXIS2_PLACEMENT_3D ( 'NONE', #177, #2208, #244 ) ;
#6265 = VERTEX_POINT ( 'NONE', #4782 ) ;
#6266 = EDGE_CURVE ( 'NONE', #4225, #2237, #2223, .T. ) ;
#6267 = CARTESIAN_POINT ( 'NONE',  ( -1.099999999999999201, 0.1999999999999999833, 0.1000000000000001582 ) ) ;
#6268 = FACE_OUTER_BOUND ( 'NONE', #1845, .T. ) ;
#6269 = LINE ( 'NONE', #2034, #1048 ) ;
#6270 = ORIENTED_EDGE ( 'NONE', *, *, #4141, .T. ) ;
#6271 = FACE_OUTER_BOUND ( 'NONE', #1806, .T. ) ;
#6272 = FACE_OUTER_BOUND ( 'NONE', #1939, .T. ) ;
#6273 = EDGE_CURVE ( 'NONE', #4478, #6080, #3530, .T. ) ;
#6274 = CARTESIAN_POINT ( 'NONE',  ( -1.099999999999999201, 0.000000000000000000, -0.6999999999999998446 ) ) ;
#6275 = CARTESIAN_POINT ( 'NONE',  ( 0.000000000000000000, 0.000000000000000000, 0.000000000000000000 ) ) ;
#6276 = SURFACE_STYLE_USAGE ( .BOTH. , #5824 ) ;
#6277 = ORIENTED_EDGE ( 'NONE', *, *, #6437, .T. ) ;
#6279 = DIRECTION ( 'NONE',  ( -0.000000000000000000, -0.000000000000000000, 1.000000000000000000 ) ) ;
#6278 = CARTESIAN_POINT ( 'NONE',  ( -0.8500000000000001998, 2.604163056034261903, -0.8499999999999999778 ) ) ;
#6280 = FACE_OUTER_BOUND ( 'NONE', #3851, .T. ) ;
#6281 = DIRECTION ( 'NONE',  ( 0.000000000000000000, -1.000000000000000000, 0.000000000000000000 ) ) ;
#6282 = EDGE_LOOP ( 'NONE', ( #4841, #1991, #3828, #6295 ) ) ;
#6283 = ADVANCED_FACE ( 'NONE', ( #2908 ), #1234, .T. ) ;
#6284 = FACE_OUTER_BOUND ( 'NONE', #967, .T. ) ;
#6285 = CARTESIAN_POINT ( 'NONE',  ( 0.9000000000000006883, 0.04999999999999969746, 1.500000000000000000 ) ) ;
#6286 = PLANE ( 'NONE',  #6415 ) ;
#6287 = ORIENTED_EDGE ( 'NONE', *, *, #2231, .T. ) ;
#6288 = SURFACE_STYLE_USAGE ( .BOTH. , #5314 ) ;
#6289 = LINE ( 'NONE', #4223, #771 ) ;
#6290 = ORIENTED_EDGE ( 'NONE', *, *, #2803, .F. ) ;
#6291 = AXIS2_PLACEMENT_3D ( 'NONE', #692, #1269, #1197 ) ;
#6292 = ORIENTED_EDGE ( 'NONE', *, *, #4916, .T. ) ;
#6293 = DIRECTION ( 'NONE',  ( -2.710505431213761578E-16, 0.000000000000000000, 1.000000000000000000 ) ) ;
#6294 = SURFACE_STYLE_USAGE ( .BOTH. , #5218 ) ;
#6295 = ORIENTED_EDGE ( 'NONE', *, *, #855, .T. ) ;
#6296 = CARTESIAN_POINT ( 'NONE',  ( 1.500000000000000444, 6.042640687119285481, 1.500000000000000000 ) ) ;
#6297 = DIRECTION ( 'NONE',  ( -1.000000000000000000, 0.000000000000000000, 5.421010862427523156E-16 ) ) ;
#6298 = LINE ( 'NONE', #3941, #2629 ) ;
#6299 = ORIENTED_EDGE ( 'NONE', *, *, #4749, .T. ) ;
#6300 = AXIS2_PLACEMENT_3D ( 'NONE', #1623, #1164, #5150 ) ;
#6301 = CARTESIAN_POINT ( 'NONE',  ( -0.4999999999999993339, 0.6472135954999583829, 1.100000000000000533 ) ) ;
#6302 = EDGE_CURVE ( 'NONE', #1502, #4707, #898, .T. ) ;
#6303 = ORIENTED_EDGE ( 'NONE', *, *, #2330, .F. ) ;
#6304 = EDGE_LOOP ( 'NONE', ( #4549, #346, #2103, #1759 ) ) ;
#6305 = LINE ( 'NONE', #5153, #1559 ) ;
#6306 = FACE_OUTER_BOUND ( 'NONE', #2067, .T. ) ;
#6307 = PLANE ( 'NONE',  #664 ) ;
#6308 = ORIENTED_EDGE ( 'NONE', *, *, #6222, .T. ) ;
#6309 = LINE ( 'NONE', #422, #4613 ) ;
#6310 = CARTESIAN_POINT ( 'NONE',  ( 0.000000000000000000, 0.2000000000000000111, 0.000000000000000000 ) ) ;
#6311 = EDGE_CURVE ( 'NONE', #478, #3057, #1588, .T. ) ;
#6312 = VERTEX_POINT ( 'NONE', #1695 ) ;
#6313 = ADVANCED_FACE ( 'NONE', ( #2679 ), #1766, .F. ) ;
#6314 = ORIENTED_EDGE ( 'NONE', *, *, #3923, .T. ) ;
#6315 = EDGE_CURVE ( 'NONE', #81, #3560, #3383, .T. ) ;
#6316 = DIRECTION ( 'NONE',  ( -2.710505431213761578E-16, 0.000000000000000000, -1.000000000000000000 ) ) ;
#6317 = VECTOR ( 'NONE', #2954, 1000.000000000000000 ) ;
#6318 = CARTESIAN_POINT ( 'NONE',  ( 1.499999999999999112, 0.04999999999999969746, 0.1000000000000001582 ) ) ;
#6319 = DIRECTION ( 'NONE',  ( -1.000000000000000000, 0.000000000000000000, 0.000000000000000000 ) ) ;
#6320 = VERTEX_POINT ( 'NONE', #2194 ) ;
#6321 = VERTEX_POINT ( 'NONE', #3669 ) ;
#6322 = EDGE_CURVE ( 'NONE', #1075, #4129, #3603, .T. ) ;
#6323 = VECTOR ( 'NONE', #5571, 1000.000000000000000 ) ;
#6324 = UNCERTAINTY_MEASURE_WITH_UNIT (LENGTH_MEASURE( 1.000000000000000082E-05 ), #90, 'distance_accuracy_value', 'NONE');
#6325 = CARTESIAN_POINT ( 'NONE',  ( -0.6999999999999994005, 0.2000000000000000111, -1.100000000000000089 ) ) ;
#6326 = ORIENTED_EDGE ( 'NONE', *, *, #5231, .T. ) ;
#6327 = CARTESIAN_POINT ( 'NONE',  ( -0.2999999999999996558, 0.6472135954999583829, -1.500000000000000000 ) ) ;
#6328 = AXIS2_PLACEMENT_3D ( 'NONE', #5902, #6431, #2007 ) ;
#6329 = CARTESIAN_POINT ( 'NONE',  ( -0.6999999999999992895, 0.6472135954999583829, 1.100000000000000089 ) ) ;
#6330 = ORIENTED_EDGE ( 'NONE', *, *, #1596, .F. ) ;
#6331 = LINE ( 'NONE', #1315, #187 ) ;
#6332 = CARTESIAN_POINT ( 'NONE',  ( 0.9000000000000007994, 0.2000000000000000111, 1.100000000000000089 ) ) ;
#6333 = EDGE_LOOP ( 'NONE', ( #2742, #4920, #546, #2398 ) ) ;
#6334 = DIRECTION ( 'NONE',  ( 1.000000000000000000, 0.000000000000000000, -2.710505431213761578E-16 ) ) ;
#6335 = VERTEX_POINT ( 'NONE', #6170 ) ;
#6336 = AXIS2_PLACEMENT_3D ( 'NONE', #3701, #6152, #1287 ) ;
#6337 = CARTESIAN_POINT ( 'NONE',  ( -0.09999999999999928391, 0.2000000000000000111, 1.100000000000000533 ) ) ;
#6338 = CARTESIAN_POINT ( 'NONE',  ( 0.9000000000000007994, 0.000000000000000000, 1.100000000000000089 ) ) ;
#6339 = CARTESIAN_POINT ( 'NONE',  ( -1.099999999999999201, 0.1999999999999999833, -0.2999999999999998779 ) ) ;
#6340 = LINE ( 'NONE', #1132, #568 ) ;
#6341 = EDGE_LOOP ( 'NONE', ( #1095, #3365, #4837, #4996 ) ) ;
#6342 = ORIENTED_EDGE ( 'NONE', *, *, #5235, .T. ) ;
#6343 = PLANE ( 'NONE',  #4118 ) ;
#6344 = CARTESIAN_POINT ( 'NONE',  ( 1.099999999999999201, 0.000000000000000000, 0.1000000000000001582 ) ) ;
#6345 = ADVANCED_FACE ( 'NONE', ( #4952 ), #707, .F. ) ;
#6346 = VECTOR ( 'NONE', #3522, 1000.000000000000000 ) ;
#6347 = DIRECTION ( 'NONE',  ( -1.000000000000000000, 0.000000000000000000, -0.000000000000000000 ) ) ;
#6348 = EDGE_CURVE ( 'NONE', #5639, #4007, #1760, .T. ) ;
#6349 = VERTEX_POINT ( 'NONE', #1722 ) ;
#6350 = SURFACE_STYLE_FILL_AREA ( #5228 ) ;
#6351 = VERTEX_POINT ( 'NONE', #5219 ) ;
#6352 = DIRECTION ( 'NONE',  ( -0.000000000000000000, 0.000000000000000000, 1.000000000000000000 ) ) ;
#6353 = COLOUR_RGB ( '',0.7921568627450980005, 0.8196078431372548767, 0.9333333333333333481 ) ;
#6354 = EDGE_CURVE ( 'NONE', #2775, #2910, #5404, .T. ) ;
#6355 = DIRECTION ( 'NONE',  ( 2.710505431213761578E-16, 0.000000000000000000, 1.000000000000000000 ) ) ;
#6356 = FACE_OUTER_BOUND ( 'NONE', #5882, .T. ) ;
#6357 = PRESENTATION_STYLE_ASSIGNMENT (( #4846 ) ) ;
#6358 = PLANE ( 'NONE',  #606 ) ;
#6359 = DIRECTION ( 'NONE',  ( 0.000000000000000000, 0.000000000000000000, -1.000000000000000000 ) ) ;
#6360 = VERTEX_POINT ( 'NONE', #6215 ) ;
#6361 = DIRECTION ( 'NONE',  ( 1.000000000000000000, 0.000000000000000000, -0.000000000000000000 ) ) ;
#6362 = SURFACE_STYLE_FILL_AREA ( #5721 ) ;
#6363 = PLANE ( 'NONE',  #4229 ) ;
#6364 = AXIS2_PLACEMENT_3D ( 'NONE', #3502, #1533, #5565 ) ;
#6365 = CARTESIAN_POINT ( 'NONE',  ( 0.000000000000000000, 0.000000000000000000, 0.4000000000000000222 ) ) ;
#6366 = ORIENTED_EDGE ( 'NONE', *, *, #5686, .T. ) ;
#6367 = PLANE ( 'NONE',  #5485 ) ;
#6368 = ORIENTED_EDGE ( 'NONE', *, *, #4295, .F. ) ;
#6369 = EDGE_CURVE ( 'NONE', #5366, #5145, #2757, .T. ) ;
#6370 = CARTESIAN_POINT ( 'NONE',  ( 0.7000000000000007327, 0.1999999999999999833, 1.100000000000000533 ) ) ;
#6371 = ORIENTED_EDGE ( 'NONE', *, *, #4161, .T. ) ;
#6372 = EDGE_CURVE ( 'NONE', #5994, #4858, #1913, .T. ) ;
#6373 = AXIS2_PLACEMENT_3D ( 'NONE', #2225, #6155, #1681 ) ;
#6374 = ORIENTED_EDGE ( 'NONE', *, *, #4371, .T. ) ;
#6375 = DIRECTION ( 'NONE',  ( 0.000000000000000000, 0.000000000000000000, -1.000000000000000000 ) ) ;
#6376 = ADVANCED_FACE ( 'NONE', ( #1679 ), #489, .F. ) ;
#6377 = FACE_OUTER_BOUND ( 'NONE', #4616, .T. ) ;
#6378 = LINE ( 'NONE', #5669, #2870 ) ;
#6379 = DIRECTION ( 'NONE',  ( 0.000000000000000000, -0.000000000000000000, 1.000000000000000000 ) ) ;
#6380 =( NAMED_UNIT ( * ) PLANE_ANGLE_UNIT ( ) SI_UNIT ( $, .RADIAN. ) );
#6381 = ORIENTED_EDGE ( 'NONE', *, *, #677, .T. ) ;
#6382 = CARTESIAN_POINT ( 'NONE',  ( 0.9000000000000005773, 0.2000000000000000111, -1.100000000000000089 ) ) ;
#6383 = VECTOR ( 'NONE', #4302, 1000.000000000000000 ) ;
#6384 = AXIS2_PLACEMENT_3D ( 'NONE', #4234, #2730, #2751 ) ;
#6385 = PLANE ( 'NONE',  #2328 ) ;
#6386 = EDGE_CURVE ( 'NONE', #1971, #16, #274, .T. ) ;
#6387 = PLANE ( 'NONE',  #3791 ) ;
#6388 = ORIENTED_EDGE ( 'NONE', *, *, #784, .F. ) ;
#6389 = VECTOR ( 'NONE', #1735, 1000.000000000000000 ) ;
#6390 = ORIENTED_EDGE ( 'NONE', *, *, #687, .F. ) ;
#6391 = VERTEX_POINT ( 'NONE', #952 ) ;
#6392 = VERTEX_POINT ( 'NONE', #4891 ) ;
#6393 = EDGE_CURVE ( 'NONE', #106, #3190, #1517, .T. ) ;
#6394 = LINE ( 'NONE', #2059, #6005 ) ;
#6395 = ORIENTED_EDGE ( 'NONE', *, *, #1009, .F. ) ;
#6396 = VECTOR ( 'NONE', #5756, 1000.000000000000000 ) ;
#6397 = CARTESIAN_POINT ( 'NONE',  ( -0.2999999999999994338, 0.6472135954999583829, -1.100000000000000089 ) ) ;
#6398 = MANIFOLD_SOLID_BREP ( 'Boss-Extrude3[2]', #2024 ) ;
#6399 = DIRECTION ( 'NONE',  ( -1.000000000000000000, 0.000000000000000000, -0.000000000000000000 ) ) ;
#6400 = PRESENTATION_LAYER_ASSIGNMENT (  '', '', ( #5326 ) ) ;
#6401 = ORIENTED_EDGE ( 'NONE', *, *, #6176, .F. ) ;
#6402 = ADVANCED_FACE ( 'NONE', ( #4416 ), #4059, .F. ) ;
#6403 = DIRECTION ( 'NONE',  ( -1.000000000000000000, 0.000000000000000000, -5.421010862427523156E-16 ) ) ;
#6404 = VERTEX_POINT ( 'NONE', #111 ) ;
#6405 = AXIS2_PLACEMENT_3D ( 'NONE', #5935, #453, #3961 ) ;
#6406 = PRESENTATION_STYLE_ASSIGNMENT (( #6071 ) ) ;
#6407 = VECTOR ( 'NONE', #4328, 1000.000000000000000 ) ;
#6408 = ORIENTED_EDGE ( 'NONE', *, *, #117, .F. ) ;
#6409 = DIRECTION ( 'NONE',  ( 5.421010862427523156E-16, 0.000000000000000000, 1.000000000000000000 ) ) ;
#6410 = ORIENTED_EDGE ( 'NONE', *, *, #4822, .T. ) ;
#6411 = PLANE ( 'NONE',  #4044 ) ;
#6412 = CARTESIAN_POINT ( 'NONE',  ( 1.500000000000000444, 0.05000000000000000278, 1.500000000000000000 ) ) ;
#6413 = LINE ( 'NONE', #1000, #5554 ) ;
#6414 = FACE_OUTER_BOUND ( 'NONE', #1431, .T. ) ;
#6415 = AXIS2_PLACEMENT_3D ( 'NONE', #3310, #290, #788 ) ;
#6416 = VERTEX_POINT ( 'NONE', #3616 ) ;
#6417 = EDGE_CURVE ( 'NONE', #4444, #1502, #3931, .T. ) ;
#6418 = ADVANCED_FACE ( 'NONE', ( #3055 ), #3593, .F. ) ;
#6419 = LINE ( 'NONE', #2326, #2778 ) ;
#6420 =( LENGTH_UNIT ( ) NAMED_UNIT ( * ) SI_UNIT ( .MILLI., .METRE. ) );
#6421 = LINE ( 'NONE', #605, #202 ) ;
#6422 = VECTOR ( 'NONE', #1696, 1000.000000000000000 ) ;
#6423 = ORIENTED_EDGE ( 'NONE', *, *, #3830, .T. ) ;
#6424 = VECTOR ( 'NONE', #36, 1000.000000000000000 ) ;
#6425 = LINE ( 'NONE', #211, #3470 ) ;
#6426 = CARTESIAN_POINT ( 'NONE',  ( -0.6999999999999992895, 0.2000000000000000111, 1.100000000000000089 ) ) ;
#6427 = EDGE_CURVE ( 'NONE', #1540, #5679, #2136, .T. ) ;
#6428 = ORIENTED_EDGE ( 'NONE', *, *, #249, .F. ) ;
#6429 = VECTOR ( 'NONE', #5333, 1000.000000000000000 ) ;
#6430 = DIRECTION ( 'NONE',  ( -1.000000000000000000, 0.000000000000000000, 0.000000000000000000 ) ) ;
#6431 = DIRECTION ( 'NONE',  ( 0.000000000000000000, -1.000000000000000000, 0.000000000000000000 ) ) ;
#6432 = ADVANCED_FACE ( 'NONE', ( #4169 ), #2708, .F. ) ;
#6433 = ORIENTED_EDGE ( 'NONE', *, *, #2370, .T. ) ;
#6434 = PLANE ( 'NONE',  #4914 ) ;
#6435 = EDGE_CURVE ( 'NONE', #2912, #4573, #6095, .T. ) ;
#6436 = PRESENTATION_STYLE_ASSIGNMENT (( #5927 ) ) ;
#6437 = EDGE_CURVE ( 'NONE', #2141, #5590, #1839, .T. ) ;
#6438 = VERTEX_POINT ( 'NONE', #185 ) ;
#6439 = DIRECTION ( 'NONE',  ( 0.000000000000000000, 0.000000000000000000, -1.000000000000000000 ) ) ;
#6440 = EDGE_LOOP ( 'NONE', ( #30, #2076, #653, #1068 ) ) ;
#6441 = CARTESIAN_POINT ( 'NONE',  ( -0.8500000000000001998, 0.2000000000000000944, 0.8499999999999999778 ) ) ;
#6442 = DIRECTION ( 'NONE',  ( -1.000000000000000000, 0.000000000000000000, 2.168404344971008079E-15 ) ) ;
#6443 = ORIENTED_EDGE ( 'NONE', *, *, #1931, .T. ) ;
#6444 = AXIS2_PLACEMENT_3D ( 'NONE', #4656, #5163, #4629 ) ;
#6445 = LINE ( 'NONE', #1898, #2476 ) ;
#6446 = ORIENTED_EDGE ( 'NONE', *, *, #3454, .T. ) ;
#6447 = ORIENTED_EDGE ( 'NONE', *, *, #5144, .F. ) ;
#6448 = FACE_OUTER_BOUND ( 'NONE', #4992, .T. ) ;
#6449 = VECTOR ( 'NONE', #2966, 1000.000000000000000 ) ;
ENDSEC;
END-ISO-10303-21;
